Дата проверки,Основная категория,Категории совпадения,Регион,Название,Тип,Ссылка,Username / invite,Подписчики/участники,Комментарии открыты,Можно публиковать бесплатно,Условия публикации,Контакты администратора,Активность канала/чата,Последняя активность,Описание,Источник данных,TGStat/каталог карточка,Source URL(s),Поисковые запросы
2026-07-05,Авторынки Москвы,Авторынки Москвы; Чаты купли-продажи,Москва / Московская область,АВТОРЫНОК МОСКВА,чат/группа,https://t.me/avtorynok_moskva,avtorynok_moskva,48411,"да, это чат/группа",неизвестно,В открытой web-карточке условия публикации не указаны.,не указаны в web-карточке,средний/высокий размер аудитории; фактическая активность постов/онлайн не проверена web-источником,не удалось проверить без Telegram API / просмотра t.me/s,"Группа ""Авторыночк Москва"" предназначена для покупки и продажи автомобилей. В группе имеются правила и контакт для рекламы.",tg-cat public search,https://tg-cat.com/@avtorynok_moskva,https://tg-cat.com/?search=%D0%B0%D0%B2%D1%82%D0%BE%D1%80%D1%8B%D0%BD%D0%BE%D0%BA%20%D0%BC%D0%BE%D1%81%D0%BA%D0%B2%D0%B0&type=supergroup&lang=en; https://tg-cat.com/?search=%D0%B0%D0%B2%D1%82%D0%BE%D1%80%D1%8B%D0%BD%D0%BE%D0%BA&type=supergroup&lang=en,авторынок; авторынок москва
2026-07-05,Авторынки Москвы,Авторынки Москвы; Чаты купли-продажи,Москва / Московская область,🇷🇺АВТОРЫНОК МОСКВЫ / И - СПБ РФ 🇷🇺 ️,чат/группа,https://t.me/avto999999555,avto999999555,46602,"да, это чат/группа",неизвестно,В открытой web-карточке условия публикации не указаны.,не указаны в web-карточке,средний/высокий размер аудитории; фактическая активность постов/онлайн не проверена web-источником,не удалось проверить без Telegram API / просмотра t.me/s,"🚗✨ Ищете автомобиль в Москве или по всей России? Присоединяйтесь к нашему авторынку! Объявления с маркой, моделью, годом выпуска, ценой и другой важной информацией. Не упустите шанс найти идеальный автомобиль! Все",tg-cat public search,https://tg-cat.com/@avto999999555,https://tg-cat.com/?search=%D0%B0%D0%B2%D1%82%D0%BE%D1%80%D1%8B%D0%BD%D0%BE%D0%BA%20%D0%BC%D0%BE%D1%81%D0%BA%D0%B2%D0%B0&type=supergroup&lang=en,авторынок москва
2026-07-05,Авторынки Москвы,Авторынки Москвы; Обмен автомобилей; Чаты купли-продажи,Москва / Московская область,Авторынок Москва,чат/группа,https://t.me/moscow_autotrade,moscow_autotrade,42746,"да, это чат/группа",неизвестно,В открытой web-карточке условия публикации не указаны.,не указаны в web-карточке,средний/высокий размер аудитории; фактическая активность постов/онлайн не проверена web-источником,не удалось проверить без Telegram API / просмотра t.me/s,"Добро пожаловать на авторынок Москвы! Здесь вы найдете идеальное место для покупки, продажи и обмена автомобилей. Наша онлайн площадка предлагает широкий выбор легковых и коммерческих автомобилей для всех желающих. Устали от скучных объявлений? Мы сделали процесс простым и ув",tg-cat public search,https://tg-cat.com/@moscow_autotrade,https://tg-cat.com/?search=%D0%B0%D0%B2%D1%82%D0%BE%D1%80%D1%8B%D0%BD%D0%BE%D0%BA%20%D0%BC%D0%BE%D1%81%D0%BA%D0%B2%D0%B0&type=supergroup&lang=en; https://tg-cat.com/?search=%D0%B0%D0%B2%D1%82%D0%BE%D1%80%D1%8B%D0%BD%D0%BE%D0%BA&type=supergroup&lang=en; https://tg-cat.com/?search=%D0%BE%D0%B1%D0%BC%D0%B5%D0%BD%20%D0%B0%D0%B2%D1%82%D0%BE%D0%BC%D0%BE%D0%B1%D0%B8%D0%BB%D0%B5%D0%B9&type=supergroup&lang=en; https://tg-cat.com/?search=%D0%BE%D0%B1%D0%BC%D0%B5%D0%BD%20%D0%B0%D0%B2%D1%82%D0%BE&type=supergroup&lang=en,авторынок; авторынок москва; обмен авто; обмен автомобилей
2026-07-05,Авторынки Москвы,Авторынки Москвы; Чаты купли-продажи,Москва / Московская область,Авторынок Москва,канал,https://t.me/mashiny_v_moskve,mashiny_v_moskve,28995,не удалось проверить web-источником,неизвестно,В открытой web-карточке условия публикации не указаны.,@global_managerEU,средний/высокий размер аудитории; фактическая активность постов/онлайн не проверена web-источником,не удалось проверить без Telegram API / просмотра t.me/s,"Добро пожаловать на канал ""Авторынок Москва""! Здесь вы найдете свежие вакансии и яркие объявления о продаже автомобилей. Хотите разместить свою рекламу или вакансию? Пишите нам @global_managerEU с 08:00 до 20:00 МСК – мы",tg-cat public search,https://tg-cat.com/@mashiny_v_moskve,https://tg-cat.com/?search=%D0%B0%D0%B2%D1%82%D0%BE%D1%80%D1%8B%D0%BD%D0%BE%D0%BA%20%D0%BC%D0%BE%D1%81%D0%BA%D0%B2%D0%B0&type=channel&lang=en; https://tg-cat.com/?search=%D0%B0%D0%B2%D1%82%D0%BE%D1%80%D1%8B%D0%BD%D0%BE%D0%BA&type=channel&lang=en,авторынок; авторынок москва
2026-07-05,Авторынки Москвы,Авторынки Москвы,Москва / Московская область,"АвтоБазар Москва, Питер",канал,https://t.me/joinchat/Jy4rNI7bVFVlZjg6,joinchat/Jy4rNI7bVFVlZjg6,19343,не удалось проверить web-источником,по согласованию / неясно,"Есть контакт/упоминание размещения, но бесплатность не подтверждена.",@managAv,средний/высокий размер аудитории; фактическая активность постов/онлайн не проверена web-источником,не удалось проверить без Telegram API / просмотра t.me/s,"🚗 Добро пожаловать на АвтоБазар Москва и Питер! Здесь вы найдёте лучшие цены на автомобили в столице и северной столице. Хотите продать свой авто? Размещайте объявления легко и быстро, связавшись с нашим менеджером @managAv",tg-cat public search,https://tg-cat.com/@joinchat/Jy4rNI7bVFVlZjg6,https://tg-cat.com/?search=%D0%B0%D0%B2%D1%82%D0%BE%20%D0%BC%D0%BE%D1%81%D0%BA%D0%B2%D0%B0&type=channel&lang=en,авто москва
2026-07-05,Авторынки Москвы,Авторынки Москвы; Чаты купли-продажи,Москва / Московская область,Авто рынок Москва,чат/группа,https://t.me/avtorynok_chat,avtorynok_chat,12499,"да, это чат/группа",неизвестно,В открытой web-карточке условия публикации не указаны.,не указаны в web-карточке,средний/высокий размер аудитории; фактическая активность постов/онлайн не проверена web-источником,не удалось проверить без Telegram API / просмотра t.me/s,"🌟 Добро пожаловать в сообщество ""Авто рынок Москва""! 🚗 Здесь вы найдете лучшие предложения по продаже автомобилей в Москве и Подмосковье. Мы собираем только самые свежие и реальные объявления от владельцев, чтобы помочь вам сделать правильный выбор. Наши",tg-cat public search,https://tg-cat.com/@avtorynok_chat,https://tg-cat.com/?search=%D0%B0%D0%B2%D1%82%D0%BE%20%D0%BC%D0%BE%D1%81%D0%BA%D0%B2%D0%B0&type=supergroup&lang=en; https://tg-cat.com/?search=%D0%B0%D0%B2%D1%82%D0%BE%20%D1%80%D1%8B%D0%BD%D0%BE%D0%BA%20%D0%BC%D0%BE%D1%81%D0%BA%D0%B2%D0%B0&type=supergroup&lang=en; https://tg-cat.com/?search=%D0%BF%D1%80%D0%BE%D0%B4%D0%B0%D0%B6%D0%B0%20%D0%B0%D0%B2%D1%82%D0%BE%20%D0%BC%D0%BE%D1%81%D0%BA%D0%B2%D0%B0&type=supergroup&lang=en,авто москва; авто рынок москва; продажа авто москва
2026-07-05,Авторынки Москвы,Авторынки Москвы; Чаты купли-продажи,Москва / Московская область,"DOSKA.MOSCOW-Работа,Вакансия,Услуги,Авто,Недвиж.,Халтур...",чат/группа,https://t.me/do_msk,do_msk,10273,"да, это чат/группа",неизвестно,В открытой web-карточке условия публикации не указаны.,не указаны в web-карточке,средний/высокий размер аудитории; фактическая активность постов/онлайн не проверена web-источником,не удалось проверить без Telegram API / просмотра t.me/s,"Добро пожаловать в чат DOSKA.MOSCOW! Здесь вы найдете всё о работе, вакансиях, услугах и арендных предложениях, касающихся автомобилей и недвижимости. Также обсуждаем подработку, халтуру и предметы на барахолке. Мы",tg-cat public search,https://tg-cat.com/@do_msk,https://tg-cat.com/?search=%D0%B1%D0%B0%D1%80%D0%B0%D1%85%D0%BE%D0%BB%D0%BA%D0%B0%20%D0%B0%D0%B2%D1%82%D0%BE%20%D0%BC%D0%BE%D1%81%D0%BA%D0%B2%D0%B0&type=supergroup&lang=en; https://tg-cat.com/?search=%D0%BF%D1%80%D0%BE%D0%B4%D0%B0%D0%B6%D0%B0%20%D0%B0%D0%B2%D1%82%D0%BE%20%D0%BC%D0%BE%D1%81%D0%BA%D0%B2%D0%B0&type=supergroup&lang=en,барахолка авто москва; продажа авто москва
2026-07-05,Авторынки Москвы,Авто ниже рынка; Авторынки Москвы; Чаты купли-продажи,Москва / Московская область,Авторынок Москва Перекупы,чат/группа,https://t.me/avtorynok_moskva1,avtorynok_moskva1,9738,"да, это чат/группа",неизвестно,В открытой web-карточке условия публикации не указаны.,не указаны в web-карточке,средний размер аудитории; фактическая активность постов/онлайн не проверена web-источником,не удалось проверить без Telegram API / просмотра t.me/s,,tg-cat public search,https://tg-cat.com/@avtorynok_moskva1,https://tg-cat.com/?search=%D0%B0%D0%B2%D1%82%D0%BE%D1%80%D1%8B%D0%BD%D0%BE%D0%BA%20%D0%BC%D0%BE%D1%81%D0%BA%D0%B2%D0%B0&type=supergroup&lang=en,авторынок москва
2026-07-05,Авторынки Москвы,Авторынки Москвы; Чаты купли-продажи,Москва / Московская область,Красивые номера на авто,канал,https://t.me/runomer,runomer,9608,не удалось проверить web-источником,по согласованию / неясно,"Есть контакт/упоминание размещения, но бесплатность не подтверждена.","@runomerbot, @runomer_robot",средний размер аудитории; фактическая активность постов/онлайн не проверена web-источником,не удалось проверить без Telegram API / просмотра t.me/s,Добро пожаловать на наш канал! Здесь вы можете купить или продать красивые номера для авто в Москве и МО. У нас простой процесс размещения объявлений с помощью нашего бота @runomerbot. Не забудьте также о рекламе: @runomer_robot. Следите за нашими,tg-cat public search,https://tg-cat.com/@runomer,https://tg-cat.com/?search=%D0%B0%D0%B2%D1%82%D0%BE%20%D0%BC%D0%BE%D1%81%D0%BA%D0%B2%D0%B0&type=channel&lang=en; https://tg-cat.com/?search=%D0%BA%D1%83%D0%BF%D0%B8%D1%82%D1%8C%20%D0%BF%D1%80%D0%BE%D0%B4%D0%B0%D1%82%D1%8C%20%D0%B0%D0%B2%D1%82%D0%BE&type=channel&lang=en,авто москва; купить продать авто
2026-07-05,Авторынки Москвы,Авторынки Москвы; Чаты купли-продажи,Москва / Московская область,Авторынок | Продажа Автомобилей | МОСКВА,чат/группа,https://t.me/moskva_avtobazar,moskva_avtobazar,7736,"да, это чат/группа",неизвестно,В открытой web-карточке условия публикации не указаны.,не указаны в web-карточке,средний размер аудитории; фактическая активность постов/онлайн не проверена web-источником,не удалось проверить без Telegram API / просмотра t.me/s,"Добро пожаловать в мир авторынка Москвы! 🚗💨 Здесь у вас есть уникальная возможность купить или продать автомобиль своей мечты. Наша платформа предоставляет удобные условия для взаимодействия между продавцами и покупателями. Перед тем как начать, ознакомьтесь, пожалуйста",tg-cat public search,https://tg-cat.com/@moskva_avtobazar,https://tg-cat.com/?search=%D0%B0%D0%B2%D1%82%D0%BE%D1%80%D1%8B%D0%BD%D0%BE%D0%BA%20%D0%BC%D0%BE%D1%81%D0%BA%D0%B2%D0%B0&type=supergroup&lang=en,авторынок москва
2026-07-05,Авторынки Москвы,Авторынки Москвы; Чаты купли-продажи,Москва / Московская область,МОСКВА ДОСКА ОБЪЯВЛЕНИЯ | РЕКЛАМА | НЕДВИЖИМОСТЬ | АВТО...,чат/группа,https://t.me/moskva_obyavlenie,moskva_obyavlenie,7735,"да, это чат/группа",по согласованию / неясно,"Есть контакт/упоминание размещения, но бесплатность не подтверждена.",не указаны в web-карточке,средний размер аудитории; фактическая активность постов/онлайн не проверена web-источником,не удалось проверить без Telegram API / просмотра t.me/s,"Добро пожаловать в наше сообщество ""Москва Доска Объявлений""! Здесь вы сможете найти все, что вам нужно: от рекламы до недвижимости и автомобилей. Мы создали удобную платформу для размещения и поиска объявлений, где каждый сможет легко сориентироваться и найти",tg-cat public search,https://tg-cat.com/@moskva_obyavlenie,https://tg-cat.com/?search=%D0%B0%D0%B2%D1%82%D0%BE%20%D0%BC%D0%BE%D1%81%D0%BA%D0%B2%D0%B0&type=supergroup&lang=en,авто москва
2026-07-05,Авторынки Москвы,Авторынки Москвы; Чаты купли-продажи,Москва / Московская область,Авторынок | Продажа Автомобилей | Минск | Москва,чат/группа,https://t.me/avtobaraholkaa,avtobaraholkaa,7640,"да, это чат/группа",неизвестно,В открытой web-карточке условия публикации не указаны.,не указаны в web-карточке,средний размер аудитории; фактическая активность постов/онлайн не проверена web-источником,не удалось проверить без Telegram API / просмотра t.me/s,"Присоединяйтесь к нашему увлекательному чату об авторынке! Здесь мы обсуждаем продажу автомобилей в Минске и Москве. Вы найдете полезные ссылки на правила и актуальные предложения, а также сможете задать свои вопросы по сотрудничеству и рекламе. Наши",tg-cat public search,https://tg-cat.com/@avtobaraholkaa,https://tg-cat.com/?search=%D0%B0%D0%B2%D1%82%D0%BE%D1%80%D1%8B%D0%BD%D0%BE%D0%BA%20%D0%BC%D0%BE%D1%81%D0%BA%D0%B2%D0%B0&type=supergroup&lang=en,авторынок москва
2026-07-05,Обмен автомобилей,Авторынки Москвы; Обмен автомобилей; Чаты купли-продажи,Москва / Московская область,САША АВТО ВЫБОР,канал,https://t.me/select_avto,select_avto,7435,не удалось проверить web-источником,неизвестно,В открытой web-карточке условия публикации не указаны.,@Select,средний размер аудитории; фактическая активность постов/онлайн не проверена web-источником,не удалось проверить без Telegram API / просмотра t.me/s,"SELECT_AVTO предлагает автомобили из Германии, Европы и Америки под заказ с возможностью обмена по Trade-in. Предоставляют услуги по выкупу авто быстро и безопасно, а также производят осмотр автомобилей перед покупкой в Москве. Инстаграм: @Select.Avto.",tg-cat public search,https://tg-cat.com/@select_avto,https://tg-cat.com/?search=%D0%BA%D1%83%D0%BF%D0%B8%D1%82%D1%8C%20%D0%BF%D1%80%D0%BE%D0%B4%D0%B0%D1%82%D1%8C%20%D0%B0%D0%B2%D1%82%D0%BE&type=channel&lang=en; https://tg-cat.com/?search=%D0%BE%D0%B1%D0%BC%D0%B5%D0%BD%20%D0%B0%D0%B2%D1%82%D0%BE&type=channel&lang=en,купить продать авто; обмен авто
2026-07-05,Обмен автомобилей,Авторынки Москвы; Обмен автомобилей; Чаты купли-продажи,Москва / Московская область,БОЛЬШАЯ БАРАХОЛКА- МОСКВА&#33;,чат/группа,https://t.me/barakholka_zao_uzao_sao_szao,barakholka_zao_uzao_sao_szao,7149,"да, это чат/группа",неизвестно,В открытой web-карточке условия публикации не указаны.,не указаны в web-карточке,средний размер аудитории; фактическая активность постов/онлайн не проверена web-источником,не удалось проверить без Telegram API / просмотра t.me/s,"Добро пожаловать в ""Большую барахолку - Москва""! Это идеальное место для всех, кто хочет купить, продать или обменять товары. Здесь вы можете найти всё — от бытовых предметов до автомобилей и недвижимости. Нужна помощь или есть вопросы? Не стес",tg-cat public search,https://tg-cat.com/@barakholka_zao_uzao_sao_szao,https://tg-cat.com/?search=%D0%BE%D0%B1%D0%BC%D0%B5%D0%BD%20%D0%B0%D0%B2%D1%82%D0%BE%D0%BC%D0%BE%D0%B1%D0%B8%D0%BB%D0%B5%D0%B9&type=supergroup&lang=en,обмен автомобилей
2026-07-05,Мототехника,Авторынки Москвы; Мототехника; Чаты купли-продажи,Москва / Московская область,CARMAGAZZ ПОКУПКА ПРОДАЖА МОСКВА,чат/группа,https://t.me/carmagazz_msk,carmagazz_msk,6968,"да, это чат/группа",неизвестно,В открытой web-карточке условия публикации не указаны.,не указаны в web-карточке,средний размер аудитории; фактическая активность постов/онлайн не проверена web-источником,не удалось проверить без Telegram API / просмотра t.me/s,"🌟 Добро пожаловать в мир CARMAGAZZ! 🌟 Мы — ваш надежный автосалон в Москве, специализирующийся на покупке и продаже автомобилей, мототехники, спецтехники и водного транспорта на аукционе.",tg-cat public search,https://tg-cat.com/@carmagazz_msk,https://tg-cat.com/?search=%D0%BC%D0%BE%D1%82%D0%BE%D1%82%D0%B5%D1%85%D0%BD%D0%B8%D0%BA%D0%B0&type=supergroup&lang=en,мототехника
2026-07-05,Авторынки Москвы,Авторынки Москвы; Мототехника; Чаты купли-продажи,Москва / Московская область,АВТО МОСКВА,чат/группа,https://t.me/prodazha_avto_moskva,prodazha_avto_moskva,6756,"да, это чат/группа",неизвестно,В открытой web-карточке условия публикации не указаны.,@Marina,средний размер аудитории; фактическая активность постов/онлайн не проверена web-источником,не удалось проверить без Telegram API / просмотра t.me/s,"Группа ""АВТО МОСКВА"" посвящена продаже автомобилей, мотоциклов и спецтехники. Правила группы можно найти по ссылке. По вопросам обращаться к @Marina.",tg-cat public search,https://tg-cat.com/@prodazha_avto_moskva,https://tg-cat.com/?search=%D0%B0%D0%B2%D1%82%D0%BE%20%D0%BC%D0%BE%D1%81%D0%BA%D0%B2%D0%B0&type=supergroup&lang=en; https://tg-cat.com/?search=%D0%BF%D1%80%D0%BE%D0%B4%D0%B0%D0%B6%D0%B0%20%D0%BC%D0%BE%D1%82%D0%BE&type=supergroup&lang=en,авто москва; продажа мото
2026-07-05,Авторынки Москвы,Авто ниже рынка; Авторынки Москвы; Чаты купли-продажи,Москва / Московская область,АВТОРЫНОК РОССИЯ | ПЕРЕКУПЫ УФА СПБ МОСКВА КАЗАНЬ САМАР...,чат/группа,https://t.me/avtorynok_rossia_perekup,avtorynok_rossia_perekup,6737,"да, это чат/группа",неизвестно,В открытой web-карточке условия публикации не указаны.,не указаны в web-карточке,средний размер аудитории; фактическая активность постов/онлайн не проверена web-источником,не удалось проверить без Telegram API / просмотра t.me/s,"🚗 **Авторывает в России!** Узнайте все о покупке и продаже автомобилей во всех крупных городах: Уфа, Санкт-Петербург, Москва, Казань, Самара и других! Присоединяйтесь к нашему каналу аукционов автомобилей и не пропуст",tg-cat public search,https://tg-cat.com/@avtorynok_rossia_perekup,https://tg-cat.com/?search=%D0%B0%D0%B2%D1%82%D0%BE%20%D0%BD%D0%B8%D0%B6%D0%B5%20%D1%80%D1%8B%D0%BD%D0%BA%D0%B0&type=supergroup&lang=en; https://tg-cat.com/?search=%D0%B0%D0%B2%D1%82%D0%BE%D1%80%D1%8B%D0%BD%D0%BE%D0%BA%20%D0%BC%D0%BE%D1%81%D0%BA%D0%B2%D0%B0&type=supergroup&lang=en; https://tg-cat.com/?search=%D0%BD%D0%B8%D0%B6%D0%B5%20%D1%80%D1%8B%D0%BD%D0%BA%D0%B0%20%D0%B0%D0%B2%D1%82%D0%BE&type=supergroup&lang=en,авто ниже рынка; авторынок москва; ниже рынка авто
2026-07-05,Авторынки Москвы,Авторынки Москвы; Чаты купли-продажи,Москва / Московская область,Авторынок🇰🇬 Москва🇰🇬 МашинаkG Аренда авто Выкуп авто За...,чат/группа,https://t.me/avtobazarmoscva,avtobazarmoscva,6733,"да, это чат/группа",неизвестно,В открытой web-карточке условия публикации не указаны.,не указаны в web-карточке,средний размер аудитории; фактическая активность постов/онлайн не проверена web-источником,не удалось проверить без Telegram API / просмотра t.me/s,"Группа посвящена авторынку в Москве, предлагая услуги аренды и выкупа автомобилей, а также запчасти и сервис. Обсуждаются различные модели, включая такси и доставку, с акцентом на доступные машины и связанные услуги.",tg-cat public search,https://tg-cat.com/@avtobazarmoscva,https://tg-cat.com/?search=%D0%B0%D0%B2%D1%82%D0%BE%20%D0%BC%D0%BE%D1%81%D0%BA%D0%B2%D0%B0&type=supergroup&lang=en; https://tg-cat.com/?search=%D0%B0%D0%B2%D1%82%D0%BE%D1%80%D1%8B%D0%BD%D0%BE%D0%BA%20%D0%BC%D0%BE%D1%81%D0%BA%D0%B2%D0%B0&type=supergroup&lang=en,авто москва; авторынок москва
2026-07-05,Авторынки Москвы,Авторынки Москвы; Чаты купли-продажи,Москва / Московская область,БАРАХОЛКА «АВТО» Москва,канал,https://t.me/bkbaraxolka,bkbaraxolka,6620,не удалось проверить web-источником,неизвестно,В открытой web-карточке условия публикации не указаны.,@baraxolkarobot,средний размер аудитории; фактическая активность постов/онлайн не проверена web-источником,не удалось проверить без Telegram API / просмотра t.me/s,🔧🚗 БАРАХОЛКА «ЖИГУЛЕЙ» МСК – идеальное место для покупки и продажи автомобилей «Жигули» и запчастей! 💬 Присоединяйтесь к нашему боту (@baraxolkarobot) и,tg-cat public search,https://tg-cat.com/@bkbaraxolka,https://tg-cat.com/?search=%D0%B0%D0%B2%D1%82%D0%BE%20%D0%B1%D0%B0%D1%80%D0%B0%D1%85%D0%BE%D0%BB%D0%BA%D0%B0&type=channel&lang=en; https://tg-cat.com/?search=%D0%B0%D0%B2%D1%82%D0%BE%20%D0%BC%D0%BE%D1%81%D0%BA%D0%B2%D0%B0&type=channel&lang=en; https://tg-cat.com/?search=%D0%B1%D0%B0%D1%80%D0%B0%D1%85%D0%BE%D0%BB%D0%BA%D0%B0%20%D0%B0%D0%B2%D1%82%D0%BE%20%D0%BC%D0%BE%D1%81%D0%BA%D0%B2%D0%B0&type=channel&lang=en; https://tg-cat.com/?search=%D0%BA%D1%83%D0%BF%D0%B8%D1%82%D1%8C%20%D0%BF%D1%80%D0%BE%D0%B4%D0%B0%D1%82%D1%8C%20%D0%B0%D0%B2%D1%82%D0%BE&type=channel&lang=en,авто барахолка; авто москва; барахолка авто москва; купить продать авто
2026-07-05,Авторынки Москвы,Авторынки Москвы; Чаты купли-продажи,Москва / Московская область,Продажа Авто Москва,чат/группа,https://t.me/auto_salemsk,auto_salemsk,6278,"да, это чат/группа",по согласованию / неясно,"Есть контакт/упоминание размещения, но бесплатность не подтверждена.",не указаны в web-карточке,средний размер аудитории; фактическая активность постов/онлайн не проверена web-источником,не удалось проверить без Telegram API / просмотра t.me/s,"🚗💼 Ищете, где купить или продать авто в Москве и МО? Присоединяйтесь к нашей группе! Узнайте правила участия и размещайте свои объявления! 📢 Подробности по ссылке: https://telegra.ph/Pravila-gruppy-",tg-cat public search,https://tg-cat.com/@auto_salemsk,https://tg-cat.com/?search=%D0%B0%D0%B2%D1%82%D0%BE%20%D0%BC%D0%BE%D1%81%D0%BA%D0%B2%D0%B0&type=supergroup&lang=en; https://tg-cat.com/?search=%D0%BF%D1%80%D0%BE%D0%B4%D0%B0%D0%B6%D0%B0%20%D0%B0%D0%B2%D1%82%D0%BE%20%D0%BC%D0%BE%D1%81%D0%BA%D0%B2%D0%B0&type=supergroup&lang=en; https://tg-cat.com/?search=%D0%BF%D1%80%D0%BE%D0%B4%D0%B0%D0%B6%D0%B0%20%D0%B0%D0%B2%D1%82%D0%BE&type=supergroup&lang=en,авто москва; продажа авто; продажа авто москва
2026-07-05,Авторынки Москвы,Авторынки Москвы; Чаты купли-продажи,Москва / Московская область,БАРАХОЛКА АВТО 🚘ЛНР🏙️МОСКВА🏙ЛНР🏠️ АВТОПОДБОР 🏎️ ПРИГОН ...,чат/группа,https://t.me/avtomoskvalnr,avtomoskvalnr,6055,"да, это чат/группа",неизвестно,В открытой web-карточке условия публикации не указаны.,не указаны в web-карточке,средний размер аудитории; фактическая активность постов/онлайн не проверена web-источником,не удалось проверить без Telegram API / просмотра t.me/s,"🚗💨 Добро пожаловать в мир Барахолки Авто! Если вы ищете идеальный автомобиль в ЛНР или Москве, то вы на правильном пути! Наши эксперты готовы помочь вам с подбором и пригоном автомобилей всех марок и моделей. 🌟",tg-cat public search,https://tg-cat.com/@avtomoskvalnr,https://tg-cat.com/?search=%D0%B0%D0%B2%D1%82%D0%BE%20%D0%BC%D0%BE%D1%81%D0%BA%D0%B2%D0%B0&type=supergroup&lang=en; https://tg-cat.com/?search=%D0%B1%D0%B0%D1%80%D0%B0%D1%85%D0%BE%D0%BB%D0%BA%D0%B0%20%D0%B0%D0%B2%D1%82%D0%BE%20%D0%BC%D0%BE%D1%81%D0%BA%D0%B2%D0%B0&type=supergroup&lang=en,авто москва; барахолка авто москва
2026-07-05,Авторынки Москвы,Авто ниже рынка; Авторынки Москвы; Чаты купли-продажи,Москва / Московская область,Авторынок перекупы МОСКВА ЧАТ,чат/группа,https://t.me/perekup_msk1,perekup_msk1,5618,"да, это чат/группа",неизвестно,В открытой web-карточке условия публикации не указаны.,не указаны в web-карточке,средний размер аудитории; фактическая активность постов/онлайн не проверена web-источником,не удалось проверить без Telegram API / просмотра t.me/s,"Добро пожаловать в наш чат ""Авторынок перекупы"" в Москве! 🚘 Здесь мы помогаем выгодно купить или продать авто на территории России 🇷🇺. Присоединяйтесь к нашему сообществу, где вы найдете полезные советы",tg-cat public search,https://tg-cat.com/@perekup_msk1,https://tg-cat.com/?search=%D0%B0%D0%B2%D1%82%D0%BE%D1%80%D1%8B%D0%BD%D0%BE%D0%BA%20%D0%BC%D0%BE%D1%81%D0%BA%D0%B2%D0%B0&type=supergroup&lang=en,авторынок москва
2026-07-05,Авторынки Москвы,Авторынки Москвы; Чаты купли-продажи,Москва / Московская область,Красивые гос авто номера Москва,чат/группа,https://t.me/nomeramsk77,nomeramsk77,5372,"да, это чат/группа",неизвестно,В открытой web-карточке условия публикации не указаны.,не указаны в web-карточке,средний размер аудитории; фактическая активность постов/онлайн не проверена web-источником,не удалось проверить без Telegram API / просмотра t.me/s,"Добро пожаловать в нашу уникальную сообщество «Красивые гос авто номера Москвы»! Здесь вы найдете изысканные гос номера автомобилей, которые способны подчеркнуть стиль и индивидуальность вашего транспорта. Мы предлагаем удобный опыт: возможность как купить, так и продать красивые автомобильные номера",tg-cat public search,https://tg-cat.com/@nomeramsk77,https://tg-cat.com/?search=%D0%B0%D0%B2%D1%82%D0%BE%20%D0%BC%D0%BE%D1%81%D0%BA%D0%B2%D0%B0&type=supergroup&lang=en,авто москва
2026-07-05,Авторынки Москвы,Авторынки Москвы,Москва / Московская область,Правый Руль Москва,канал,https://t.me/keicarbaza,keicarbaza,5105,не удалось проверить web-источником,неизвестно,В открытой web-карточке условия публикации не указаны.,не указаны в web-карточке,средний размер аудитории; фактическая активность постов/онлайн не проверена web-источником,не удалось проверить без Telegram API / просмотра t.me/s,"🚗 Добро пожаловать на канал ""Правый Руль Москва""! Здесь вы найдете широкий выбор кей-каров в наличии в Москве. Мы предлагаем не только продажу автомобилей, но и услуги автовоза, антикоррозийной обработки и автосервиса. Узнайте все",tg-cat public search,https://tg-cat.com/@keicarbaza,https://tg-cat.com/?search=%D0%B0%D0%B2%D1%82%D0%BE%20%D0%BC%D0%BE%D1%81%D0%BA%D0%B2%D0%B0&type=channel&lang=en,авто москва
2026-07-05,Авторынки Москвы,Авторынки Москвы; Чаты купли-продажи,Москва / Московская область,АВТОБАЗАР МОСКВА,чат/группа,https://t.me/avtobazar_msk,avtobazar_msk,4855,"да, это чат/группа",по согласованию / неясно,"Есть контакт/упоминание размещения, но бесплатность не подтверждена.",не указаны в web-карточке,средний размер аудитории; фактическая активность постов/онлайн не проверена web-источником,не удалось проверить без Telegram API / просмотра t.me/s,"Группа ""Автобазар Москва"" посвящена продаже и аренде автомобилей в Москве. Перед размещением объявлений необходимо ознакомиться с правилами группы. Ссылка на чаты сообщества и контакт для рекламы также указаны.",tg-cat public search,https://tg-cat.com/@avtobazar_msk,https://tg-cat.com/?search=%D0%BF%D1%80%D0%BE%D0%B4%D0%B0%D0%B6%D0%B0%20%D0%B0%D0%B2%D1%82%D0%BE%20%D0%BC%D0%BE%D1%81%D0%BA%D0%B2%D0%B0&type=supergroup&lang=en,продажа авто москва
2026-07-05,Авторынки Москвы,Авторынки Москвы; Чаты купли-продажи,Москва / Московская область,Авторынок Москва и Питер 🚗 Покупка и продажа авто,чат/группа,https://t.me/avtorinokk_moscow,avtorinokk_moscow,4033,"да, это чат/группа",неизвестно,В открытой web-карточке условия публикации не указаны.,не указаны в web-карточке,средний размер аудитории; фактическая активность постов/онлайн не проверена web-источником,не удалось проверить без Telegram API / просмотра t.me/s,"Добро пожаловать в увлекательный мир авторынка Москвы и Санкт-Петербурга! Здесь вы найдете все, что касается покупки и продажи автомобилей 🚗. Наша платформа объединяет автомобилистов, помогает находить выгодные предложения и делиться опытом. Если вы ищете авто",tg-cat public search,https://tg-cat.com/@avtorinokk_moscow,https://tg-cat.com/?search=%D0%B0%D0%B2%D1%82%D0%BE%20%D0%BC%D0%BE%D1%81%D0%BA%D0%B2%D0%B0&type=supergroup&lang=en; https://tg-cat.com/?search=%D0%B0%D0%B2%D1%82%D0%BE%D1%80%D1%8B%D0%BD%D0%BE%D0%BA%20%D0%BC%D0%BE%D1%81%D0%BA%D0%B2%D0%B0&type=supergroup&lang=en; https://tg-cat.com/?search=%D0%BF%D1%80%D0%BE%D0%B4%D0%B0%D0%B6%D0%B0%20%D0%B0%D0%B2%D1%82%D0%BE%20%D0%BC%D0%BE%D1%81%D0%BA%D0%B2%D0%B0&type=supergroup&lang=en; https://tg-cat.com/?search=%D0%BF%D1%80%D0%BE%D0%B4%D0%B0%D0%B6%D0%B0%20%D0%B0%D0%B2%D1%82%D0%BE&type=supergroup&lang=en,авто москва; авторынок москва; продажа авто; продажа авто москва
2026-07-05,Авторынки Москвы,Авторынки Москвы; Чаты купли-продажи,Москва / Московская область,Авторынок Москва,канал,https://t.me/moskva_avtorynok,moskva_avtorynok,3321,не удалось проверить web-источником,неизвестно,В открытой web-карточке условия публикации не указаны.,не указаны в web-карточке,средний размер аудитории; фактическая активность постов/онлайн не проверена web-источником,не удалось проверить без Telegram API / просмотра t.me/s,,tg-cat public search,https://tg-cat.com/@moskva_avtorynok,https://tg-cat.com/?search=%D0%B0%D0%B2%D1%82%D0%BE%D1%80%D1%8B%D0%BD%D0%BE%D0%BA%20%D0%BC%D0%BE%D1%81%D0%BA%D0%B2%D0%B0&type=channel&lang=en; https://tg-cat.com/?search=%D0%B0%D0%B2%D1%82%D0%BE%D1%80%D1%8B%D0%BD%D0%BE%D0%BA&type=channel&lang=en,авторынок; авторынок москва
2026-07-05,Авторынки Москвы,Авторынки Москвы; Чаты купли-продажи,Москва / Московская область,Авторынок Москва,чат/группа,https://t.me/autorinok_moscow,autorinok_moscow,3141,"да, это чат/группа",неизвестно,В открытой web-карточке условия публикации не указаны.,не указаны в web-карточке,средний размер аудитории; фактическая активность постов/онлайн не проверена web-источником,не удалось проверить без Telegram API / просмотра t.me/s,,tg-cat public search,https://tg-cat.com/@autorinok_moscow,https://tg-cat.com/?search=%D0%B0%D0%B2%D1%82%D0%BE%D1%80%D1%8B%D0%BD%D0%BE%D0%BA%20%D0%BC%D0%BE%D1%81%D0%BA%D0%B2%D0%B0&type=supergroup&lang=en,авторынок москва
2026-07-05,Мототехника,Авторынки Москвы; Мототехника,Москва / Московская область,"𝕄𝕆𝕋𝕆 ×͜× 𝔹𝔸ℝ𝕆ℕ | Продажа, покупка, обзор мотоциклов",канал,https://t.me/moto_baron,moto_baron,2519,не удалось проверить web-источником,неизвестно,В открытой web-карточке условия публикации не указаны.,не указаны в web-карточке,средний размер аудитории; фактическая активность постов/онлайн не проверена web-источником,не удалось проверить без Telegram API / просмотра t.me/s,🚀 **МотоБарон** - Ваш верный помощник в мире мотоциклов! 🏍️ Мы предлагаем продажу и покупку б/у мотоциклов в Москве! У нас лучшие цены и быстрая доставка по всей России. 🌍 Не упуст,tg-cat public search,https://tg-cat.com/@moto_baron,https://tg-cat.com/?search=%D0%BC%D0%BE%D1%82%D0%BE%D1%86%D0%B8%D0%BA%D0%BB%D1%8B&type=channel&lang=en,мотоциклы
2026-07-05,Чаты купли-продажи,Авторынки Москвы; Чаты купли-продажи,Москва / Московская область,АВТО ПРОДАЖА МО МСК/ ВЫКУП АВТО,канал,https://t.me/avtoprodazhazven,avtoprodazhazven,2393,не удалось проверить web-источником,неизвестно,В открытой web-карточке условия публикации не указаны.,не указаны в web-карточке,средний размер аудитории; фактическая активность постов/онлайн не проверена web-источником,не удалось проверить без Telegram API / просмотра t.me/s,"🚗 Приветствуем вас на нашем канале! Здесь, в АВТО ПРОДАЖА МО МСК, мы готовы сделать все, чтобы вы продали или купили авто своей мечты! 🔥 Мы предлагаем выгодные условия для продажи автомобилей в любом состоянии - у нас нет",tg-cat public search,https://tg-cat.com/@avtoprodazhazven,https://tg-cat.com/?search=%D0%BA%D1%83%D0%BF%D0%B8%D1%82%D1%8C%20%D0%BF%D1%80%D0%BE%D0%B4%D0%B0%D1%82%D1%8C%20%D0%B0%D0%B2%D1%82%D0%BE&type=channel&lang=en; https://tg-cat.com/?search=%D0%BF%D1%80%D0%BE%D0%B4%D0%B0%D0%B6%D0%B0%20%D0%B0%D0%B2%D1%82%D0%BE&type=channel&lang=en,купить продать авто; продажа авто
2026-07-05,Авторынки Москвы,Авторынки Москвы; Чаты купли-продажи,Москва / Московская область,АВТОРЫНОК МОСКВА,чат/группа,https://t.me/moscow_auto_ibot,moscow_auto_ibot,2354,"да, это чат/группа",да / есть указание в описании,В описании есть слово “бесплатно/бесплатная”.,@king_w0rld,средний размер аудитории; фактическая активность постов/онлайн не проверена web-источником,не удалось проверить без Telegram API / просмотра t.me/s,"🚗🔍 Ищете, где быстро купить или продать авто в Москве? Наш авторынок — ваш идеальный помощник! Присоединяйтесь к нам и получайте бесплатные объявления один раз в день. Подробности у администратора @king_w0rld.",tg-cat public search,https://tg-cat.com/@moscow_auto_ibot,https://tg-cat.com/?search=%D0%B0%D0%B2%D1%82%D0%BE%D1%80%D1%8B%D0%BD%D0%BE%D0%BA%20%D0%BC%D0%BE%D1%81%D0%BA%D0%B2%D0%B0&type=supergroup&lang=en,авторынок москва
2026-07-05,Авторынки Москвы,Авторынки Москвы; Чаты купли-продажи,Москва / Московская область,Продажа Авто в Москве,чат/группа,https://t.me/mos_cars,mos_cars,2300,"да, это чат/группа",неизвестно,В открытой web-карточке условия публикации не указаны.,не указаны в web-карточке,средний размер аудитории; фактическая активность постов/онлайн не проверена web-источником,не удалось проверить без Telegram API / просмотра t.me/s,"Группа ""Продажа Авто в Москве"" предназначена для продажи новых и б/у автомобилей и услуг. Ограничения: максимум 10 объявлений в день, повторы 1 раз в день. Запрещены ссылки/репосты без согласования и продажа табака",tg-cat public search,https://tg-cat.com/@mos_cars,https://tg-cat.com/?search=%D0%B0%D0%B2%D1%82%D0%BE%20%D0%BC%D0%BE%D1%81%D0%BA%D0%B2%D0%B0&type=supergroup&lang=en; https://tg-cat.com/?search=%D0%BF%D1%80%D0%BE%D0%B4%D0%B0%D0%B6%D0%B0%20%D0%B0%D0%B2%D1%82%D0%BE%20%D0%BC%D0%BE%D1%81%D0%BA%D0%B2%D0%B0&type=supergroup&lang=en; https://tg-cat.com/?search=%D0%BF%D1%80%D0%BE%D0%B4%D0%B0%D0%B6%D0%B0%20%D0%B0%D0%B2%D1%82%D0%BE&type=supergroup&lang=en,авто москва; продажа авто; продажа авто москва
2026-07-05,Чаты купли-продажи,Авто ниже рынка; Авторынки Москвы; Чаты купли-продажи,Москва / Московская область,UP AVTO | Выкуп и продажа авто,канал,https://t.me/up_avto,up_avto,2281,не удалось проверить web-источником,да / есть указание в описании,В описании есть слово “бесплатно/бесплатная”.,не указаны в web-карточке,средний размер аудитории; фактическая активность постов/онлайн не проверена web-источником,не удалось проверить без Telegram API / просмотра t.me/s,"🚗 НИЖЕ РЫНКА МОСКВА/ПИТЕР‼️ Продаете авто? Разместите свое объявление у нас БЕСПЛАТНО! Главное условие – цена должна быть ниже рыночной. Мы покрываем Санкт-Петербург, Ленинградскую область",tg-cat public search,https://tg-cat.com/@up_avto,https://tg-cat.com/?search=%D0%BF%D1%80%D0%BE%D0%B4%D0%B0%D0%B6%D0%B0%20%D0%B0%D0%B2%D1%82%D0%BE&type=channel&lang=en,продажа авто
2026-07-05,Авторынки Москвы,Авторынки Москвы; Чаты купли-продажи,Москва / Московская область,МОСКВА АВТО | КУПИТЬ ПРОДАТЬ,чат/группа,https://t.me/moskvaauto,moskvaauto,2170,"да, это чат/группа",неизвестно,В открытой web-карточке условия публикации не указаны.,не указаны в web-карточке,средний размер аудитории; фактическая активность постов/онлайн не проверена web-источником,не удалось проверить без Telegram API / просмотра t.me/s,"🚗 МОСКВА АВТО: Купите или продайте свой автомобиль без лишних слов! ✅ Присоединяйтесь к нашему сообществу! Помните, запрет на рекламу и оскорбления — соблюдайте правила, чтобы избежать бана!",tg-cat public search,https://tg-cat.com/@moskvaauto,https://tg-cat.com/?search=%D0%B0%D0%B2%D1%82%D0%BE%20%D0%BC%D0%BE%D1%81%D0%BA%D0%B2%D0%B0&type=supergroup&lang=en; https://tg-cat.com/?search=%D0%BA%D1%83%D0%BF%D0%B8%D1%82%D1%8C%20%D0%BF%D1%80%D0%BE%D0%B4%D0%B0%D1%82%D1%8C%20%D0%B0%D0%B2%D1%82%D0%BE&type=supergroup&lang=en; https://tg-cat.com/?search=%D0%BF%D1%80%D0%BE%D0%B4%D0%B0%D0%B6%D0%B0%20%D0%B0%D0%B2%D1%82%D0%BE%20%D0%BC%D0%BE%D1%81%D0%BA%D0%B2%D0%B0&type=supergroup&lang=en; https://tg-cat.com/?search=%D0%BF%D1%80%D0%BE%D0%B4%D0%B0%D0%B6%D0%B0%20%D0%B0%D0%B2%D1%82%D0%BE&type=supergroup&lang=en,авто москва; купить продать авто; продажа авто; продажа авто москва
2026-07-05,Авторынки Москвы,Авторынки Москвы; Чаты купли-продажи,Москва / Московская область,Аренда авто с выкупом Москва 12,чат/группа,https://t.me/mofinans2,mofinans2,2060,"да, это чат/группа",неизвестно,В открытой web-карточке условия публикации не указаны.,не указаны в web-карточке,средний размер аудитории; фактическая активность постов/онлайн не проверена web-источником,не удалось проверить без Telegram API / просмотра t.me/s,🌟 Добро пожаловать в наше сообщество аренды авто с выкупом в Москве! 🌟 Ищете идеальный способ получить собственное авто? Мы готовы помочь вам сделать это доступным и выгодным! С первого взноса всего от 20 тыс. рублей вы,tg-cat public search,https://tg-cat.com/@mofinans2,https://tg-cat.com/?search=%D0%B0%D0%B2%D1%82%D0%BE%20%D0%BC%D0%BE%D1%81%D0%BA%D0%B2%D0%B0&type=supergroup&lang=en,авто москва
2026-07-05,Авторынки Москвы,Авторынки Москвы; Чаты купли-продажи,Москва / Московская область,🚖Аренда авто для такси | Москва,чат/группа,https://t.me/taxi_lider_arenda_msk,taxi_lider_arenda_msk,2034,"да, это чат/группа",неизвестно,В открытой web-карточке условия публикации не указаны.,не указаны в web-карточке,средний размер аудитории; фактическая активность постов/онлайн не проверена web-источником,не удалось проверить без Telegram API / просмотра t.me/s,"Ищете автомобиль в Москве? Узнайте, как правильно оформить объявление и арендуйте авто без лишних хлопот!",tg-cat public search,https://tg-cat.com/@taxi_lider_arenda_msk,https://tg-cat.com/?search=%D0%B0%D0%B2%D1%82%D0%BE%20%D0%BC%D0%BE%D1%81%D0%BA%D0%B2%D0%B0&type=supergroup&lang=en; https://tg-cat.com/?search=%D0%BF%D1%80%D0%BE%D0%B4%D0%B0%D0%B6%D0%B0%20%D0%B0%D0%B2%D1%82%D0%BE%20%D0%BC%D0%BE%D1%81%D0%BA%D0%B2%D0%B0&type=supergroup&lang=en,авто москва; продажа авто москва
2026-07-05,Авторынки Москвы,Авторынки Москвы; Чаты купли-продажи,Москва / Московская область,Авторынок Москва,чат/группа,https://t.me/aurmsk,aurmsk,1921,"да, это чат/группа",неизвестно,В открытой web-карточке условия публикации не указаны.,не указаны в web-карточке,средний размер аудитории; фактическая активность постов/онлайн не проверена web-источником,не удалось проверить без Telegram API / просмотра t.me/s,,tg-cat public search,https://tg-cat.com/@aurmsk,https://tg-cat.com/?search=%D0%B0%D0%B2%D1%82%D0%BE%D1%80%D1%8B%D0%BD%D0%BE%D0%BA%20%D0%BC%D0%BE%D1%81%D0%BA%D0%B2%D0%B0&type=supergroup&lang=en,авторынок москва
2026-07-05,Авторынки Москвы,Авторынки Москвы; Чаты купли-продажи,Москва / Московская область,Авторынок | Автовыкуп | Комиссия,чат/группа,https://t.me/jetcar_autosales,jetcar_autosales,1881,"да, это чат/группа",неизвестно,В открытой web-карточке условия публикации не указаны.,не указаны в web-карточке,средний размер аудитории; фактическая активность постов/онлайн не проверена web-источником,не удалось проверить без Telegram API / просмотра t.me/s,"Добро пожаловать в мир авторынка! 🌟 Здесь мы предлагаем быстрый автовыкуп в Москве с удобной оценкой вашего автомобиля. Если вы ищете срочную продажу по выгодной цене, вы попали по адресу! Мы берем на себя всю сделку, чтобы вы",tg-cat public search,https://tg-cat.com/@jetcar_autosales,https://tg-cat.com/?search=%D0%BF%D1%80%D0%BE%D0%B4%D0%B0%D0%B6%D0%B0%20%D0%B0%D0%B2%D1%82%D0%BE%20%D0%BC%D0%BE%D1%81%D0%BA%D0%B2%D0%B0&type=supergroup&lang=en,продажа авто москва
2026-07-05,Авторынки Москвы,Авторынки Москвы; Чаты купли-продажи,Москва / Московская область,Авто - BaZa | Москва,чат/группа,https://t.me/proavtoservice,proavtoservice,1864,"да, это чат/группа",да / есть указание в описании,В описании есть слово “бесплатно/бесплатная”.,не указаны в web-карточке,средний размер аудитории; фактическая активность постов/онлайн не проверена web-источником,не удалось проверить без Telegram API / просмотра t.me/s,"Группа ""Авто - BaZa"" в Москве посвящена продаже и покупке автомобилей, автозапчастей и автосервисам, а также обсуждениям на форуме. Публикации бесплатные, разрешены раз в 5 дней. Запрещены ссылки на ч",tg-cat public search,https://tg-cat.com/@proavtoservice,https://tg-cat.com/?search=%D0%B0%D0%B2%D1%82%D0%BE%20%D0%BC%D0%BE%D1%81%D0%BA%D0%B2%D0%B0&type=supergroup&lang=en,авто москва
2026-07-05,Авторынки Москвы,Авторынки Москвы; Чаты купли-продажи,Москва / Московская область,Авто Купи Продай Москва,чат/группа,https://t.me/tiktakneo,tiktakneo,1742,"да, это чат/группа",да / есть указание в описании,В описании есть слово “бесплатно/бесплатная”.,не указаны в web-карточке,средний размер аудитории; фактическая активность постов/онлайн не проверена web-источником,не удалось проверить без Telegram API / просмотра t.me/s,"Добро пожаловать в сообщество ""Авто Купи Продай Москва""! 🚗✨ Здесь вы найдете идеальное место для покупки и продажи автомобилей в столице. Нужен новый автомобиль? Или хотите выгодно продать своё? Наша бесплатная площадка всегда готова помочь вам",tg-cat public search,https://tg-cat.com/@tiktakneo,https://tg-cat.com/?search=%D0%B0%D0%B2%D1%82%D0%BE%20%D0%BC%D0%BE%D1%81%D0%BA%D0%B2%D0%B0&type=supergroup&lang=en; https://tg-cat.com/?search=%D0%BA%D1%83%D0%BF%D0%B8%D1%82%D1%8C%20%D0%BF%D1%80%D0%BE%D0%B4%D0%B0%D1%82%D1%8C%20%D0%B0%D0%B2%D1%82%D0%BE&type=supergroup&lang=en,авто москва; купить продать авто
2026-07-05,Авторынки Москвы,Авторынки Москвы,Москва / Московская область,АТЛАНТ-М Авто Москва 🚘,канал,https://t.me/atlantm_avto,atlantm_avto,1691,не удалось проверить web-источником,неизвестно,В открытой web-карточке условия публикации не указаны.,не указаны в web-карточке,средний размер аудитории; фактическая активность постов/онлайн не проверена web-источником,не удалось проверить без Telegram API / просмотра t.me/s,"Добро пожаловать на канал АТЛАНТ-М Авто Москва! 🚘 Мы рады представить вам наше новое направление! АТЛАНТ-М предлагает уникальную возможность приобрести любой автомобиль по параллельному импорту — как новые, так и с пробегом. Забуд",tg-cat public search,https://tg-cat.com/@atlantm_avto,https://tg-cat.com/?search=%D0%B0%D0%B2%D1%82%D0%BE%20%D0%BC%D0%BE%D1%81%D0%BA%D0%B2%D0%B0&type=channel&lang=en,авто москва
2026-07-05,Чаты купли-продажи,Авторынки Москвы; Чаты купли-продажи,Москва / Московская область,Продажа авто | Каскад-Авто,канал,https://t.me/kaskadauto,kaskadauto,1680,не удалось проверить web-источником,неизвестно,В открытой web-карточке условия публикации не указаны.,не указаны в web-карточке,средний размер аудитории; фактическая активность постов/онлайн не проверена web-источником,не удалось проверить без Telegram API / просмотра t.me/s,"Добро пожаловать в Каскад-Авто! 🚗 Здесь вы найдете новые и подержанные автомобили с доставкой по всей России. Мы предлагаем выгодные условия кредитования, возможность трейд-ина и выкупа авто. Работая в Москве и Оренбурге,",tg-cat public search,https://tg-cat.com/@kaskadauto,https://tg-cat.com/?search=%D0%BF%D1%80%D0%BE%D0%B4%D0%B0%D0%B6%D0%B0%20%D0%B0%D0%B2%D1%82%D0%BE&type=channel&lang=en,продажа авто
2026-07-05,Авторынки Москвы,Авторынки Москвы,Москва / Московская область,Mint Condition - подбор авто,канал,https://t.me/mintco_pub,mintco_pub,1639,не удалось проверить web-источником,неизвестно,В открытой web-карточке условия публикации не указаны.,+79261888335,средний размер аудитории; фактическая активность постов/онлайн не проверена web-источником,не удалось проверить без Telegram API / просмотра t.me/s,"🚗 **Mint Condition - Подбор авто в Москве!** 🌟 Мы ценим ваше время и помогаем экономить деньги, предлагая профессиональный подбор автомобилей. Позвоните нам по номеру +79261888335 или посетите наш сайт www.mintco.ru. Под",tg-cat public search,https://tg-cat.com/@mintco_pub,https://tg-cat.com/?search=%D0%B0%D0%B2%D1%82%D0%BE%20%D0%BC%D0%BE%D1%81%D0%BA%D0%B2%D0%B0&type=channel&lang=en,авто москва
2026-07-05,Авторынки Москвы,Авторынки Москвы; Чаты купли-продажи,Москва / Московская область,Авторынок Москва чат,чат/группа,https://t.me/auto_moskvav_chat,auto_moskvav_chat,1609,"да, это чат/группа",неизвестно,В открытой web-карточке условия публикации не указаны.,не указаны в web-карточке,средний размер аудитории; фактическая активность постов/онлайн не проверена web-источником,не удалось проверить без Telegram API / просмотра t.me/s,,tg-cat public search,https://tg-cat.com/@auto_moskvav_chat,https://tg-cat.com/?search=%D0%B0%D0%B2%D1%82%D0%BE%D1%80%D1%8B%D0%BD%D0%BE%D0%BA%20%D0%BC%D0%BE%D1%81%D0%BA%D0%B2%D0%B0&type=supergroup&lang=en,авторынок москва
2026-07-05,Авторынки Москвы,Авторынки Москвы; Чаты купли-продажи,Москва / Московская область,«Твой Авто» Автосалон,чат/группа,https://t.me/tvoyautosalon,tvoyautosalon,1281,"да, это чат/группа",неизвестно,В открытой web-карточке условия публикации не указаны.,не указаны в web-карточке,средний размер аудитории; фактическая активность постов/онлайн не проверена web-источником,не удалось проверить без Telegram API / просмотра t.me/s,"Автосалон «Твой Авто» в Москве предлагает мультибрендовые автомобили под ключ из Кореи, Китая, Японии, США, Европы и ОАЭ. В наличии и под заказ. Возможна оплата частями, кредит, лизинг,",tg-cat public search,https://tg-cat.com/@tvoyautosalon,https://tg-cat.com/?search=%D0%BF%D1%80%D0%BE%D0%B4%D0%B0%D0%B6%D0%B0%20%D0%B0%D0%B2%D1%82%D0%BE%20%D0%BC%D0%BE%D1%81%D0%BA%D0%B2%D0%B0&type=supergroup&lang=en,продажа авто москва
2026-07-05,Авторынки Москвы,Авторынки Москвы; Мототехника; Чаты купли-продажи,Москва / Московская область,Авто 🚗 Москва #Россия РФ RU RF Москва Крым ДНР ЛНР МЛТ ...,чат/группа,https://t.me/automotomsk,automotomsk,1199,"да, это чат/группа",неизвестно,В открытой web-карточке условия публикации не указаны.,не указаны в web-карточке,средний размер аудитории; фактическая активность постов/онлайн не проверена web-источником,не удалось проверить без Telegram API / просмотра t.me/s,"Добро пожаловать в сообщество AutoMotoMsk! 🚗 Здесь, в сердце Москвы, мы объединяем любителей автомобилей и мотоциклов, а также всех, кто интересуется услугами красоты и различными услугами на рынке. Мы предлагаем вам самые свежие объявления о покупке",tg-cat public search,https://tg-cat.com/@automotomsk,https://tg-cat.com/?search=%D0%B0%D0%B2%D1%82%D0%BE%20%D0%BC%D0%BE%D1%81%D0%BA%D0%B2%D0%B0&type=supergroup&lang=en; https://tg-cat.com/?search=%D0%B0%D0%B2%D1%82%D0%BE%20%D1%80%D1%8B%D0%BD%D0%BE%D0%BA%20%D0%BC%D0%BE%D1%81%D0%BA%D0%B2%D0%B0&type=supergroup&lang=en,авто москва; авто рынок москва
2026-07-05,Мототехника,Авторынки Москвы; Мототехника; Чаты купли-продажи,Москва / Московская область,Авто 🚗 Ростов-на-Дону #Россия РФ RU RF Москва Крым ДНР ...,чат/группа,https://t.me/avtomotornd,avtomotornd,1140,"да, это чат/группа",неизвестно,В открытой web-карточке условия публикации не указаны.,не указаны в web-карточке,средний размер аудитории; фактическая активность постов/онлайн не проверена web-источником,не удалось проверить без Telegram API / просмотра t.me/s,Добро пожаловать в сообщество AvtoMotoRnD! 🚗 Мы находимся в Ростове-на-Дону и объединяем автолюбителей и мотосообщество всей России! Здесь вы можете найти всё необходимое – от покупки и продажи автомобилей и мотоцик,tg-cat public search,https://tg-cat.com/@avtomotornd,https://tg-cat.com/?search=%D0%BC%D0%BE%D1%82%D0%BE%20%D0%B1%D0%B0%D1%80%D0%B0%D1%85%D0%BE%D0%BB%D0%BA%D0%B0&type=supergroup&lang=en,мото барахолка
2026-07-05,Авторынки Москвы,Авторынки Москвы; Чаты купли-продажи,Москва / Московская область,Боевая классика || Москва и МО || Авто Барахолка,чат/группа,https://t.me/bclassicmsk,bclassicmsk,1087,"да, это чат/группа",неизвестно,В открытой web-карточке условия публикации не указаны.,не указаны в web-карточке,средний размер аудитории; фактическая активность постов/онлайн не проверена web-источником,не удалось проверить без Telegram API / просмотра t.me/s,,tg-cat public search,https://tg-cat.com/@bclassicmsk,https://tg-cat.com/?search=%D0%B0%D0%B2%D1%82%D0%BE%20%D0%B1%D0%B0%D1%80%D0%B0%D1%85%D0%BE%D0%BB%D0%BA%D0%B0&type=supergroup&lang=en; https://tg-cat.com/?search=%D0%B0%D0%B2%D1%82%D0%BE%20%D0%BC%D0%BE%D1%81%D0%BA%D0%B2%D0%B0&type=supergroup&lang=en; https://tg-cat.com/?search=%D0%B1%D0%B0%D1%80%D0%B0%D1%85%D0%BE%D0%BB%D0%BA%D0%B0%20%D0%B0%D0%B2%D1%82%D0%BE%20%D0%BC%D0%BE%D1%81%D0%BA%D0%B2%D0%B0&type=supergroup&lang=en,авто барахолка; авто москва; барахолка авто москва
2026-07-05,Авторынки Москвы,Авторынки Москвы; Мототехника; Чаты купли-продажи,Москва / Московская область,Авто 🚗 Санкт-Петербург #Россия Питер РФ RU Москва Крым ...,чат/группа,https://t.me/avtomotospb,avtomotospb,994,"да, это чат/группа",неизвестно,В открытой web-карточке условия публикации не указаны.,не указаны в web-карточке,малый размер аудитории; фактическая активность постов/онлайн не проверена web-источником,не удалось проверить без Telegram API / просмотра t.me/s,"Добро пожаловать в AvtoMotoSpb! 🚗 Это ваше идеальное сообщество для всех любителей автомобилей и мотоциклов в Санкт-Петербурге и других регионах России. Здесь мы делимся новостями, советами, услугами и предложениями по продаже и покупке",tg-cat public search,https://tg-cat.com/@avtomotospb,https://tg-cat.com/?search=%D0%B0%D0%B2%D1%82%D0%BE%20%D1%80%D1%8B%D0%BD%D0%BE%D0%BA%20%D0%BC%D0%BE%D1%81%D0%BA%D0%B2%D0%B0&type=supergroup&lang=en,авто рынок москва
2026-07-05,Чаты купли-продажи,Авторынки Москвы; Чаты купли-продажи,Москва / Московская область,Авто продажа | авторынок | авто барахолка | тачки на пр...,канал,https://t.me/autoget,autoget,984,не удалось проверить web-источником,неизвестно,В открытой web-карточке условия публикации не указаны.,не указаны в web-карточке,малый размер аудитории; фактическая активность постов/онлайн не проверена web-источником,не удалось проверить без Telegram API / просмотра t.me/s,"🚗 **Добро пожаловать на наш канал, посвященный продаже автомобилей!** Мы предлагаем обширный выбор иномарок в Москве и по всей России. Только проверенные объявления с актуальными номерами! Подключено более 50 источников, чтобы вы могли найти именно то,",tg-cat public search,https://tg-cat.com/@autoget,https://tg-cat.com/?search=%D0%B0%D0%B2%D1%82%D0%BE%20%D0%B1%D0%B0%D1%80%D0%B0%D1%85%D0%BE%D0%BB%D0%BA%D0%B0&type=channel&lang=en; https://tg-cat.com/?search=%D0%BF%D1%80%D0%BE%D0%B4%D0%B0%D0%B6%D0%B0%20%D0%B0%D0%B2%D1%82%D0%BE&type=channel&lang=en,авто барахолка; продажа авто
2026-07-05,Авторынки Москвы,Авторынки Москвы; Чаты купли-продажи,Москва / Московская область,Продажа Б/У Авто Москва,чат/группа,https://t.me/ropdok,ropdok,972,"да, это чат/группа",неизвестно,В открытой web-карточке условия публикации не указаны.,не указаны в web-карточке,малый размер аудитории; фактическая активность постов/онлайн не проверена web-источником,не удалось проверить без Telegram API / просмотра t.me/s,,tg-cat public search,https://tg-cat.com/@ropdok,https://tg-cat.com/?search=%D0%B0%D0%B2%D1%82%D0%BE%20%D0%BC%D0%BE%D1%81%D0%BA%D0%B2%D0%B0&type=supergroup&lang=en; https://tg-cat.com/?search=%D0%BF%D1%80%D0%BE%D0%B4%D0%B0%D0%B6%D0%B0%20%D0%B0%D0%B2%D1%82%D0%BE%20%D0%BC%D0%BE%D1%81%D0%BA%D0%B2%D0%B0&type=supergroup&lang=en,авто москва; продажа авто москва
2026-07-05,Чаты купли-продажи,Авторынки Москвы; Чаты купли-продажи,Москва / Московская область,Продажа авто 🚘 Мск,канал,https://t.me/carsalemsk,carsalemsk,810,не удалось проверить web-источником,неизвестно,В открытой web-карточке условия публикации не указаны.,не указаны в web-карточке,малый размер аудитории; фактическая активность постов/онлайн не проверена web-источником,не удалось проверить без Telegram API / просмотра t.me/s,"Продаем автомобили в Москве! 🚘 Все объявления ниже рыночной стоимости. Уникальные предложения, которых нет на других площадках — не упустите шанс стать владельцем отличного авто по выгодной цене!",tg-cat public search,https://tg-cat.com/@carsalemsk,https://tg-cat.com/?search=%D0%BF%D1%80%D0%BE%D0%B4%D0%B0%D0%B6%D0%B0%20%D0%B0%D0%B2%D1%82%D0%BE&type=channel&lang=en,продажа авто
2026-07-05,Авторынки Москвы,Авторынки Москвы; Чаты купли-продажи,Москва / Московская область,Аренда авто с выкупом Москва 14,чат/группа,https://t.me/auto_pod_vykup_msk2,auto_pod_vykup_msk2,719,"да, это чат/группа",неизвестно,В открытой web-карточке условия публикации не указаны.,не указаны в web-карточке,малый размер аудитории; фактическая активность постов/онлайн не проверена web-источником,не удалось проверить без Telegram API / просмотра t.me/s,"🚗 Ищете идеальный автомобиль в Москве? У нас есть отличное предложение! Аренда авто с возможностью выкупа от 20 тыс. руб. Первый взнос. Оставьте свой телефон, и мы подберем идеальный вариант для вас! Одобрение",tg-cat public search,https://tg-cat.com/@auto_pod_vykup_msk2,https://tg-cat.com/?search=%D0%B0%D0%B2%D1%82%D0%BE%20%D0%BC%D0%BE%D1%81%D0%BA%D0%B2%D0%B0&type=supergroup&lang=en,авто москва
2026-07-05,Авторынки Москвы,Авторынки Москвы; Чаты купли-продажи,Москва / Московская область,Авторынок Москва CHAT,чат/группа,https://t.me/autorynokmochat,autorynokmochat,712,"да, это чат/группа",неизвестно,В открытой web-карточке условия публикации не указаны.,@asilich69,малый размер аудитории; фактическая активность постов/онлайн не проверена web-источником,не удалось проверить без Telegram API / просмотра t.me/s,"Авторынок Москва CHAT — это группа для продажи, покупки и обмена автомобилей в Москве и Подмосковье. Подписка стоит 10₽, а выплаты можно получить через @asilich69.",tg-cat public search,https://tg-cat.com/@autorynokmochat,https://tg-cat.com/?search=%D0%B0%D0%B2%D1%82%D0%BE%D1%80%D1%8B%D0%BD%D0%BE%D0%BA%20%D0%BC%D0%BE%D1%81%D0%BA%D0%B2%D0%B0&type=supergroup&lang=en,авторынок москва
2026-07-05,Авто ниже рынка,Авто ниже рынка; Авторынки Москвы,Москва / Московская область,AVTO_SALE_MSK,канал,https://t.me/avto_sale_msk,avto_sale_msk,690,не удалось проверить web-источником,неизвестно,В открытой web-карточке условия публикации не указаны.,не указаны в web-карточке,малый размер аудитории; фактическая активность постов/онлайн не проверена web-источником,не удалось проверить без Telegram API / просмотра t.me/s,"🚗 Добро пожаловать на канал AVTO_SALE_MSK! Здесь вы найдете автомобили ниже рыночной цены в Москве и России. Мы предлагаем вам уникальные авто из Европы и США под заказ, а также услуги выкупа и продажи 24/7. У вас есть автомобиль,",tg-cat public search,https://tg-cat.com/@avto_sale_msk,https://tg-cat.com/?search=%D0%B0%D0%B2%D1%82%D0%BE%20%D0%BD%D0%B8%D0%B6%D0%B5%20%D1%80%D1%8B%D0%BD%D0%BA%D0%B0&type=channel&lang=en; https://tg-cat.com/?search=%D0%BD%D0%B8%D0%B6%D0%B5%20%D1%80%D1%8B%D0%BD%D0%BA%D0%B0%20%D0%B0%D0%B2%D1%82%D0%BE&type=channel&lang=en,авто ниже рынка; ниже рынка авто
2026-07-05,Авторынки Москвы,Авторынки Москвы; Чаты купли-продажи,Москва / Московская область,Авто Разбор # Запчасти # Авторазборка Разборка Ростов К...,чат/группа,https://t.me/razbor_avto,razbor_avto,676,"да, это чат/группа",неизвестно,В открытой web-карточке условия публикации не указаны.,"@razborka_bot_bot, @Tehpoddergka",малый размер аудитории; фактическая активность постов/онлайн не проверена web-источником,не удалось проверить без Telegram API / просмотра t.me/s,"Группа посвящена авторазборке и продаже запчастей в Ростове, Краснодаре, Москве и Санкт-Петербурге. Доступ к информации можно получить через @razborka_bot_bot, а также есть возможность связаться с техподдержкой @Tehpoddergka. Прав",tg-cat public search,https://tg-cat.com/@razbor_avto,https://tg-cat.com/?search=%D0%B0%D0%B2%D1%82%D0%BE%20%D0%BC%D0%BE%D1%81%D0%BA%D0%B2%D0%B0&type=supergroup&lang=en,авто москва
2026-07-05,Авторынки Москвы,Авторынки Москвы; Чаты купли-продажи,Москва / Московская область,Аренда авто с выкупом Москва 10,чат/группа,https://t.me/auto_pod_vykup_moskva_10,auto_pod_vykup_moskva_10,612,"да, это чат/группа",неизвестно,В открытой web-карточке условия публикации не указаны.,не указаны в web-карточке,малый размер аудитории; фактическая активность постов/онлайн не проверена web-источником,не удалось проверить без Telegram API / просмотра t.me/s,🚗 **Получите автомобиль в собственность легко и выгодно в Москве!** Ищете надежный способ обзавестись автомобилем? У нас отличное предложение: аренда авто с выкупом всего от 20 тыс. руб. в качестве первого взноса! Просто,tg-cat public search,https://tg-cat.com/@auto_pod_vykup_moskva_10,https://tg-cat.com/?search=%D0%B0%D0%B2%D1%82%D0%BE%20%D0%BC%D0%BE%D1%81%D0%BA%D0%B2%D0%B0&type=supergroup&lang=en,авто москва
2026-07-05,Авторынки Москвы,Авторынки Москвы,Москва / Московская область,Авторынок Москва 🚘,канал,https://t.me/autorynok_moscow,autorynok_moscow,559,не удалось проверить web-источником,да / есть указание в описании,В описании есть слово “бесплатно/бесплатная”.,не указаны в web-карточке,малый размер аудитории; фактическая активность постов/онлайн не проверена web-источником,не удалось проверить без Telegram API / просмотра t.me/s,"Добро пожаловать на канал ""Авторынок Москва"" 🚘! Здесь вы найдете лучшие предложения по продаже автомобилей в Москве. ✅ Используйте наши удобные хэштеги для быстрого поиска нужного автомобиля. ✅ Публикация объявлений абсолютно бесплатна — делитесь своими",tg-cat public search,https://tg-cat.com/@autorynok_moscow,https://tg-cat.com/?search=%D0%B0%D0%B2%D1%82%D0%BE%D1%80%D1%8B%D0%BD%D0%BE%D0%BA%20%D0%BC%D0%BE%D1%81%D0%BA%D0%B2%D0%B0&type=channel&lang=en,авторынок москва
2026-07-05,Авторынки Москвы,Авторынки Москвы; Чаты купли-продажи,Москва / Московская область,РУЛИМ - авторынок Москва,чат/группа,https://t.me/mskautotorg,mskautotorg,519,"да, это чат/группа",по согласованию / неясно,"Есть контакт/упоминание размещения, но бесплатность не подтверждена.",не указаны в web-карточке,малый размер аудитории; фактическая активность постов/онлайн не проверена web-источником,не удалось проверить без Telegram API / просмотра t.me/s,"РУЛИМ - авторынок в Москве и области, а также по всей России. Здесь можно продавать автомобили, размещая свои предложения, и быстро находить подходящие варианты по выбору марки автомобиля.",tg-cat public search,https://tg-cat.com/@mskautotorg,https://tg-cat.com/?search=%D0%B0%D0%B2%D1%82%D0%BE%20%D1%80%D1%8B%D0%BD%D0%BE%D0%BA%20%D0%BC%D0%BE%D1%81%D0%BA%D0%B2%D0%B0&type=supergroup&lang=en; https://tg-cat.com/?search=%D0%B0%D0%B2%D1%82%D0%BE%D1%80%D1%8B%D0%BD%D0%BE%D0%BA%20%D0%BC%D0%BE%D1%81%D0%BA%D0%B2%D0%B0&type=supergroup&lang=en,авто рынок москва; авторынок москва
2026-07-05,Авторынки Москвы,Авторынки Москвы; Чаты купли-продажи,Москва / Московская область,Продажа/заказ авто. Москва,канал,https://t.me/prigon_avto_iz,prigon_avto_iz,495,не удалось проверить web-источником,неизвестно,В открытой web-карточке условия публикации не указаны.,не указаны в web-карточке,малый размер аудитории; фактическая активность постов/онлайн не проверена web-источником,не удалось проверить без Telegram API / просмотра t.me/s,,tg-cat public search,https://tg-cat.com/@prigon_avto_iz,https://tg-cat.com/?search=%D0%B0%D0%B2%D1%82%D0%BE%20%D0%BC%D0%BE%D1%81%D0%BA%D0%B2%D0%B0&type=channel&lang=en; https://tg-cat.com/?search=%D0%BF%D1%80%D0%BE%D0%B4%D0%B0%D0%B6%D0%B0%20%D0%B0%D0%B2%D1%82%D0%BE%20%D0%BC%D0%BE%D1%81%D0%BA%D0%B2%D0%B0&type=channel&lang=en; https://tg-cat.com/?search=%D0%BF%D1%80%D0%BE%D0%B4%D0%B0%D0%B6%D0%B0%20%D0%B0%D0%B2%D1%82%D0%BE&type=channel&lang=en,авто москва; продажа авто; продажа авто москва
2026-07-05,Авторынки Москвы,Авторынки Москвы; Чаты купли-продажи,Москва / Московская область,Продажа/выкуп/аренда авто Москва и МО 🚕,канал,https://t.me/auto_taxi,auto_taxi,481,не удалось проверить web-источником,да / есть указание в описании,В описании есть слово “бесплатно/бесплатная”.,не указаны в web-карточке,малый размер аудитории; фактическая активность постов/онлайн не проверена web-источником,не удалось проверить без Telegram API / просмотра t.me/s,"Добро пожаловать на наш канал, посвящённый продаже, выкупу и аренде автомобилей в Москве и МО! 🚕 Здесь вы найдёте актуальные объявления от собственников, а также возможность размещать свои объявления совершенно БЕСПЛАТНО. Мы создаём пространство для удоб",tg-cat public search,https://tg-cat.com/@auto_taxi,https://tg-cat.com/?search=%D0%B0%D0%B2%D1%82%D0%BE%20%D0%BC%D0%BE%D1%81%D0%BA%D0%B2%D0%B0&type=channel&lang=en; https://tg-cat.com/?search=%D0%BF%D1%80%D0%BE%D0%B4%D0%B0%D0%B6%D0%B0%20%D0%B0%D0%B2%D1%82%D0%BE%20%D0%BC%D0%BE%D1%81%D0%BA%D0%B2%D0%B0&type=channel&lang=en; https://tg-cat.com/?search=%D0%BF%D1%80%D0%BE%D0%B4%D0%B0%D0%B6%D0%B0%20%D0%B0%D0%B2%D1%82%D0%BE&type=channel&lang=en,авто москва; продажа авто; продажа авто москва
2026-07-05,Авторынки Москвы,Авторынки Москвы; Чаты купли-продажи,Москва / Московская область,РАЗБОРКА АВТО МОСКВА,чат/группа,https://t.me/razborka_avto_moskva,razborka_avto_moskva,411,"да, это чат/группа",по согласованию / неясно,"Есть контакт/упоминание размещения, но бесплатность не подтверждена.",@informbyro,малый размер аудитории; фактическая активность постов/онлайн не проверена web-источником,не удалось проверить без Telegram API / просмотра t.me/s,🔧🚗 Заходите на нашу разборку авто в Москве! У нас вы найдете полезную информацию и актуальные предложения. Перед размещением сообщений ознакомьтесь с правилами в закрепе. Не забудьте подписаться на наш канал @informbyro и пригласить друзей!,tg-cat public search,https://tg-cat.com/@razborka_avto_moskva,https://tg-cat.com/?search=%D0%B0%D0%B2%D1%82%D0%BE%20%D0%BC%D0%BE%D1%81%D0%BA%D0%B2%D0%B0&type=supergroup&lang=en,авто москва
2026-07-05,Авторынки Москвы,Авторынки Москвы; Обмен автомобилей; Чаты купли-продажи,Москва / Московская область,"ОБЪЯВЛЕНИЯ МОСКВЫ (Работа, Услуги, Товары, Аренда, Купл...",чат/группа,https://t.me/mskbazar,mskbazar,408,"да, это чат/группа",неизвестно,В открытой web-карточке условия публикации не указаны.,не указаны в web-карточке,малый размер аудитории; фактическая активность постов/онлайн не проверена web-источником,не удалось проверить без Telegram API / просмотра t.me/s,"Группа объявлений Москвы, где разрешено публиковать информацию о работе, услугах, товарах, аренде, купле-продаже, вакансиях и продаже авто, за исключением запрещенного законом РФ и рекламы каналов и групп.",tg-cat public search,https://tg-cat.com/@mskbazar,https://tg-cat.com/?search=%D0%BA%D1%83%D0%BF%D0%BB%D1%8E%20%D0%BF%D1%80%D0%BE%D0%B4%D0%B0%D0%BC%20%D0%B0%D0%B2%D1%82%D0%BE&type=supergroup&lang=en; https://tg-cat.com/?search=%D0%BA%D1%83%D0%BF%D0%BB%D1%8F%20%D0%BF%D1%80%D0%BE%D0%B4%D0%B0%D0%B6%D0%B0%20%D0%BE%D0%B1%D0%BC%D0%B5%D0%BD%20%D0%B0%D0%B2%D1%82%D0%BE&type=supergroup&lang=en; https://tg-cat.com/?search=%D0%BE%D0%B1%D0%BC%D0%B5%D0%BD%20%D0%B0%D0%B2%D1%82%D0%BE&type=supergroup&lang=en; https://tg-cat.com/?search=%D0%BF%D1%80%D0%BE%D0%B4%D0%B0%D0%B6%D0%B0%20%D0%B0%D0%B2%D1%82%D0%BE%20%D0%BC%D0%BE%D1%81%D0%BA%D0%B2%D0%B0&type=supergroup&lang=en,куплю продам авто; купля продажа обмен авто; обмен авто; продажа авто москва
2026-07-05,Авторынки Москвы,Авторынки Москвы; Чаты купли-продажи,Москва / Московская область,АвтоРынокРФ Москва,чат/группа,https://t.me/avtorfmoscou,avtorfmoscou,370,"да, это чат/группа",неизвестно,В открытой web-карточке условия публикации не указаны.,не указаны в web-карточке,малый размер аудитории; фактическая активность постов/онлайн не проверена web-источником,не удалось проверить без Telegram API / просмотра t.me/s,,tg-cat public search,https://tg-cat.com/@avtorfmoscou,https://tg-cat.com/?search=%D0%B0%D0%B2%D1%82%D0%BE%D1%80%D1%8B%D0%BD%D0%BE%D0%BA%20%D0%BC%D0%BE%D1%81%D0%BA%D0%B2%D0%B0&type=supergroup&lang=en,авторынок москва
2026-07-05,Авторынки Москвы,Авторынки Москвы,Москва / Московская область,Битые Авто Москва,канал,https://t.me/auto_dtp1,auto_dtp1,332,не удалось проверить web-источником,неизвестно,В открытой web-карточке условия публикации не указаны.,@maxi1512,малый размер аудитории; фактическая активность постов/онлайн не проверена web-источником,не удалось проверить без Telegram API / просмотра t.me/s,"Добро пожаловать на наш канал ""БИТЫЕ АВТО РФ""! 🚙🚗 Здесь вы найдете только самые актуальные предложения по продаже битых автомобилей. Если у вас есть авто, которое вы хотите разместить, свяжитесь с @maxi1512. Прис",tg-cat public search,https://tg-cat.com/@auto_dtp1,https://tg-cat.com/?search=%D0%B0%D0%B2%D1%82%D0%BE%20%D0%BC%D0%BE%D1%81%D0%BA%D0%B2%D0%B0&type=channel&lang=en,авто москва
2026-07-05,Авторынки Москвы,Авторынки Москвы; Обмен автомобилей; Чаты купли-продажи,Москва / Московская область,АВТОРЫНОК МОСКВА,чат/группа,https://t.me/avtorunok_msk,avtorunok_msk,314,"да, это чат/группа",неизвестно,В открытой web-карточке условия публикации не указаны.,не указаны в web-карточке,малый размер аудитории; фактическая активность постов/онлайн не проверена web-источником,не удалось проверить без Telegram API / просмотра t.me/s,Добро пожаловать в мир авто на Авторыке Москвы! 🚘 Здесь вы найдете всё необходимое для успешной покупки и продажи автомобилей. Ищете идеальное авто или хотите выгодно продать своё? Мы поможем вам в этом! 🔥 Также предлагем услуги по,tg-cat public search,https://tg-cat.com/@avtorunok_msk,https://tg-cat.com/?search=%D0%B0%D0%B2%D1%82%D0%BE%D1%80%D1%8B%D0%BD%D0%BE%D0%BA%20%D0%BC%D0%BE%D1%81%D0%BA%D0%B2%D0%B0&type=supergroup&lang=en; https://tg-cat.com/?search=%D0%BE%D0%B1%D0%BC%D0%B5%D0%BD%20%D0%B0%D0%B2%D1%82%D0%BE&type=supergroup&lang=en,авторынок москва; обмен авто
2026-07-05,Авторынки Москвы,Авторынки Москвы; Чаты купли-продажи,Москва / Московская область,авторынок | Москва,чат/группа,https://t.me/automsk_1,automsk_1,271,"да, это чат/группа",неизвестно,В открытой web-карточке условия публикации не указаны.,не указаны в web-карточке,малый размер аудитории; фактическая активность постов/онлайн не проверена web-источником,не удалось проверить без Telegram API / просмотра t.me/s,"Добро пожаловать в нашу сообщество на авторынке Москвы! 🚗✨ Если вы в поисках идеального автомобиля, вы попали по адресу! У нас вы найдете широкий ассортимент машин, отвечающих любым пожеланиям и возможностям: от новых и подержанных до",tg-cat public search,https://tg-cat.com/@automsk_1,https://tg-cat.com/?search=%D0%B0%D0%B2%D1%82%D0%BE%D1%80%D1%8B%D0%BD%D0%BE%D0%BA%20%D0%BC%D0%BE%D1%81%D0%BA%D0%B2%D0%B0&type=supergroup&lang=en,авторынок москва
2026-07-05,Авторынки Москвы,Авторынки Москвы; Чаты купли-продажи,Москва / Московская область,АВТОРЫНОК | ИВАНОВО ЯРОСЛАВЛЬ КОСТРОМА МОСКВА,чат/группа,https://t.me/car_marke1,car_marke1,263,"да, это чат/группа",по согласованию / неясно,"Есть контакт/упоминание размещения, но бесплатность не подтверждена.",@fediego,малый размер аудитории; фактическая активность постов/онлайн не проверена web-источником,не удалось проверить без Telegram API / просмотра t.me/s,"Группа посвящена авторынку в городах Иваново, Ярославль, Кострома и Москве. Админ канала - @fediego. Ссылка на канал: https://t.me/makler_auto.",tg-cat public search,https://tg-cat.com/@car_marke1,https://tg-cat.com/?search=%D0%B0%D0%B2%D1%82%D0%BE%D1%80%D1%8B%D0%BD%D0%BE%D0%BA%20%D0%BC%D0%BE%D1%81%D0%BA%D0%B2%D0%B0&type=supergroup&lang=en,авторынок москва
2026-07-05,Авторынки Москвы,Авторынки Москвы,Москва / Московская область,Avtometis | авто из Кореи и Китая | автоподбор,канал,https://t.me/luzhkovcars,luzhkovcars,240,не удалось проверить web-источником,неизвестно,В открытой web-карточке условия публикации не указаны.,не указаны в web-карточке,малый размер аудитории; фактическая активность постов/онлайн не проверена web-источником,не удалось проверить без Telegram API / просмотра t.me/s,"**Описание канала ""Luzhkov Cars""** Добро пожаловать на канал ""Luzhkov Cars""! Здесь вы найдете лучшие предложения по продаже проверенных автомобилей в Москве. Мы предлагаем: ✅ Продажа только качественных и проверенных автомобилей 💵 Услуга выкупа",tg-cat public search,https://tg-cat.com/@luzhkovcars,https://tg-cat.com/?search=%D0%BF%D1%80%D0%BE%D0%B4%D0%B0%D0%B6%D0%B0%20%D0%B0%D0%B2%D1%82%D0%BE%20%D0%BC%D0%BE%D1%81%D0%BA%D0%B2%D0%B0&type=channel&lang=en,продажа авто москва
2026-07-05,Авторынки Москвы,Авторынки Москвы; Чаты купли-продажи,Москва / Московская область,Авторынок Москва и Московская область. Автомобильные но...,чат/группа,https://t.me/avtoprodajashatura,avtoprodajashatura,236,"да, это чат/группа",неизвестно,В открытой web-карточке условия публикации не указаны.,не указаны в web-карточке,малый размер аудитории; фактическая активность постов/онлайн не проверена web-источником,не удалось проверить без Telegram API / просмотра t.me/s,,tg-cat public search,https://tg-cat.com/@avtoprodajashatura,https://tg-cat.com/?search=%D0%B0%D0%B2%D1%82%D0%BE%D1%80%D1%8B%D0%BD%D0%BE%D0%BA%20%D0%BC%D0%BE%D1%81%D0%BA%D0%B2%D0%B0&type=supergroup&lang=en,авторынок москва
2026-07-05,Авторынки Москвы,Авто ниже рынка; Авторынки Москвы; Обмен автомобилей; Чаты купли-продажи,Москва / Московская область,🚘 Авто по низу рынка | Рынок Москва Авито # Срочно # Ни...,чат/группа,https://t.me/automoscowsale,automoscowsale,236,"да, это чат/группа",по согласованию / неясно,"Есть контакт/упоминание размещения, но бесплатность не подтверждена.",не указаны в web-карточке,малый размер аудитории; фактическая активность постов/онлайн не проверена web-источником,не удалось проверить без Telegram API / просмотра t.me/s,💬 Добро пожаловать в чат AutoMoscowSale! Здесь вы сможете оперативно находить и размещать объявления о продаже автомобилей по низким ценам в Москве. 🚗 Ищете идеальный авто или хотите быстро продать свой? Не упустите свою возможность - в нашем со,tg-cat public search,https://tg-cat.com/@automoscowsale,https://tg-cat.com/?search=%D0%B0%D0%B2%D1%82%D0%BE%20%D0%BC%D0%BE%D1%81%D0%BA%D0%B2%D0%B0&type=supergroup&lang=en; https://tg-cat.com/?search=%D0%B0%D0%B2%D1%82%D0%BE%20%D0%BD%D0%B8%D0%B6%D0%B5%20%D1%80%D1%8B%D0%BD%D0%BA%D0%B0&type=supergroup&lang=en; https://tg-cat.com/?search=%D0%B0%D0%B2%D1%82%D0%BE%20%D0%BF%D0%BE%20%D0%BD%D0%B8%D0%B7%D1%83%20%D1%80%D1%8B%D0%BD%D0%BA%D0%B0&type=supergroup&lang=en; https://tg-cat.com/?search=%D0%B0%D0%B2%D1%82%D0%BE%20%D1%80%D1%8B%D0%BD%D0%BE%D0%BA%20%D0%BC%D0%BE%D1%81%D0%BA%D0%B2%D0%B0&type=supergroup&lang=en; https://tg-cat.com/?search=%D0%B0%D0%B2%D1%82%D0%BE%D1%80%D1%8B%D0%BD%D0%BE%D0%BA%20%D0%BC%D0%BE%D1%81%D0%BA%D0%B2%D0%B0&type=supergroup&lang=en; https://tg-cat.com/?search=%D0%BA%D1%83%D0%BF%D0%B8%D1%82%D1%8C%20%D0%BF%D1%80%D0%BE%D0%B4%D0%B0%D1%82%D1%8C%20%D0%B0%D0%B2%D1%82%D0%BE&type=supergroup&lang=en; https://tg-cat.com/?search=%D0%BD%D0%B8%D0%B6%D0%B5%20%D1%80%D1%8B%D0%BD%D0%BA%D0%B0%20%D0%B0%D0%B2%D1%82%D0%BE&type=supergroup&lang=en; https://tg-cat.com/?search=%D0%BE%D0%B1%D0%BC%D0%B5%D0%BD%20%D0%B0%D0%B2%D1%82%D0%BE&type=supergroup&lang=en; https://tg-cat.com/?search=%D0%BF%D0%BE%20%D0%BD%D0%B8%D0%B7%D1%83%20%D1%80%D1%8B%D0%BD%D0%BA%D0%B0&type=supergroup&lang=en; https://tg-cat.com/?search=%D0%BF%D1%80%D0%BE%D0%B4%D0%B0%D0%B6%D0%B0%20%D0%B0%D0%B2%D1%82%D0%BE%20%D0%BC%D0%BE%D1%81%D0%BA%D0%B2%D0%B0&type=supergroup&lang=en,авто москва; авто ниже рынка; авто по низу рынка; авто рынок москва; авторынок москва; купить продать авто; ниже рынка авто; обмен авто; по низу рынка; продажа авто москва
2026-07-05,Авторынки Москвы,Авторынки Москвы; Чаты купли-продажи,Москва / Московская область,Авто Рынок Москва,чат/группа,https://t.me/avtorinokmoskve,avtorinokmoskve,217,"да, это чат/группа",неизвестно,В открытой web-карточке условия публикации не указаны.,не указаны в web-карточке,малый размер аудитории; фактическая активность постов/онлайн не проверена web-источником,не удалось проверить без Telegram API / просмотра t.me/s,"Группа ""Авто Рынок Москва"" посвящена покупке, продаже и аренде автомобилей в Москве.",tg-cat public search,https://tg-cat.com/@avtorinokmoskve,https://tg-cat.com/?search=%D0%B0%D0%B2%D1%82%D0%BE%20%D0%BC%D0%BE%D1%81%D0%BA%D0%B2%D0%B0&type=supergroup&lang=en; https://tg-cat.com/?search=%D0%B0%D0%B2%D1%82%D0%BE%20%D1%80%D1%8B%D0%BD%D0%BE%D0%BA%20%D0%BC%D0%BE%D1%81%D0%BA%D0%B2%D0%B0&type=supergroup&lang=en,авто москва; авто рынок москва
2026-07-05,Авторынки Москвы,Авторынки Москвы; Чаты купли-продажи,Москва / Московская область,АВТОРЫНОК МОСКВА,канал,https://t.me/avtorinok_moskva,avtorinok_moskva,206,не удалось проверить web-источником,неизвестно,В открытой web-карточке условия публикации не указаны.,не указаны в web-карточке,малый размер аудитории; фактическая активность постов/онлайн не проверена web-источником,не удалось проверить без Telegram API / просмотра t.me/s,"🎉 Добро пожаловать на канал «Авторы́нок Москва»! 🚗 Здесь вы найдете лучшие объявления для покупки и продажи автомобилей в столице! Мы объединяем продавцов и покупателей, чтобы вы могли быстро и удобно найти свой идеальный автомобиль. Ищете что-то конкретное?",tg-cat public search,https://tg-cat.com/@avtorinok_moskva,https://tg-cat.com/?search=%D0%B0%D0%B2%D1%82%D0%BE%D1%80%D1%8B%D0%BD%D0%BE%D0%BA%20%D0%BC%D0%BE%D1%81%D0%BA%D0%B2%D0%B0&type=channel&lang=en; https://tg-cat.com/?search=%D0%BA%D1%83%D0%BF%D0%B8%D1%82%D1%8C%20%D0%BF%D1%80%D0%BE%D0%B4%D0%B0%D1%82%D1%8C%20%D0%B0%D0%B2%D1%82%D0%BE&type=channel&lang=en,авторынок москва; купить продать авто
2026-07-05,Авторынки Москвы,Авторынки Москвы; Чаты купли-продажи,Москва / Московская область,АВТОРЫНОК МОСКВА КГ🇰🇬,чат/группа,https://t.me/kasymov130,kasymov130,205,"да, это чат/группа",неизвестно,В открытой web-карточке условия публикации не указаны.,не указаны в web-карточке,малый размер аудитории; фактическая активность постов/онлайн не проверена web-источником,не удалось проверить без Telegram API / просмотра t.me/s,,tg-cat public search,https://tg-cat.com/@kasymov130,https://tg-cat.com/?search=%D0%B0%D0%B2%D1%82%D0%BE%D1%80%D1%8B%D0%BD%D0%BE%D0%BA%20%D0%BC%D0%BE%D1%81%D0%BA%D0%B2%D0%B0&type=supergroup&lang=en,авторынок москва
2026-07-05,Авторынки Москвы,Авто ниже рынка; Авторынки Москвы; Чаты купли-продажи,Москва / Московская область,Авторынок Москва | АВТО ПО НИЗУ РЫНКА,чат/группа,https://t.me/nestoksalechat,nestoksalechat,199,"да, это чат/группа",неизвестно,В открытой web-карточке условия публикации не указаны.,не указаны в web-карточке,малый размер аудитории; фактическая активность постов/онлайн не проверена web-источником,не удалось проверить без Telegram API / просмотра t.me/s,,tg-cat public search,https://tg-cat.com/@nestoksalechat,https://tg-cat.com/?search=%D0%B0%D0%B2%D1%82%D0%BE%20%D0%BC%D0%BE%D1%81%D0%BA%D0%B2%D0%B0&type=supergroup&lang=en; https://tg-cat.com/?search=%D0%B0%D0%B2%D1%82%D0%BE%20%D0%BF%D0%BE%20%D0%BD%D0%B8%D0%B7%D1%83%20%D1%80%D1%8B%D0%BD%D0%BA%D0%B0&type=supergroup&lang=en; https://tg-cat.com/?search=%D0%B0%D0%B2%D1%82%D0%BE%D1%80%D1%8B%D0%BD%D0%BE%D0%BA%20%D0%BC%D0%BE%D1%81%D0%BA%D0%B2%D0%B0&type=supergroup&lang=en; https://tg-cat.com/?search=%D0%BF%D0%BE%20%D0%BD%D0%B8%D0%B7%D1%83%20%D1%80%D1%8B%D0%BD%D0%BA%D0%B0&type=supergroup&lang=en,авто москва; авто по низу рынка; авторынок москва; по низу рынка
2026-07-05,Авторынки Москвы,Авторынки Москвы; Чаты купли-продажи,Москва / Московская область,S.Auto Авторынок Москва/МО CHAT,чат/группа,https://t.me/sautorynokmskchat,sautorynokmskchat,181,"да, это чат/группа",неизвестно,В открытой web-карточке условия публикации не указаны.,не указаны в web-карточке,малый размер аудитории; фактическая активность постов/онлайн не проверена web-источником,не удалось проверить без Telegram API / просмотра t.me/s,,tg-cat public search,https://tg-cat.com/@sautorynokmskchat,https://tg-cat.com/?search=%D0%B0%D0%B2%D1%82%D0%BE%D1%80%D1%8B%D0%BD%D0%BE%D0%BA%20%D0%BC%D0%BE%D1%81%D0%BA%D0%B2%D0%B0&type=supergroup&lang=en,авторынок москва
2026-07-05,Авторынки Москвы,Авторынки Москвы; Чаты купли-продажи,Москва / Московская область,Авторынок Москва Россия,чат/группа,https://t.me/moscowcarsell,moscowcarsell,159,"да, это чат/группа",неизвестно,В открытой web-карточке условия публикации не указаны.,не указаны в web-карточке,малый размер аудитории; фактическая активность постов/онлайн не проверена web-источником,не удалось проверить без Telegram API / просмотра t.me/s,"🚗✨ Ищете идеальный автомобиль в Москве? Присоединяйтесь к нашему чату! Здесь вы найдете лучшие предложения по покупке и продаже авто, а также запчасти. Делитесь фото и получайте советы. Заказ водительских прав - все в одном месте!",tg-cat public search,https://tg-cat.com/@moscowcarsell,https://tg-cat.com/?search=%D0%B0%D0%B2%D1%82%D0%BE%D1%80%D1%8B%D0%BD%D0%BE%D0%BA%20%D0%BC%D0%BE%D1%81%D0%BA%D0%B2%D0%B0&type=supergroup&lang=en; https://tg-cat.com/?search=%D0%BF%D1%80%D0%BE%D0%B4%D0%B0%D0%B6%D0%B0%20%D0%B0%D0%B2%D1%82%D0%BE%20%D0%BC%D0%BE%D1%81%D0%BA%D0%B2%D0%B0&type=supergroup&lang=en,авторынок москва; продажа авто москва
2026-07-05,Авторынки Москвы,Авторынки Москвы,Москва / Московская область,Выкуп авто с выездом в Москве,канал,https://t.me/salesavto,salesavto,110,не удалось проверить web-источником,неизвестно,В открытой web-карточке условия публикации не указаны.,не указаны в web-карточке,малый размер аудитории; фактическая активность постов/онлайн не проверена web-источником,не удалось проверить без Telegram API / просмотра t.me/s,"Добро пожаловать на канал «Drive_Emotions»! ❗️ Мы — автосалон «DRIVE», и мы рады предложить вам широкий выбор автомобилей из Европы, Китая, Кореи и ОАЭ. Наша команда профессионалов готова помочь вам найти иде",tg-cat public search,https://tg-cat.com/@salesavto,https://tg-cat.com/?search=%D0%B0%D0%B2%D1%82%D0%BE%20%D0%BC%D0%BE%D1%81%D0%BA%D0%B2%D0%B0&type=channel&lang=en,авто москва
2026-07-05,Авторынки Москвы,Авторынки Москвы; Чаты купли-продажи,Москва / Московская область,АВТОРЫНОК | Москва | МО • ЧАТ,чат/группа,https://t.me/ammo77_chat,ammo77_chat,107,"да, это чат/группа",неизвестно,В открытой web-карточке условия публикации не указаны.,не указаны в web-карточке,малый размер аудитории; фактическая активность постов/онлайн не проверена web-источником,не удалось проверить без Telegram API / просмотра t.me/s,,tg-cat public search,https://tg-cat.com/@ammo77_chat,https://tg-cat.com/?search=%D0%B0%D0%B2%D1%82%D0%BE%D1%80%D1%8B%D0%BD%D0%BE%D0%BA%20%D0%BC%D0%BE%D1%81%D0%BA%D0%B2%D0%B0&type=supergroup&lang=en,авторынок москва
2026-07-05,Авторынки Москвы,Авторынки Москвы; Чаты купли-продажи,Москва / Московская область,"Купить, продать авто Москва",канал,https://t.me/SaleAutoMoscow,SaleAutoMoscow,102,не удалось проверить web-источником,неизвестно,В открытой web-карточке условия публикации не указаны.,не указаны в web-карточке,малый размер аудитории; фактическая активность постов/онлайн не проверена web-источником,не удалось проверить без Telegram API / просмотра t.me/s,"🌟 Добро пожаловать на наш канал! Здесь вы найдете всё для покупки и продажи автомобилей в Москве. 🚗✨ Мы — крупнейший рынок автомобилей в Телеграм, где свежие предложения и выгодные сделки ждут вас! 💰 Присоединяйтесь и сделайте свой авт",tg-cat public search,https://tg-cat.com/@SaleAutoMoscow,https://tg-cat.com/?search=%D0%B0%D0%B2%D1%82%D0%BE%20%D0%BC%D0%BE%D1%81%D0%BA%D0%B2%D0%B0&type=channel&lang=en; https://tg-cat.com/?search=%D0%B0%D0%B2%D1%82%D0%BE%20%D1%80%D1%8B%D0%BD%D0%BE%D0%BA%20%D0%BC%D0%BE%D1%81%D0%BA%D0%B2%D0%B0&type=channel&lang=en; https://tg-cat.com/?search=%D0%BA%D1%83%D0%BF%D0%B8%D1%82%D1%8C%20%D0%BF%D1%80%D0%BE%D0%B4%D0%B0%D1%82%D1%8C%20%D0%B0%D0%B2%D1%82%D0%BE&type=channel&lang=en; https://tg-cat.com/?search=%D0%BF%D1%80%D0%BE%D0%B4%D0%B0%D0%B6%D0%B0%20%D0%B0%D0%B2%D1%82%D0%BE%20%D0%BC%D0%BE%D1%81%D0%BA%D0%B2%D0%B0&type=channel&lang=en; https://tg-cat.com/?search=%D0%BF%D1%80%D0%BE%D0%B4%D0%B0%D0%B6%D0%B0%20%D0%B0%D0%B2%D1%82%D0%BE&type=channel&lang=en,авто москва; авто рынок москва; купить продать авто; продажа авто; продажа авто москва
2026-07-05,Авторынки Москвы,Авторынки Москвы; Чаты купли-продажи,Москва / Московская область,Авторынок Москва,чат/группа,https://t.me/premauto,premauto,98,"да, это чат/группа",неизвестно,В открытой web-карточке условия публикации не указаны.,не указаны в web-карточке,малый размер аудитории; фактическая активность постов/онлайн не проверена web-источником,не удалось проверить без Telegram API / просмотра t.me/s,,tg-cat public search,https://tg-cat.com/@premauto,https://tg-cat.com/?search=%D0%B0%D0%B2%D1%82%D0%BE%D1%80%D1%8B%D0%BD%D0%BE%D0%BA%20%D0%BC%D0%BE%D1%81%D0%BA%D0%B2%D0%B0&type=supergroup&lang=en,авторынок москва
2026-07-05,Авторынки Москвы,Авто ниже рынка; Авторынки Москвы,Москва / Московская область,Авто ниже рынка Москва,канал,https://t.me/perekupvg,perekupvg,77,не удалось проверить web-источником,неизвестно,В открытой web-карточке условия публикации не указаны.,не указаны в web-карточке,малый размер аудитории; фактическая активность постов/онлайн не проверена web-источником,не удалось проверить без Telegram API / просмотра t.me/s,"🔧 Добро пожаловать на наш канал ""Авто ниже рынка Москва""! 🚗 Здесь вы найдете автомобили по самым лучшим ценам, которые предложит рынок! 🌟 Мы предлагаем: - Варианты для перепродажи с выгодой для вас! 🤑 - Срочный",tg-cat public search,https://tg-cat.com/@perekupvg,https://tg-cat.com/?search=%D0%B0%D0%B2%D1%82%D0%BE%20%D0%BC%D0%BE%D1%81%D0%BA%D0%B2%D0%B0&type=channel&lang=en; https://tg-cat.com/?search=%D0%B0%D0%B2%D1%82%D0%BE%20%D0%BD%D0%B8%D0%B6%D0%B5%20%D1%80%D1%8B%D0%BD%D0%BA%D0%B0&type=channel&lang=en; https://tg-cat.com/?search=%D0%BD%D0%B8%D0%B6%D0%B5%20%D1%80%D1%8B%D0%BD%D0%BA%D0%B0%20%D0%B0%D0%B2%D1%82%D0%BE&type=channel&lang=en,авто москва; авто ниже рынка; ниже рынка авто
2026-07-05,Авторынки Москвы,Авторынки Москвы; Чаты купли-продажи,Москва / Московская область,Продажа авто Москва МО,чат/группа,https://t.me/carsalesmoscowmo,carsalesmoscowmo,72,"да, это чат/группа",неизвестно,В открытой web-карточке условия публикации не указаны.,не указаны в web-карточке,малый размер аудитории; фактическая активность постов/онлайн не проверена web-источником,не удалось проверить без Telegram API / просмотра t.me/s,,tg-cat public search,https://tg-cat.com/@carsalesmoscowmo,https://tg-cat.com/?search=%D0%B0%D0%B2%D1%82%D0%BE%20%D0%BC%D0%BE%D1%81%D0%BA%D0%B2%D0%B0&type=supergroup&lang=en; https://tg-cat.com/?search=%D0%BF%D1%80%D0%BE%D0%B4%D0%B0%D0%B6%D0%B0%20%D0%B0%D0%B2%D1%82%D0%BE%20%D0%BC%D0%BE%D1%81%D0%BA%D0%B2%D0%B0&type=supergroup&lang=en,авто москва; продажа авто москва
2026-07-05,Авторынки Москвы,Авторынки Москвы; Чаты купли-продажи,Москва / Московская область,АВТОРЫНОК | МОСКВА,чат/группа,https://t.me/avtorynok_moskva2,avtorynok_moskva2,69,"да, это чат/группа",неизвестно,В открытой web-карточке условия публикации не указаны.,не указаны в web-карточке,малый размер аудитории; фактическая активность постов/онлайн не проверена web-источником,не удалось проверить без Telegram API / просмотра t.me/s,,tg-cat public search,https://tg-cat.com/@avtorynok_moskva2,https://tg-cat.com/?search=%D0%B0%D0%B2%D1%82%D0%BE%D1%80%D1%8B%D0%BD%D0%BE%D0%BA%20%D0%BC%D0%BE%D1%81%D0%BA%D0%B2%D0%B0&type=supergroup&lang=en,авторынок москва
2026-07-05,Авторынки Москвы,Авторынки Москвы; Мототехника; Чаты купли-продажи,Москва / Московская область,Продажа авто Москва МО,канал,https://t.me/carsalesmoscow,carsalesmoscow,66,не удалось проверить web-источником,неизвестно,В открытой web-карточке условия публикации не указаны.,не указаны в web-карточке,малый размер аудитории; фактическая активность постов/онлайн не проверена web-источником,не удалось проверить без Telegram API / просмотра t.me/s,"🚗 **АвтоМагнит: Продажа автомобилей в Москве и МО!** Ищи идеальный авто для себя или для выгодной перепродажи! Продавай свои машины, мотоциклы и спецтехнику легко и быстро. Подпишись на наш канал",tg-cat public search,https://tg-cat.com/@carsalesmoscow,https://tg-cat.com/?search=%D0%B0%D0%B2%D1%82%D0%BE%20%D0%BC%D0%BE%D1%81%D0%BA%D0%B2%D0%B0&type=channel&lang=en; https://tg-cat.com/?search=%D0%BF%D1%80%D0%BE%D0%B4%D0%B0%D0%B6%D0%B0%20%D0%B0%D0%B2%D1%82%D0%BE%20%D0%BC%D0%BE%D1%81%D0%BA%D0%B2%D0%B0&type=channel&lang=en; https://tg-cat.com/?search=%D0%BF%D1%80%D0%BE%D0%B4%D0%B0%D0%B6%D0%B0%20%D0%B0%D0%B2%D1%82%D0%BE&type=channel&lang=en,авто москва; продажа авто; продажа авто москва
2026-07-05,Авторынки Москвы,Авторынки Москвы; Чаты купли-продажи,Москва / Московская область,Продажа авто в России,канал,https://t.me/avto_prodazha_rf,avto_prodazha_rf,56,не удалось проверить web-источником,неизвестно,В открытой web-карточке условия публикации не указаны.,не указаны в web-карточке,малый размер аудитории; фактическая активность постов/онлайн не проверена web-источником,не удалось проверить без Telegram API / просмотра t.me/s,🚗 **Канал о продаже автомобилей в России** 🚗 Добро пожаловать на наш канал! Здесь вы найдете самые актуальные частные объявления по продаже автомобилей в России. Мы поможем вам подобрать идеальный автомобиль по вашим параметрам в Москве и Московской области. Наши,tg-cat public search,https://tg-cat.com/@avto_prodazha_rf,https://tg-cat.com/?search=%D0%BF%D1%80%D0%BE%D0%B4%D0%B0%D0%B6%D0%B0%20%D0%B0%D0%B2%D1%82%D0%BE%20%D0%BC%D0%BE%D1%81%D0%BA%D0%B2%D0%B0&type=channel&lang=en; https://tg-cat.com/?search=%D0%BF%D1%80%D0%BE%D0%B4%D0%B0%D0%B6%D0%B0%20%D0%B0%D0%B2%D1%82%D0%BE&type=channel&lang=en,продажа авто; продажа авто москва
2026-07-05,Авторынки Москвы,Авторынки Москвы; Чаты купли-продажи,Москва / Московская область,Купить-продать авто? Легко&#33; Москва и МО,чат/группа,https://t.me/kypuprodaiavtochat,kypuprodaiavtochat,54,"да, это чат/группа",неизвестно,В открытой web-карточке условия публикации не указаны.,не указаны в web-карточке,малый размер аудитории; фактическая активность постов/онлайн не проверена web-источником,не удалось проверить без Telegram API / просмотра t.me/s,,tg-cat public search,https://tg-cat.com/@kypuprodaiavtochat,https://tg-cat.com/?search=%D0%BF%D1%80%D0%BE%D0%B4%D0%B0%D0%B6%D0%B0%20%D0%B0%D0%B2%D1%82%D0%BE%20%D0%BC%D0%BE%D1%81%D0%BA%D0%B2%D0%B0&type=supergroup&lang=en,продажа авто москва
2026-07-05,Авторынки Москвы,Авторынки Москвы,Москва / Московская область,Деньги под ПТС ; Выкуп - Продажа Авто; Автоломбард ; Ав...,канал,https://t.me/AautoMan,AautoMan,49,не удалось проверить web-источником,неизвестно,В открытой web-карточке условия публикации не указаны.,не указаны в web-карточке,малый размер аудитории; фактическая активность постов/онлайн не проверена web-источником,не удалось проверить без Telegram API / просмотра t.me/s,"🚗💰 Добро пожаловать на наш канал! Здесь вы найдете все о скупке и продаже автомобилей, автокредитовании и автоломбарде в Москве и по всей России. Если вы хотите быстро продать свой автомобиль, но не готовы с ним расстаться, или",tg-cat public search,https://tg-cat.com/@AautoMan,https://tg-cat.com/?search=%D0%BF%D1%80%D0%BE%D0%B4%D0%B0%D0%B6%D0%B0%20%D0%B0%D0%B2%D1%82%D0%BE%20%D0%BC%D0%BE%D1%81%D0%BA%D0%B2%D0%B0&type=channel&lang=en,продажа авто москва
2026-07-05,Авторынки Москвы,Авторынки Москвы; Чаты купли-продажи,Москва / Московская область,Авто продажа срочно москва,чат/группа,https://t.me/avtoprodaja123,avtoprodaja123,48,"да, это чат/группа",неизвестно,В открытой web-карточке условия публикации не указаны.,не указаны в web-карточке,малый размер аудитории; фактическая активность постов/онлайн не проверена web-источником,не удалось проверить без Telegram API / просмотра t.me/s,,tg-cat public search,https://tg-cat.com/@avtoprodaja123,https://tg-cat.com/?search=%D0%BF%D1%80%D0%BE%D0%B4%D0%B0%D0%B6%D0%B0%20%D0%B0%D0%B2%D1%82%D0%BE%20%D0%BC%D0%BE%D1%81%D0%BA%D0%B2%D0%B0&type=supergroup&lang=en,продажа авто москва
2026-07-05,Авторынки Москвы,Авторынки Москвы,Москва / Московская область,АВТО РЫНОК МОСКВА,канал,https://t.me/nizavto,nizavto,48,не удалось проверить web-источником,неизвестно,В открытой web-карточке условия публикации не указаны.,не указаны в web-карточке,малый размер аудитории; фактическая активность постов/онлайн не проверена web-источником,не удалось проверить без Telegram API / просмотра t.me/s,,tg-cat public search,https://tg-cat.com/@nizavto,https://tg-cat.com/?search=%D0%B0%D0%B2%D1%82%D0%BE%20%D0%BC%D0%BE%D1%81%D0%BA%D0%B2%D0%B0&type=channel&lang=en; https://tg-cat.com/?search=%D0%B0%D0%B2%D1%82%D0%BE%20%D1%80%D1%8B%D0%BD%D0%BE%D0%BA%20%D0%BC%D0%BE%D1%81%D0%BA%D0%B2%D0%B0&type=channel&lang=en,авто москва; авто рынок москва
2026-07-05,Авторынки Москвы,Авторынки Москвы; Чаты купли-продажи,Москва / Московская область,🚘АВТО🚘РЫНОК🚘МОСКВА🚘УЗБЕКИСТАН🚘,чат/группа,https://t.me/avto_rinok_moscwa,avto_rinok_moscwa,47,"да, это чат/группа",неизвестно,В открытой web-карточке условия публикации не указаны.,не указаны в web-карточке,малый размер аудитории; фактическая активность постов/онлайн не проверена web-источником,не удалось проверить без Telegram API / просмотра t.me/s,,tg-cat public search,https://tg-cat.com/@avto_rinok_moscwa,https://tg-cat.com/?search=%D0%B0%D0%B2%D1%82%D0%BE%20%D1%80%D1%8B%D0%BD%D0%BE%D0%BA%20%D0%BC%D0%BE%D1%81%D0%BA%D0%B2%D0%B0&type=supergroup&lang=en,авто рынок москва
2026-07-05,Авторынки Москвы,Авторынки Москвы; Чаты купли-продажи,Москва / Московская область,"Москва и М.О-Подбор авто,выкуп авто.",чат/группа,https://t.me/avtopodbormoscow777,avtopodbormoscow777,37,"да, это чат/группа",неизвестно,В открытой web-карточке условия публикации не указаны.,не указаны в web-карточке,малый размер аудитории; фактическая активность постов/онлайн не проверена web-источником,не удалось проверить без Telegram API / просмотра t.me/s,,tg-cat public search,https://tg-cat.com/@avtopodbormoscow777,https://tg-cat.com/?search=%D0%B0%D0%B2%D1%82%D0%BE%20%D0%BC%D0%BE%D1%81%D0%BA%D0%B2%D0%B0&type=supergroup&lang=en,авто москва
2026-07-05,Авторынки Москвы,Авторынки Москвы; Чаты купли-продажи,Москва / Московская область,UV-AUTO Продажа авто в Москве и московской области,чат/группа,https://t.me/uvauto,uvauto,27,"да, это чат/группа",неизвестно,В открытой web-карточке условия публикации не указаны.,не указаны в web-карточке,малый размер аудитории; фактическая активность постов/онлайн не проверена web-источником,не удалось проверить без Telegram API / просмотра t.me/s,,tg-cat public search,https://tg-cat.com/@uvauto,https://tg-cat.com/?search=%D0%BF%D1%80%D0%BE%D0%B4%D0%B0%D0%B6%D0%B0%20%D0%B0%D0%B2%D1%82%D0%BE%20%D0%BC%D0%BE%D1%81%D0%BA%D0%B2%D0%B0&type=supergroup&lang=en,продажа авто москва
2026-07-05,Мототехника,Авто ниже рынка; Авторынки Москвы; Мототехника; Чаты купли-продажи,Москва / Московская область,Купить продать мототехнику ниже рынка СПб МСК РФ,чат/группа,https://t.me/motoskupshik,motoskupshik,24,"да, это чат/группа",неизвестно,В открытой web-карточке условия публикации не указаны.,не указаны в web-карточке,малый размер аудитории; фактическая активность постов/онлайн не проверена web-источником,не удалось проверить без Telegram API / просмотра t.me/s,,tg-cat public search,https://tg-cat.com/@motoskupshik,https://tg-cat.com/?search=%D0%BC%D0%BE%D1%82%D0%BE%D1%82%D0%B5%D1%85%D0%BD%D0%B8%D0%BA%D0%B0&type=supergroup&lang=en,мототехника
2026-07-05,Авторынки Москвы,Авторынки Москвы; Чаты купли-продажи,Москва / Московская область,Авторынок Москва | Объявления,чат/группа,https://t.me/avtorynok_moskvai,avtorynok_moskvai,19,"да, это чат/группа",неизвестно,В открытой web-карточке условия публикации не указаны.,не указаны в web-карточке,малый размер аудитории; фактическая активность постов/онлайн не проверена web-источником,не удалось проверить без Telegram API / просмотра t.me/s,,tg-cat public search,https://tg-cat.com/@avtorynok_moskvai,https://tg-cat.com/?search=%D0%B0%D0%B2%D1%82%D0%BE%D1%80%D1%8B%D0%BD%D0%BE%D0%BA%20%D0%BC%D0%BE%D1%81%D0%BA%D0%B2%D0%B0&type=supergroup&lang=en,авторынок москва
2026-07-05,Авторынки Москвы,Авторынки Москвы; Чаты купли-продажи,Москва / Московская область,Авторынок Москва🇷🇺,чат/группа,https://t.me/ru_cars,ru_cars,16,"да, это чат/группа",неизвестно,В открытой web-карточке условия публикации не указаны.,не указаны в web-карточке,малый размер аудитории; фактическая активность постов/онлайн не проверена web-источником,не удалось проверить без Telegram API / просмотра t.me/s,,tg-cat public search,https://tg-cat.com/@ru_cars,https://tg-cat.com/?search=%D0%B0%D0%B2%D1%82%D0%BE%D1%80%D1%8B%D0%BD%D0%BE%D0%BA%20%D0%BC%D0%BE%D1%81%D0%BA%D0%B2%D0%B0&type=supergroup&lang=en,авторынок москва
2026-07-05,Авто ниже рынка,Авто ниже рынка; Авторынки Москвы; Чаты купли-продажи,Москва / Московская область,Покупка/Продажа Авто Мск И Мо,чат/группа,https://t.me/carsofmoscowandmo,carsofmoscowandmo,11,"да, это чат/группа",неизвестно,В открытой web-карточке условия публикации не указаны.,не указаны в web-карточке,малый размер аудитории; фактическая активность постов/онлайн не проверена web-источником,не удалось проверить без Telegram API / просмотра t.me/s,,tg-cat public search,https://tg-cat.com/@carsofmoscowandmo,https://tg-cat.com/?search=%D0%B0%D0%B2%D1%82%D0%BE%20%D0%BF%D0%BE%20%D0%BD%D0%B8%D0%B7%D1%83%20%D1%80%D1%8B%D0%BD%D0%BA%D0%B0&type=supergroup&lang=en; https://tg-cat.com/?search=%D0%BF%D0%BE%20%D0%BD%D0%B8%D0%B7%D1%83%20%D1%80%D1%8B%D0%BD%D0%BA%D0%B0&type=supergroup&lang=en,авто по низу рынка; по низу рынка
2026-07-05,Авторынки Москвы,Авторынки Москвы; Чаты купли-продажи,Москва / Московская область,Авторынок только Москва,чат/группа,https://t.me/automoscow77,automoscow77,8,"да, это чат/группа",неизвестно,В открытой web-карточке условия публикации не указаны.,не указаны в web-карточке,малый размер аудитории; фактическая активность постов/онлайн не проверена web-источником,не удалось проверить без Telegram API / просмотра t.me/s,,tg-cat public search,https://tg-cat.com/@automoscow77,https://tg-cat.com/?search=%D0%B0%D0%B2%D1%82%D0%BE%D1%80%D1%8B%D0%BD%D0%BE%D0%BA%20%D0%BC%D0%BE%D1%81%D0%BA%D0%B2%D0%B0&type=supergroup&lang=en,авторынок москва
2026-07-05,Авторынки Москвы,Авторынки Москвы; Чаты купли-продажи,Москва / Московская область,Авторынок Москва,чат/группа,https://t.me/avtorynokmoskval,avtorynokmoskval,5,"да, это чат/группа",неизвестно,В открытой web-карточке условия публикации не указаны.,не указаны в web-карточке,малый размер аудитории; фактическая активность постов/онлайн не проверена web-источником,не удалось проверить без Telegram API / просмотра t.me/s,,tg-cat public search,https://tg-cat.com/@avtorynokmoskval,https://tg-cat.com/?search=%D0%B0%D0%B2%D1%82%D0%BE%D1%80%D1%8B%D0%BD%D0%BE%D0%BA%20%D0%BC%D0%BE%D1%81%D0%BA%D0%B2%D0%B0&type=supergroup&lang=en,авторынок москва
2026-07-05,Авторынки Москвы,Авторынки Москвы; Чаты купли-продажи,Москва / Московская область,Авторынок Москва 🇰🇬🇷🇺,чат/группа,https://t.me/avtorynokmoskva1,avtorynokmoskva1,4,"да, это чат/группа",неизвестно,В открытой web-карточке условия публикации не указаны.,не указаны в web-карточке,малый размер аудитории; фактическая активность постов/онлайн не проверена web-источником,не удалось проверить без Telegram API / просмотра t.me/s,,tg-cat public search,https://tg-cat.com/@avtorynokmoskva1,https://tg-cat.com/?search=%D0%B0%D0%B2%D1%82%D0%BE%D1%80%D1%8B%D0%BD%D0%BE%D0%BA%20%D0%BC%D0%BE%D1%81%D0%BA%D0%B2%D0%B0&type=supergroup&lang=en,авторынок москва
2026-07-05,Авторынки Москвы,Авторынки Москвы; Чаты купли-продажи,Москва / Московская область,ПРОДАЖА АВТО МОСКВА,чат/группа,https://t.me/transportsale,transportsale,3,"да, это чат/группа",неизвестно,В открытой web-карточке условия публикации не указаны.,не указаны в web-карточке,малый размер аудитории; фактическая активность постов/онлайн не проверена web-источником,не удалось проверить без Telegram API / просмотра t.me/s,,tg-cat public search,https://tg-cat.com/@transportsale,https://tg-cat.com/?search=%D0%BF%D1%80%D0%BE%D0%B4%D0%B0%D0%B6%D0%B0%20%D0%B0%D0%B2%D1%82%D0%BE%20%D0%BC%D0%BE%D1%81%D0%BA%D0%B2%D0%B0&type=supergroup&lang=en,продажа авто москва
2026-07-05,Авторынки Москвы,Авторынки Москвы,Москва / Московская область,Авторынок Москва Продажа автомобиля,канал,https://t.me/automoscowr,automoscowr,2,не удалось проверить web-источником,неизвестно,В открытой web-карточке условия публикации не указаны.,не указаны в web-карточке,малый размер аудитории; фактическая активность постов/онлайн не проверена web-источником,не удалось проверить без Telegram API / просмотра t.me/s,,tg-cat public search,https://tg-cat.com/@automoscowr,https://tg-cat.com/?search=%D0%B0%D0%B2%D1%82%D0%BE%D1%80%D1%8B%D0%BD%D0%BE%D0%BA%20%D0%BC%D0%BE%D1%81%D0%BA%D0%B2%D0%B0&type=channel&lang=en,авторынок москва
2026-07-05,Авторынки Москвы,,Не указано / другой регион,"LikeAvto - Авто из Китая, Кореи, Японии",канал,https://t.me/likeatg,likeatg,85705,не удалось проверить web-источником,неизвестно,В открытой web-карточке условия публикации не указаны.,не указаны в web-карточке,высокий размер аудитории; фактическая активность постов/онлайн не проверена web-источником,не удалось проверить без Telegram API / просмотра t.me/s,"**Описание канала:** Добро пожаловать на канал «LikeAvto»! 🚗✨ Мы специализируемся на привозе автомобилей из Кореи, Китая и Японии под заказ с огромной выгодой для вас — от 500.000 ₽! Все за",tg-cat public search,https://tg-cat.com/@likeatg,https://tg-cat.com/?search=%D0%B0%D0%B2%D1%82%D0%BE%20%D0%BC%D0%BE%D1%81%D0%BA%D0%B2%D0%B0&type=channel&lang=en,авто москва
2026-07-05,Мототехника,Мототехника; Чаты купли-продажи,Не указано / другой регион,Авторынок ЛНР / Продажа авто-мото LPR / Луганск автомоб...,чат/группа,https://t.me/avtolpr,avtolpr,62058,"да, это чат/группа",да / есть указание в описании,В описании есть слово “бесплатно/бесплатная”.,@redaktor181,высокий размер аудитории; фактическая активность постов/онлайн не проверена web-источником,не удалось проверить без Telegram API / просмотра t.me/s,"🚗✨ На авторынке ЛНР лучшие предложения! Продавай и покупай авто и мото на нашем канале Авто Объявлений №1. 💎 Публикация бесплатна для автомобилей до 200000 рублей. Все вопросы - @redaktor181, а для",tg-cat public search,https://tg-cat.com/@avtolpr,https://tg-cat.com/?search=%D0%BF%D1%80%D0%BE%D0%B4%D0%B0%D0%B6%D0%B0%20%D0%B0%D0%B2%D1%82%D0%BE&type=supergroup&lang=en; https://tg-cat.com/?search=%D0%BF%D1%80%D0%BE%D0%B4%D0%B0%D0%B6%D0%B0%20%D0%BC%D0%BE%D1%82%D0%BE&type=supergroup&lang=en,продажа авто; продажа мото
2026-07-05,Чаты купли-продажи,Чаты купли-продажи,Не указано / другой регион,Авторынок Казань | Татарстан | Объявления,чат/группа,https://t.me/tatarstan_avtorynok,tatarstan_avtorynok,55521,"да, это чат/группа",неизвестно,В открытой web-карточке условия публикации не указаны.,не указаны в web-карточке,высокий размер аудитории; фактическая активность постов/онлайн не проверена web-источником,не удалось проверить без Telegram API / просмотра t.me/s,"Добро пожаловать в сообщество ""Авторынок Казань""! 🚗✨ Здесь вы найдете актуальные объявления о продаже автомобилей в Казани и Татарстане. Мы создали пространство для общения и обмена информацией, где каждый может найти свой идеальный автомобиль. Обратите внимание на правила",tg-cat public search,https://tg-cat.com/@tatarstan_avtorynok,https://tg-cat.com/?search=%D0%B0%D0%B2%D1%82%D0%BE%D1%80%D1%8B%D0%BD%D0%BE%D0%BA&type=supergroup&lang=en,авторынок
2026-07-05,Чаты купли-продажи,Чаты купли-продажи,Не указано / другой регион,Авторынок Донецк ДНР,канал,https://t.me/auto_donetskv,auto_donetskv,50258,не удалось проверить web-источником,неизвестно,В открытой web-карточке условия публикации не указаны.,не указаны в web-карточке,высокий размер аудитории; фактическая активность постов/онлайн не проверена web-источником,не удалось проверить без Telegram API / просмотра t.me/s,🎉 Приветствую вас на канале «Авторынок Донецк ДНР»! 🚗💨 Здесь вы найдете все самое актуальное о продажах автомобилей в Донецке и вокруг ДНР! Ищите новый автомобиль мечты или хотите продать свой?,tg-cat public search,https://tg-cat.com/@auto_donetskv,https://tg-cat.com/?search=%D0%B0%D0%B2%D1%82%D0%BE%D1%80%D1%8B%D0%BD%D0%BE%D0%BA&type=channel&lang=en,авторынок
2026-07-05,Чаты купли-продажи,Чаты купли-продажи,Не указано / другой регион,Autopark.ua - №1 з продажу авто в Україні,чат/группа,https://t.me/autoparkua4,autoparkua4,45138,"да, это чат/группа",неизвестно,В открытой web-карточке условия публикации не указаны.,не указаны в web-карточке,средний/высокий размер аудитории; фактическая активность постов/онлайн не проверена web-источником,не удалось проверить без Telegram API / просмотра t.me/s,"Autopark.ua - провідна компанія з продажу автомобілів в Україні. Вони спеціалізуються на купівлі, продажу та обміні авто з пробігом, забезпечуючи клієнтів комфортом, поки ті займаються своїми справами",tg-cat public search,https://tg-cat.com/@autoparkua4,https://tg-cat.com/?search=%D0%BF%D1%80%D0%BE%D0%B4%D0%B0%D0%B6%D0%B0%20%D0%B0%D0%B2%D1%82%D0%BE&type=supergroup&lang=en,продажа авто
2026-07-05,Чаты купли-продажи,Чаты купли-продажи,Не указано / другой регион,Авторынок Крым | Объявления,чат/группа,https://t.me/avtomobili_kryma,avtomobili_kryma,42676,"да, это чат/группа",неизвестно,В открытой web-карточке условия публикации не указаны.,не указаны в web-карточке,средний/высокий размер аудитории; фактическая активность постов/онлайн не проверена web-источником,не удалось проверить без Telegram API / просмотра t.me/s,"🚗 Присоединяйтесь к нашему чату об авторынке в Крыму! Здесь вы найдете свежие объявления, но помните о правилах: реклама и нецензурная лексика запрещены! Убедитесь, что ваши сообщения соответствуют требованиям.",tg-cat public search,https://tg-cat.com/@avtomobili_kryma,https://tg-cat.com/?search=%D0%B0%D0%B2%D1%82%D0%BE%D1%80%D1%8B%D0%BD%D0%BE%D0%BA&type=supergroup&lang=en,авторынок
2026-07-05,Чаты купли-продажи,Мототехника; Чаты купли-продажи,Не указано / другой регион,Автомаркет | Продажа авто ЛНР | ДНР,чат/группа,https://t.me/avtomarket_lnr,avtomarket_lnr,42121,"да, это чат/группа",по согласованию / неясно,"Есть контакт/упоминание размещения, но бесплатность не подтверждена.",@luganskGroup_bot,средний/высокий размер аудитории; фактическая активность постов/онлайн не проверена web-источником,не удалось проверить без Telegram API / просмотра t.me/s,"Группа ""Автомаркет"" посвящена продаже автомобилей и мотоциклов в ЛНР и ДНР. Здесь публикуются объявления о продаже подержанных автомобилей и автоуслугах. Связь с администратором через @luganskGroup_bot.",tg-cat public search,https://tg-cat.com/@avtomarket_lnr,https://tg-cat.com/?search=%D0%BF%D1%80%D0%BE%D0%B4%D0%B0%D0%B6%D0%B0%20%D0%B0%D0%B2%D1%82%D0%BE&type=supergroup&lang=en,продажа авто
2026-07-05,Мототехника,Мототехника; Чаты купли-продажи,Не указано / другой регион,АВТО ПЛЮС 3/1,чат/группа,https://t.me/avtoprov,avtoprov,37306,"да, это чат/группа",платно или частично платно,В описании есть указание на платную рекламу/размещение.,не указаны в web-карточке,средний/высокий размер аудитории; фактическая активность постов/онлайн не проверена web-источником,не удалось проверить без Telegram API / просмотра t.me/s,"АВТО ПЛЮС 3/1 предоставляет услуги по продаже, покупке и проверке автомобилей, спецтехники, мототехники и водного транспорта. Проверка авто по госномеру и VIN стоит 60 рублей. Также доступны запчасти. Реклама платная",tg-cat public search,https://tg-cat.com/@avtoprov,https://tg-cat.com/?search=%D0%BA%D1%83%D0%BF%D0%B8%D1%82%D1%8C%20%D0%BF%D1%80%D0%BE%D0%B4%D0%B0%D1%82%D1%8C%20%D0%B0%D0%B2%D1%82%D0%BE&type=supergroup&lang=en; https://tg-cat.com/?search=%D0%BC%D0%BE%D1%82%D0%BE%D1%82%D0%B5%D1%85%D0%BD%D0%B8%D0%BA%D0%B0&type=supergroup&lang=en,купить продать авто; мототехника
2026-07-05,Чаты купли-продажи,Чаты купли-продажи,Не указано / другой регион,Bashkort AUTO / продажа новых автомобилей / Башкорт Авт...,канал,https://t.me/Bashkort_auto,Bashkort_auto,35726,не удалось проверить web-источником,неизвестно,В открытой web-карточке условия публикации не указаны.,не указаны в web-карточке,средний/высокий размер аудитории; фактическая активность постов/онлайн не проверена web-источником,не удалось проверить без Telegram API / просмотра t.me/s,"**Описание канала:** Добро пожаловать на канал **Bashkort AUTO**! 🚗 Здесь вы найдете всё о продаже новых и подержанных автомобилей в Уфе. Мы предлагаем широкий ассортимент, включая автомобили LADA и Haval, а также услуги по заказу автомобилей из Кит",tg-cat public search,https://tg-cat.com/@Bashkort_auto,https://tg-cat.com/?search=%D0%BF%D1%80%D0%BE%D0%B4%D0%B0%D0%B6%D0%B0%20%D0%B0%D0%B2%D1%82%D0%BE&type=channel&lang=en,продажа авто
2026-07-05,Мототехника,Мототехника,Не указано / другой регион,Авто из Японии - Япония-Трейд,канал,https://t.me/japantradevl,japantradevl,35433,не удалось проверить web-источником,неизвестно,В открытой web-карточке условия публикации не указаны.,не указаны в web-карточке,средний/высокий размер аудитории; фактическая активность постов/онлайн не проверена web-источником,не удалось проверить без Telegram API / просмотра t.me/s,"Добро пожаловать на канал ""Авто из Японии - Япония-Трейд""! Здесь вы найдете широкий ассортимент автомобилей из Японии, специально для вас. Мы предлагаем подбор и доставку автомобилей, а также консультации по всем вопросам, связанным с покупкой. 👉 О",tg-cat public search,https://tg-cat.com/@japantradevl,https://tg-cat.com/?search=%D0%BC%D0%BE%D1%82%D0%BE&type=channel&lang=en,мото
2026-07-05,Чаты купли-продажи,Чаты купли-продажи,Не указано / другой регион,Авторынок * Продажа Машин,канал,https://t.me/prodayavtorf,prodayavtorf,27481,не удалось проверить web-источником,неизвестно,В открытой web-карточке условия публикации не указаны.,не указаны в web-карточке,средний/высокий размер аудитории; фактическая активность постов/онлайн не проверена web-источником,не удалось проверить без Telegram API / просмотра t.me/s,"Добро пожаловать на наш канал, посвященный авторынку и продаже автомобилей! 🚗 Здесь вы найдете полезные советы о том, как эффективно выбрать и купить свою любимую машину, а также как избежать мошенников и не попасться на уловки недобросовестных продавцов",tg-cat public search,https://tg-cat.com/@prodayavtorf,https://tg-cat.com/?search=%D0%B0%D0%B2%D1%82%D0%BE%D1%80%D1%8B%D0%BD%D0%BE%D0%BA&type=channel&lang=en,авторынок
2026-07-05,Мототехника,Мототехника; Чаты купли-продажи,Не указано / другой регион,АВТОРЫНОК Avito,чат/группа,https://t.me/autotrade77,autotrade77,26902,"да, это чат/группа",да / есть указание в описании,В описании есть слово “бесплатно/бесплатная”.,не указаны в web-карточке,средний/высокий размер аудитории; фактическая активность постов/онлайн не проверена web-источником,не удалось проверить без Telegram API / просмотра t.me/s,"Группа АВТОРЫНОК ПОКУПКА/ПРОДАЖА предлагает бесплатные объявления для продажи автомобилей, битых авто, спецтехники, водной и мото техники, а также помощь в поиске автомобильных документов. Это самое крупное сообще",tg-cat public search,https://tg-cat.com/@autotrade77,https://tg-cat.com/?search=%D0%B0%D0%B2%D1%82%D0%BE%D1%80%D1%8B%D0%BD%D0%BE%D0%BA&type=supergroup&lang=en; https://tg-cat.com/?search=%D0%BA%D1%83%D0%BF%D0%B8%D1%82%D1%8C%20%D0%BF%D1%80%D0%BE%D0%B4%D0%B0%D1%82%D1%8C%20%D0%B0%D0%B2%D1%82%D0%BE&type=supergroup&lang=en; https://tg-cat.com/?search=%D0%BF%D1%80%D0%BE%D0%B4%D0%B0%D0%B6%D0%B0%20%D0%BC%D0%BE%D1%82%D0%BE&type=supergroup&lang=en,авторынок; купить продать авто; продажа мото
2026-07-05,Обмен автомобилей,Обмен автомобилей; Чаты купли-продажи,Не указано / другой регион,Машина Базар 🚘,чат/группа,https://t.me/mashina_kyrgyzstan,mashina_kyrgyzstan,24504,"да, это чат/группа",неизвестно,В открытой web-карточке условия публикации не указаны.,не указаны в web-карточке,средний/высокий размер аудитории; фактическая активность постов/онлайн не проверена web-источником,не удалось проверить без Telegram API / просмотра t.me/s,"Добро пожаловать в сообщество Машина Базар! 🚘 Здесь, в самом сердце Кыргызстана 🇰🇬, мы объединяем всех любителей автомобилей. Если вы ищете, где купить, продать или обменять авто, вы попали по адресу! 🚗 Наша",tg-cat public search,https://tg-cat.com/@mashina_kyrgyzstan,https://tg-cat.com/?search=%D0%BA%D1%83%D0%BF%D0%BB%D1%8E%20%D0%BF%D1%80%D0%BE%D0%B4%D0%B0%D0%BC%20%D0%B0%D0%B2%D1%82%D0%BE&type=supergroup&lang=en; https://tg-cat.com/?search=%D0%BA%D1%83%D0%BF%D0%BB%D1%8F%20%D0%BF%D1%80%D0%BE%D0%B4%D0%B0%D0%B6%D0%B0%20%D0%BE%D0%B1%D0%BC%D0%B5%D0%BD%20%D0%B0%D0%B2%D1%82%D0%BE&type=supergroup&lang=en; https://tg-cat.com/?search=%D0%BE%D0%B1%D0%BC%D0%B5%D0%BD%20%D0%B0%D0%B2%D1%82%D0%BE&type=supergroup&lang=en,куплю продам авто; купля продажа обмен авто; обмен авто
2026-07-05,Авторынки Москвы,Чаты купли-продажи,Не указано / другой регион,"Do.kg - Работа,Вакансия,Услуги,Авто,Недвижимость,Халтур...",чат/группа,https://t.me/zherdesh,zherdesh,23892,"да, это чат/группа",неизвестно,В открытой web-карточке условия публикации не указаны.,не указаны в web-карточке,средний/высокий размер аудитории; фактическая активность постов/онлайн не проверена web-источником,не удалось проверить без Telegram API / просмотра t.me/s,"Добро пожаловать в сообщество Do.kg – ваш надежный помощник в мире возможностей! Здесь вы найдете все, что связано с работой и услугами: вакансии на любой вкус, подработку, объявления о продаже и аренде авто и недвижимости, а также много другой полез",tg-cat public search,https://tg-cat.com/@zherdesh,https://tg-cat.com/?search=%D0%B0%D0%B2%D1%82%D0%BE%20%D0%BC%D0%BE%D1%81%D0%BA%D0%B2%D0%B0&type=supergroup&lang=en; https://tg-cat.com/?search=%D0%B1%D0%B0%D1%80%D0%B0%D1%85%D0%BE%D0%BB%D0%BA%D0%B0%20%D0%B0%D0%B2%D1%82%D0%BE%20%D0%BC%D0%BE%D1%81%D0%BA%D0%B2%D0%B0&type=supergroup&lang=en; https://tg-cat.com/?search=%D0%BF%D1%80%D0%BE%D0%B4%D0%B0%D0%B6%D0%B0%20%D0%B0%D0%B2%D1%82%D0%BE%20%D0%BC%D0%BE%D1%81%D0%BA%D0%B2%D0%B0&type=supergroup&lang=en,авто москва; барахолка авто москва; продажа авто москва
2026-07-05,Чаты купли-продажи,Чаты купли-продажи,Не указано / другой регион,АВТОРЫНОК УФА/Башкортостан,чат/группа,https://t.me/autosaleufa,autosaleufa,23776,"да, это чат/группа",неизвестно,В открытой web-карточке условия публикации не указаны.,не указаны в web-карточке,средний/высокий размер аудитории; фактическая активность постов/онлайн не проверена web-источником,не удалось проверить без Telegram API / просмотра t.me/s,"Добро пожаловать в уникальный чат «Авторынок Уфа/Башкортостан»! Здесь вы найдете все о покупке и продаже автомобилей в Уфе и по всему региону Башкортостан. Общайтесь с единомышленниками, делитесь опытом, задавайте вопросы и получайте советы",tg-cat public search,https://tg-cat.com/@autosaleufa,https://tg-cat.com/?search=%D0%B0%D0%B2%D1%82%D0%BE%D1%80%D1%8B%D0%BD%D0%BE%D0%BA&type=supergroup&lang=en,авторынок
2026-07-05,Мототехника,Мототехника; Чаты купли-продажи,Не указано / другой регион,Авто Мелитополь Район,чат/группа,https://t.me/avtomotomelitopol,avtomotomelitopol,23270,"да, это чат/группа",неизвестно,В открытой web-карточке условия публикации не указаны.,не указаны в web-карточке,средний/высокий размер аудитории; фактическая активность постов/онлайн не проверена web-источником,не удалось проверить без Telegram API / просмотра t.me/s,"Добро пожаловать в наш чат ""Авто Мелитополь Район""! Здесь вы найдете все, что связано с продажей автомобилей, мотоциклов и запчастей к ним! 🚗🏍️ Не упустите возможность поделиться своим опытом, задать вопросы",tg-cat public search,https://tg-cat.com/@avtomotomelitopol,https://tg-cat.com/?search=%D0%BF%D1%80%D0%BE%D0%B4%D0%B0%D0%B6%D0%B0%20%D0%BC%D0%BE%D1%82%D0%BE&type=supergroup&lang=en,продажа мото
2026-07-05,Обмен автомобилей,Обмен автомобилей; Чаты купли-продажи,Россия / не указано точнее,🇷🇺Авторынок России🇷🇺,чат/группа,https://t.me/russiancarsale,russiancarsale,21694,"да, это чат/группа",по согласованию / неясно,"Есть контакт/упоминание размещения, но бесплатность не подтверждена.",@matveygsxr,средний/высокий размер аудитории; фактическая активность постов/онлайн не проверена web-источником,не удалось проверить без Telegram API / просмотра t.me/s,"🇷🇺Авторынок России🇷🇺 — онлайн платформа для покупки, обмена и продажи автомобилей. По вопросам рекламы обращаться к администратору в личные сообщения @matveygsxr.",tg-cat public search,https://tg-cat.com/@russiancarsale,https://tg-cat.com/?search=%D0%BE%D0%B1%D0%BC%D0%B5%D0%BD%20%D0%B0%D0%B2%D1%82%D0%BE%D0%BC%D0%BE%D0%B1%D0%B8%D0%BB%D0%B5%D0%B9&type=supergroup&lang=en,обмен автомобилей
2026-07-05,Чаты купли-продажи,Чаты купли-продажи,Россия / не указано точнее,Продажа авто по всей России,чат/группа,https://t.me/ottocarsale,ottocarsale,21582,"да, это чат/группа",неизвестно,В открытой web-карточке условия публикации не указаны.,не указаны в web-карточке,средний/высокий размер аудитории; фактическая активность постов/онлайн не проверена web-источником,не удалось проверить без Telegram API / просмотра t.me/s,,tg-cat public search,https://tg-cat.com/@ottocarsale,https://tg-cat.com/?search=%D0%BF%D1%80%D0%BE%D0%B4%D0%B0%D0%B6%D0%B0%20%D0%B0%D0%B2%D1%82%D0%BE&type=supergroup&lang=en,продажа авто
2026-07-05,Чаты купли-продажи,Чаты купли-продажи,Не указано / другой регион,АвтоРынок ДНР,канал,https://t.me/CarMarketDNR,CarMarketDNR,21438,не удалось проверить web-источником,да / есть указание в описании,В описании есть слово “бесплатно/бесплатная”.,@DA83robot,средний/высокий размер аудитории; фактическая активность постов/онлайн не проверена web-источником,не удалось проверить без Telegram API / просмотра t.me/s,"🔧 Добро пожаловать на канал «АвтоРынок ДНР»! Здесь вы найдете свежие объявления о продаже автомобилей в нашем регионе, а также редкие предложения! 🚗💨 Подайте свое объявление БЕСПЛАТНО в любое время через @DA83robot",tg-cat public search,https://tg-cat.com/@CarMarketDNR,https://tg-cat.com/?search=%D0%B0%D0%B2%D1%82%D0%BE%D1%80%D1%8B%D0%BD%D0%BE%D0%BA&type=channel&lang=en,авторынок
2026-07-05,Авто ниже рынка,Авто ниже рынка; Чаты купли-продажи,Не указано / другой регион,MR.PEREKUP - ПРОДАЖА АВТО/ВЫКУП АВТО,канал,https://t.me/misterperekup,misterperekup,20713,не удалось проверить web-источником,неизвестно,В открытой web-карточке условия публикации не указаны.,не указаны в web-карточке,средний/высокий размер аудитории; фактическая активность постов/онлайн не проверена web-источником,не удалось проверить без Telegram API / просмотра t.me/s,🌟 Добро пожаловать на канал MR.PEREKUP! 🌟 Здесь мы предлагаем вам лучшие решения для продажи и выкупа автомобилей! 🚗💨 Ищете возможность продать свой автомобиль выгодно? Мы предоставляем продажу авто ниже рынка с зазором от первых,tg-cat public search,https://tg-cat.com/@misterperekup,https://tg-cat.com/?search=%D0%B0%D0%B2%D1%82%D0%BE%20%D0%BD%D0%B8%D0%B6%D0%B5%20%D1%80%D1%8B%D0%BD%D0%BA%D0%B0&type=channel&lang=en; https://tg-cat.com/?search=%D0%BD%D0%B8%D0%B6%D0%B5%20%D1%80%D1%8B%D0%BD%D0%BA%D0%B0%20%D0%B0%D0%B2%D1%82%D0%BE&type=channel&lang=en; https://tg-cat.com/?search=%D0%BF%D1%80%D0%BE%D0%B4%D0%B0%D0%B6%D0%B0%20%D0%B0%D0%B2%D1%82%D0%BE&type=channel&lang=en,авто ниже рынка; ниже рынка авто; продажа авто
2026-07-05,Мототехника,Мототехника; Чаты купли-продажи,Россия / не указано точнее,Авторынок России,чат/группа,https://t.me/autosaletop,autosaletop,19894,"да, это чат/группа",неизвестно,В открытой web-карточке условия публикации не указаны.,не указаны в web-карточке,средний/высокий размер аудитории; фактическая активность постов/онлайн не проверена web-источником,не удалось проверить без Telegram API / просмотра t.me/s,"Добро пожаловать в нашу уникальную группу «Авторынок России»! 🌟 Здесь вы можете легко и удобно публиковать объявления о продаже автомобилей и мотоциклов – будь то мощные легковушки, внедорожники или стильные мотоциклы. 🚗🏍",tg-cat public search,https://tg-cat.com/@autosaletop,https://tg-cat.com/?search=%D0%B0%D0%B2%D1%82%D0%BE%D1%80%D1%8B%D0%BD%D0%BE%D0%BA&type=supergroup&lang=en; https://tg-cat.com/?search=%D0%BF%D1%80%D0%BE%D0%B4%D0%B0%D0%B6%D0%B0%20%D0%BC%D0%BE%D1%82%D0%BE&type=supergroup&lang=en,авторынок; продажа мото
2026-07-05,Мототехника,Мототехника,Не указано / другой регион,"JAPAN LIFE | Авто из Японии, Кореи и Китая. За 3 недели...",канал,https://t.me/jpliferu,jpliferu,18764,не удалось проверить web-источником,неизвестно,В открытой web-карточке условия публикации не указаны.,не указаны в web-карточке,средний/высокий размер аудитории; фактическая активность постов/онлайн не проверена web-источником,не удалось проверить без Telegram API / просмотра t.me/s,"**JAPAN LIFE: Ваш проводник в мир автомобилей из Японии, Кореи и Китая!** 🚘 Мы предлагаем широкий выбор автомобилей и мотоциклов на любой вкус — как в наличии, так и под заказ. Свяжитесь с нами, чтобы найти идеальное",tg-cat public search,https://tg-cat.com/@jpliferu,https://tg-cat.com/?search=%D0%BC%D0%BE%D1%82%D0%BE%D1%86%D0%B8%D0%BA%D0%BB%D1%8B&type=channel&lang=en,мотоциклы
2026-07-05,Обмен автомобилей,Обмен автомобилей; Чаты купли-продажи,Не указано / другой регион,Азовский Авторынок 🚘⚓ Продай авто (Донецк ДНР Мариуполь...,чат/группа,https://t.me/AzovAuto,AzovAuto,18742,"да, это чат/группа",неизвестно,В открытой web-карточке условия публикации не указаны.,не указаны в web-карточке,средний/высокий размер аудитории; фактическая активность постов/онлайн не проверена web-источником,не удалось проверить без Telegram API / просмотра t.me/s,"Добро пожаловать на Азовский Авторынок! 🚘⚓ Здесь вы сможете легко продать или обменять свое авто в таких городах как Донецк, Мариуполь, Луганск, Бердянск, Краснодар, Мелитополь и",tg-cat public search,https://tg-cat.com/@AzovAuto,https://tg-cat.com/?search=%D0%BE%D0%B1%D0%BC%D0%B5%D0%BD%20%D0%B0%D0%B2%D1%82%D0%BE&type=supergroup&lang=en,обмен авто
2026-07-05,Чаты купли-продажи,Чаты купли-продажи,Не указано / другой регион,Авторынок 12.5.1 | Корчей,канал,https://t.me/nestoksale,nestoksale,16968,не удалось проверить web-источником,неизвестно,В открытой web-карточке условия публикации не указаны.,не указаны в web-карточке,средний/высокий размер аудитории; фактическая активность постов/онлайн не проверена web-источником,не удалось проверить без Telegram API / просмотра t.me/s,"🔧🚗 Добро пожаловать на канал ""Авторынок 12.5.1 | Корчей""! Здесь вы найдете широкий выбор автомобилей по самым выгодным ценам. Если хотите продать свое авто — делайте это легко и быстро, отправляя информацию в наш чат ➡",tg-cat public search,https://tg-cat.com/@nestoksale,https://tg-cat.com/?search=%D0%B0%D0%B2%D1%82%D0%BE%D1%80%D1%8B%D0%BD%D0%BE%D0%BA&type=channel&lang=en,авторынок
2026-07-05,Чаты купли-продажи,Чаты купли-продажи,Не указано / другой регион,Авторынок Бишкек,чат/группа,https://t.me/avtorynokkyrgyzstan1,avtorynokkyrgyzstan1,16809,"да, это чат/группа",платно или частично платно,В описании есть указание на платную рекламу/размещение.,@Baraccuda_kg,средний/высокий размер аудитории; фактическая активность постов/онлайн не проверена web-источником,не удалось проверить без Telegram API / просмотра t.me/s,"🚗 Присоединяйтесь к обсуждению авторынка Кыргызстана! Узнайте, почему платная реклама — это надежный способ сэкономить ваше время и нервы. Ваш идеальный автомобиль ждет вас! Админ: @Baraccuda_kg.",tg-cat public search,https://tg-cat.com/@avtorynokkyrgyzstan1,https://tg-cat.com/?search=%D0%B0%D0%B2%D1%82%D0%BE%D1%80%D1%8B%D0%BD%D0%BE%D0%BA&type=supergroup&lang=en,авторынок
2026-07-05,Мототехника,Мототехника; Чаты купли-продажи,Не указано / другой регион,Паттайя Авто Мото №1 🇹🇭 Таиланд,чат/группа,https://t.me/pattayamoto,pattayamoto,16604,"да, это чат/группа",платно или частично платно,В описании есть указание на платную рекламу/размещение.,@thailandmanager,средний/высокий размер аудитории; фактическая активность постов/онлайн не проверена web-источником,не удалось проверить без Telegram API / просмотра t.me/s,"Паттайя Авто Мото №1 🇹🇭 — крупнейшая группа по аренде и продаже авто и мото техники в Паттайе, Таиланд. Коммерческие объявления размещаются платно. Для размещения рекламы обратиться к @thailandmanager.",tg-cat public search,https://tg-cat.com/@pattayamoto,https://tg-cat.com/?search=%D0%BC%D0%BE%D1%82%D0%BE&type=supergroup&lang=en,мото
2026-07-05,Обмен автомобилей,Обмен автомобилей; Чаты купли-продажи,Не указано / другой регион,Авто Базар Бердянск,чат/группа,https://t.me/brd_avto,brd_avto,16584,"да, это чат/группа",неизвестно,В открытой web-карточке условия публикации не указаны.,не указаны в web-карточке,средний/высокий размер аудитории; фактическая активность постов/онлайн не проверена web-источником,не удалось проверить без Telegram API / просмотра t.me/s,"Добро пожаловать в Авто Базар Бердянск! 🌟 Здесь вы найдете всё необходимое для вашего автомобиля: продажи, покупки и обмен автомобилей, запчастей и аксессуаров. Наша платформа — это идеальное место для автомобилистов и тех, кто хочет выгод",tg-cat public search,https://tg-cat.com/@brd_avto,https://tg-cat.com/?search=%D0%BE%D0%B1%D0%BC%D0%B5%D0%BD%20%D0%B0%D0%B2%D1%82%D0%BE&type=supergroup&lang=en,обмен авто
2026-07-05,Чаты купли-продажи,Чаты купли-продажи,Не указано / другой регион,SALECAR | ПРОДАЖА АВТО,канал,https://t.me/salecar,salecar,16367,не удалось проверить web-источником,неизвестно,В открытой web-карточке условия публикации не указаны.,не указаны в web-карточке,средний/высокий размер аудитории; фактическая активность постов/онлайн не проверена web-источником,не удалось проверить без Telegram API / просмотра t.me/s,"🔑 Добро пожаловать на канал SALECAR - это ваш надежный помощник в мире продаж автомобилей! 🚗💨 Здесь вы найдете лучшие предложения от частных продавцов, а также уникальную возможность купить автомобиль всего за один осмотр. Мы предлагаем полную проверку автомобиля сразу в ч",tg-cat public search,https://tg-cat.com/@salecar,https://tg-cat.com/?search=%D0%BF%D1%80%D0%BE%D0%B4%D0%B0%D0%B6%D0%B0%20%D0%B0%D0%B2%D1%82%D0%BE&type=channel&lang=en,продажа авто
2026-07-05,Мототехника,Мототехника,Не указано / другой регион,Корея-Трейд. Авто из Кореи. Проект Японии-Трейд,канал,https://t.me/zakazkr,zakazkr,16023,не удалось проверить web-источником,неизвестно,В открытой web-карточке условия публикации не указаны.,не указаны в web-карточке,средний/высокий размер аудитории; фактическая активность постов/онлайн не проверена web-источником,не удалось проверить без Telegram API / просмотра t.me/s,"🌏 Добро пожаловать на канал ""Корея-Трейд"" — ваш надежный источник для покупки автомобилей из Кореи! Узнайте о лучших предложениях на рынке, получайте советы по выбору и оформлению, а также оставайтесь в курсе последних новостей.",tg-cat public search,https://tg-cat.com/@zakazkr,https://tg-cat.com/?search=%D0%BC%D0%BE%D1%82%D0%BE&type=channel&lang=en,мото
2026-07-05,Чаты купли-продажи,Чаты купли-продажи,Не указано / другой регион,АвтоБазар Україна / АвтоРынок Украина,канал,https://t.me/ua_autobazar,ua_autobazar,16014,не удалось проверить web-источником,неизвестно,В открытой web-карточке условия публикации не указаны.,не указаны в web-карточке,средний/высокий размер аудитории; фактическая активность постов/онлайн не проверена web-источником,не удалось проверить без Telegram API / просмотра t.me/s,,tg-cat public search,https://tg-cat.com/@ua_autobazar,https://tg-cat.com/?search=%D0%B0%D0%B2%D1%82%D0%BE%D1%80%D1%8B%D0%BD%D0%BE%D0%BA&type=channel&lang=en,авторынок
2026-07-05,Обмен автомобилей,Обмен автомобилей; Чаты купли-продажи,Не указано / другой регион,Пхукет Барахолка 🇹🇭 Аренда,чат/группа,https://t.me/phuket_buy_sell,phuket_buy_sell,15737,"да, это чат/группа",неизвестно,В открытой web-карточке условия публикации не указаны.,не указаны в web-карточке,средний/высокий размер аудитории; фактическая активность постов/онлайн не проверена web-источником,не удалось проверить без Telegram API / просмотра t.me/s,"Группа ""Барахолка Объявления Пхукет"" предлагает информацию о недвижимости, автомобилях и услугах на Пхукете. Она включает ссылки на рекламу, аренду, услуги и правила группы.",tg-cat public search,https://tg-cat.com/@phuket_buy_sell,https://tg-cat.com/?search=%D0%BE%D0%B1%D0%BC%D0%B5%D0%BD%20%D0%B0%D0%B2%D1%82%D0%BE&type=supergroup&lang=en,обмен авто
2026-07-05,Чаты купли-продажи,Чаты купли-продажи,Не указано / другой регион,АВТОРИНОК ДНІПРО🇺🇦АВТОРЫНОК ДНЕПР,чат/группа,https://t.me/avtobazar_dnepr,avtobazar_dnepr,15492,"да, это чат/группа",неизвестно,В открытой web-карточке условия публикации не указаны.,не указаны в web-карточке,средний/высокий размер аудитории; фактическая активность постов/онлайн не проверена web-источником,не удалось проверить без Telegram API / просмотра t.me/s,"🌟 Добро пожаловать в сообщество ""Автоторг Днепр""! 🇺🇦 Здесь вы найдете все, что нужно для покупки и продажи автомобилей. Наша площадка — это идеальное место для автолюбителей, где каждый может легко обмениваться предложениями и",tg-cat public search,https://tg-cat.com/@avtobazar_dnepr,https://tg-cat.com/?search=%D0%B0%D0%B2%D1%82%D0%BE%D1%80%D1%8B%D0%BD%D0%BE%D0%BA&type=supergroup&lang=en,авторынок
2026-07-05,Чаты купли-продажи,Чаты купли-продажи,Не указано / другой регион,Авторынок Мелитополь - Барахолка🚘,чат/группа,https://t.me/avtomlt185,avtomlt185,15355,"да, это чат/группа",неизвестно,В открытой web-карточке условия публикации не указаны.,@TIMUR_3888,средний/высокий размер аудитории; фактическая активность постов/онлайн не проверена web-источником,не удалось проверить без Telegram API / просмотра t.me/s,Авторынок Мелитополь - это площадка для обмена и продажи автомобилей в Запорожской области. Для рекламы обращаться к @TIMUR_3888.,tg-cat public search,https://tg-cat.com/@avtomlt185,https://tg-cat.com/?search=%D0%B0%D0%B2%D1%82%D0%BE%D1%80%D1%8B%D0%BD%D0%BE%D0%BA&type=supergroup&lang=en,авторынок
2026-07-05,Чаты купли-продажи,Чаты купли-продажи,Не указано / другой регион,АВТОРИНОК КИЇВ🚘КУПИВ / ПРОДАВ АВТО,чат/группа,https://t.me/avtobazar_kiev_ua,avtobazar_kiev_ua,15343,"да, это чат/группа",по согласованию / неясно,"Есть контакт/упоминание размещения, но бесплатность не подтверждена.",не указаны в web-карточке,средний/высокий размер аудитории; фактическая активность постов/онлайн не проверена web-источником,не удалось проверить без Telegram API / просмотра t.me/s,"Группа ""Авторынок Киев"" посвящена покупке и продаже автомобилей. Для ознакомления с правилами можно перейти по ссылке, а администратор группы отвечает за рекламу.",tg-cat public search,https://tg-cat.com/@avtobazar_kiev_ua,https://tg-cat.com/?search=%D0%BA%D1%83%D0%BF%D0%B8%D1%82%D1%8C%20%D0%BF%D1%80%D0%BE%D0%B4%D0%B0%D1%82%D1%8C%20%D0%B0%D0%B2%D1%82%D0%BE&type=supergroup&lang=en,купить продать авто
2026-07-05,Мототехника,Мототехника; Чаты купли-продажи,Не указано / другой регион,🚙 АвтоРынок Мелитополь,чат/группа,https://t.me/avtomelitopol,avtomelitopol,15246,"да, это чат/группа",неизвестно,В открытой web-карточке условия публикации не указаны.,не указаны в web-карточке,средний/высокий размер аудитории; фактическая активность постов/онлайн не проверена web-источником,не удалось проверить без Telegram API / просмотра t.me/s,"🌟 Добро пожаловать в сообщество «АвтоРынок Мелитополь»! 🚗 Здесь мы объединяем любителей автомобилей, предлагая вам уникальную платформу для продажи, покупки и аренды авто и не только. В нашем сообществе вы найдете",tg-cat public search,https://tg-cat.com/@avtomelitopol,https://tg-cat.com/?search=%D0%BF%D1%80%D0%BE%D0%B4%D0%B0%D0%B6%D0%B0%20%D0%BC%D0%BE%D1%82%D0%BE&type=supergroup&lang=en,продажа мото
2026-07-05,Чаты купли-продажи,Чаты купли-продажи,Не указано / другой регион,Авторынок Екатеринбург,канал,https://t.me/mashiny_v_ekb,mashiny_v_ekb,15242,не удалось проверить web-источником,неизвестно,В открытой web-карточке условия публикации не указаны.,не указаны в web-карточке,средний/высокий размер аудитории; фактическая активность постов/онлайн не проверена web-источником,не удалось проверить без Telegram API / просмотра t.me/s,"🔵 Приветствуем вас на нашем канале, посвященном авторынку Екатеринбурга! 🚗✨ Здесь вы найдете актуальные вакансии и рекламные предложения, которые помогут вам в мире автомобилей. Если вы хотите разместить свою вакансию или объявление, не стесняй",tg-cat public search,https://tg-cat.com/@mashiny_v_ekb,https://tg-cat.com/?search=%D0%B0%D0%B2%D1%82%D0%BE%D1%80%D1%8B%D0%BD%D0%BE%D0%BA&type=channel&lang=en,авторынок
2026-07-05,Чаты купли-продажи,Чаты купли-продажи,Не указано / другой регион,Авторынок Казань,канал,https://t.me/mashiny_v_kazani,mashiny_v_kazani,15112,не удалось проверить web-источником,неизвестно,В открытой web-карточке условия публикации не указаны.,не указаны в web-карточке,средний/высокий размер аудитории; фактическая активность постов/онлайн не проверена web-источником,не удалось проверить без Telegram API / просмотра t.me/s,"Добро пожаловать на наш канал «Авторынок Казань»! 🚗 Здесь вы найдете все самое интересное из мира автомобилей в Казани: свежие объявления, вакансии и советы по покупке и продаже автомобилей. Хотите разместить свою вакансию или рекламу? Напишите нам",tg-cat public search,https://tg-cat.com/@mashiny_v_kazani,https://tg-cat.com/?search=%D0%B0%D0%B2%D1%82%D0%BE%D1%80%D1%8B%D0%BD%D0%BE%D0%BA&type=channel&lang=en,авторынок
2026-07-05,Мототехника,Мототехника; Чаты купли-продажи,Не указано / другой регион,АВТО РИНОК &quot;ЦЕНТР&quot; 🇺🇦,чат/группа,https://t.me/avto_bazar_u_a,avto_bazar_u_a,14593,"да, это чат/группа",по согласованию / неясно,"Есть контакт/упоминание размещения, но бесплатность не подтверждена.",@colovas_admin,средний/высокий размер аудитории; фактическая активность постов/онлайн не проверена web-источником,не удалось проверить без Telegram API / просмотра t.me/s,"Группа ""Авто Рынок Центр"" 🇺🇦 занимается продажей автомобилей и мотоциклов. Администратор: @colovas_admin.",tg-cat public search,https://tg-cat.com/@avto_bazar_u_a,https://tg-cat.com/?search=%D0%BF%D1%80%D0%BE%D0%B4%D0%B0%D0%B6%D0%B0%20%D0%BC%D0%BE%D1%82%D0%BE&type=supergroup&lang=en,продажа мото
2026-07-05,Чаты купли-продажи,Чаты купли-продажи,Не указано / другой регион,FRESH – автомобильный маркетплейс,канал,https://t.me/freshautoru,freshautoru,14483,не удалось проверить web-источником,неизвестно,В открытой web-карточке условия публикации не указаны.,не указаны в web-карточке,средний/высокий размер аудитории; фактическая активность постов/онлайн не проверена web-источником,не удалось проверить без Telegram API / просмотра t.me/s,"🌟 Добро пожаловать на канал FRESH – ваш надежный автомобильный маркетплейс! 🚗 Здесь вы сможете легко купить или продать авто, найти лучшие предложения и сохранить время и деньги. 👍 Не забывайте записаться на наш сервис Fresh и воспользоваться мобильным приложением для удоб",tg-cat public search,https://tg-cat.com/@freshautoru,https://tg-cat.com/?search=%D0%BA%D1%83%D0%BF%D0%B8%D1%82%D1%8C%20%D0%BF%D1%80%D0%BE%D0%B4%D0%B0%D1%82%D1%8C%20%D0%B0%D0%B2%D1%82%D0%BE&type=channel&lang=en,купить продать авто
2026-07-05,Чаты купли-продажи,Чаты купли-продажи,Россия / не указано точнее,ПРОДАЖА АВТО ИЗ ЕВРОПЫ,чат/группа,https://t.me/dasmotorschat,dasmotorschat,14341,"да, это чат/группа",неизвестно,В открытой web-карточке условия публикации не указаны.,не указаны в web-карточке,средний/высокий размер аудитории; фактическая активность постов/онлайн не проверена web-источником,не удалось проверить без Telegram API / просмотра t.me/s,"🌍🚗 Добро пожаловать в наше сообщество, посвященное растаможке автомобилей из Европы, США и ОАЭ! Если вы планируете приобрести автомобиль и нуждаетесь в надежном таможенном сопровождении между Беларусью и Россией, вы попали по",tg-cat public search,https://tg-cat.com/@dasmotorschat,https://tg-cat.com/?search=%D0%BF%D1%80%D0%BE%D0%B4%D0%B0%D0%B6%D0%B0%20%D0%B0%D0%B2%D1%82%D0%BE&type=supergroup&lang=en,продажа авто
2026-07-05,Авторынки Москвы,,Не указано / другой регион,Chest Import - авто в наличии,канал,https://t.me/avtosalon_syndicate,avtosalon_syndicate,14271,не удалось проверить web-источником,неизвестно,В открытой web-карточке условия публикации не указаны.,не указаны в web-карточке,средний/высокий размер аудитории; фактическая активность постов/онлайн не проверена web-источником,не удалось проверить без Telegram API / просмотра t.me/s,Добро пожаловать на канал Fresh x Dubrovskiy Syndicate! 🚗💨 Мы предлагаем вам только честные автомобили с прозрачной историей. Наша команда гарантирует: 🔘 Честную продажу авто 🔘 Честную комиссию 🔘 Ч,tg-cat public search,https://tg-cat.com/@avtosalon_syndicate,https://tg-cat.com/?search=%D0%B0%D0%B2%D1%82%D0%BE%20%D0%BC%D0%BE%D1%81%D0%BA%D0%B2%D0%B0&type=channel&lang=en; https://tg-cat.com/?search=%D0%BF%D1%80%D0%BE%D0%B4%D0%B0%D0%B6%D0%B0%20%D0%B0%D0%B2%D1%82%D0%BE%20%D0%BC%D0%BE%D1%81%D0%BA%D0%B2%D0%B0&type=channel&lang=en,авто москва; продажа авто москва
2026-07-05,Чаты купли-продажи,Чаты купли-продажи,Не указано / другой регион,Купить / продать авто номера Казань Татарстан,чат/группа,https://t.me/nomerakazan,nomerakazan,14069,"да, это чат/группа",неизвестно,В открытой web-карточке условия публикации не указаны.,не указаны в web-карточке,средний/высокий размер аудитории; фактическая активность постов/онлайн не проверена web-источником,не удалось проверить без Telegram API / просмотра t.me/s,"Добро пожаловать в сообщество любителей автомобильных номеров Казани и Татарстана! Здесь вы сможете выгодно купить или продать красивые государственные номера для вашего автомобиля. Наша платформа объединяет тех, кто ценит уникальность и стиль на дороге. Присоединяйтесь",tg-cat public search,https://tg-cat.com/@nomerakazan,https://tg-cat.com/?search=%D0%BA%D1%83%D0%BF%D0%B8%D1%82%D1%8C%20%D0%BF%D1%80%D0%BE%D0%B4%D0%B0%D1%82%D1%8C%20%D0%B0%D0%B2%D1%82%D0%BE&type=supergroup&lang=en,купить продать авто
2026-07-05,Чаты купли-продажи,Чаты купли-продажи,Не указано / другой регион,АВТОРЫНОК ХАРЬКОВ🇺🇦АВТОРИНОК ХАРКІВ,чат/группа,https://t.me/avtobazar_kharkov,avtobazar_kharkov,14020,"да, это чат/группа",неизвестно,В открытой web-карточке условия публикации не указаны.,не указаны в web-карточке,средний/высокий размер аудитории; фактическая активность постов/онлайн не проверена web-источником,не удалось проверить без Telegram API / просмотра t.me/s,"🔧 **Автопродажи в Харькове: твой надежный помощник!** 🇺🇦 Добро пожаловать на АВТОРЫНОК Харьков! Здесь ты найдешь всё, что нужно для успешной покупки или продажи автомобиля.",tg-cat public search,https://tg-cat.com/@avtobazar_kharkov,https://tg-cat.com/?search=%D0%B0%D0%B2%D1%82%D0%BE%D1%80%D1%8B%D0%BD%D0%BE%D0%BA&type=supergroup&lang=en,авторынок
2026-07-05,Чаты купли-продажи,Чаты купли-продажи,Не указано / другой регион,Авторынок Сочи,канал,https://t.me/mashiny_v_sochi,mashiny_v_sochi,13921,не удалось проверить web-источником,неизвестно,В открытой web-карточке условия публикации не указаны.,не указаны в web-карточке,средний/высокий размер аудитории; фактическая активность постов/онлайн не проверена web-источником,не удалось проверить без Telegram API / просмотра t.me/s,"Добро пожаловать на наш канал, посвященный авторынку Сочи! Здесь вы сможете найти самые свежие вакансии и рекламные объявления, связанные с автомобилями, клиентами и рынком. Нужна помощь или хотите опубликовать свою вакансию? Напишите нам в",tg-cat public search,https://tg-cat.com/@mashiny_v_sochi,https://tg-cat.com/?search=%D0%B0%D0%B2%D1%82%D0%BE%D1%80%D1%8B%D0%BD%D0%BE%D0%BA&type=channel&lang=en,авторынок
2026-07-05,Чаты купли-продажи,Чаты купли-продажи,Не указано / другой регион,ЛНР АВТО | Доска объявлений 🚘,канал,https://t.me/lnr_avto,lnr_avto,13816,не удалось проверить web-источником,неизвестно,В открытой web-карточке условия публикации не указаны.,не указаны в web-карточке,средний/высокий размер аудитории; фактическая активность постов/онлайн не проверена web-источником,не удалось проверить без Telegram API / просмотра t.me/s,"🔔 Приветствуем вас на канале ЛНР АВТО – вашем №1 источнике объявлений о продаже автомобилей в ЛНР! 🚘 Здесь вы найдете лучшие предложения как по новым, так и по подержанным машинам, которые подойдут каждому. Узнайте о",tg-cat public search,https://tg-cat.com/@lnr_avto,https://tg-cat.com/?search=%D0%BA%D1%83%D0%BF%D0%B8%D1%82%D1%8C%20%D0%BF%D1%80%D0%BE%D0%B4%D0%B0%D1%82%D1%8C%20%D0%B0%D0%B2%D1%82%D0%BE&type=channel&lang=en,купить продать авто
2026-07-05,Чаты купли-продажи,Чаты купли-продажи,Не указано / другой регион,АВТОРЫНОК ОМСК - ЧАТ,чат/группа,https://t.me/avtorynok_omsk_55,avtorynok_omsk_55,13433,"да, это чат/группа",неизвестно,В открытой web-карточке условия публикации не указаны.,не указаны в web-карточке,средний/высокий размер аудитории; фактическая активность постов/онлайн не проверена web-источником,не удалось проверить без Telegram API / просмотра t.me/s,"Добро пожаловать в сообщество ""Авторынок Омск""! 🚗🌟 Если вы ищете место, где можно обсудить автомобильные новости, обменяться опытом или поделиться предложениями, вы попали по адресу. Присоединяйтесь к нашему чату",tg-cat public search,https://tg-cat.com/@avtorynok_omsk_55,https://tg-cat.com/?search=%D0%B0%D0%B2%D1%82%D0%BE%D1%80%D1%8B%D0%BD%D0%BE%D0%BA&type=supergroup&lang=en,авторынок
2026-07-05,Чаты купли-продажи,Чаты купли-продажи,Не указано / другой регион,Авторынок Ростов-на-Дону,канал,https://t.me/mashiny_v_rostove,mashiny_v_rostove,13421,не удалось проверить web-источником,неизвестно,В открытой web-карточке условия публикации не указаны.,@global_managerEU,средний/высокий размер аудитории; фактическая активность постов/онлайн не проверена web-источником,не удалось проверить без Telegram API / просмотра t.me/s,"🚗 Добро пожаловать на канал ""Авторынок Ростов-на-Дону""! Здесь вы найдете актуальные вакансии и объявления о продаже автомобилей. Ищете работу в автомобильной сфере или хотите разместить свою рекламу? Напишите нам в @global_managerEU с 08:00",tg-cat public search,https://tg-cat.com/@mashiny_v_rostove,https://tg-cat.com/?search=%D0%B0%D0%B2%D1%82%D0%BE%D1%80%D1%8B%D0%BD%D0%BE%D0%BA&type=channel&lang=en,авторынок
2026-07-05,Чаты купли-продажи,Чаты купли-продажи,Не указано / другой регион,Авторынок Нижний Новгород,канал,https://t.me/mashiny_v_nizhnem,mashiny_v_nizhnem,12731,не удалось проверить web-источником,неизвестно,В открытой web-карточке условия публикации не указаны.,@global_managerEU,средний/высокий размер аудитории; фактическая активность постов/онлайн не проверена web-источником,не удалось проверить без Telegram API / просмотра t.me/s,"🔑 Узнайте все о авторынке Нижнего Новгорода! 🚗 Здесь вы можете опубликовать вакансии и рекламу, а также быть в курсе актуальных предложений. Свяжитесь с нашим менеджером @global_managerEU с 08:00 до",tg-cat public search,https://tg-cat.com/@mashiny_v_nizhnem,https://tg-cat.com/?search=%D0%B0%D0%B2%D1%82%D0%BE%D1%80%D1%8B%D0%BD%D0%BE%D0%BA&type=channel&lang=en,авторынок
2026-07-05,Чаты купли-продажи,Чаты купли-продажи,Не указано / другой регион,Авторынок Калининград,канал,https://t.me/mashiny_v_kaliningrade,mashiny_v_kaliningrade,12656,не удалось проверить web-источником,по согласованию / неясно,"Есть контакт/упоминание размещения, но бесплатность не подтверждена.",@global_managerEU,средний/высокий размер аудитории; фактическая активность постов/онлайн не проверена web-источником,не удалось проверить без Telegram API / просмотра t.me/s,"🌟 Добро пожаловать на канал ""Авторынок Калининград""! 🚗 Здесь вы найдете свежие вакансии и актуальные объявления о продаже автомобилей. Публикуйте свои объявления и находите интересные предложения! Для размещения рекламы обращайтесь к @global_managerEU с 08",tg-cat public search,https://tg-cat.com/@mashiny_v_kaliningrade,https://tg-cat.com/?search=%D0%B0%D0%B2%D1%82%D0%BE%D1%80%D1%8B%D0%BD%D0%BE%D0%BA&type=channel&lang=en,авторынок
2026-07-05,Чаты купли-продажи,Чаты купли-продажи,Не указано / другой регион,АВТОРЫНОК | МАГНИТОГОРСК,чат/группа,https://t.me/avtorinokmagnitigorska,avtorinokmagnitigorska,12617,"да, это чат/группа",неизвестно,В открытой web-карточке условия публикации не указаны.,не указаны в web-карточке,средний/высокий размер аудитории; фактическая активность постов/онлайн не проверена web-источником,не удалось проверить без Telegram API / просмотра t.me/s,,tg-cat public search,https://tg-cat.com/@avtorinokmagnitigorska,https://tg-cat.com/?search=%D0%B0%D0%B2%D1%82%D0%BE%D1%80%D1%8B%D0%BD%D0%BE%D0%BA&type=supergroup&lang=en,авторынок
2026-07-05,Чаты купли-продажи,Чаты купли-продажи,Не указано / другой регион,Авторынок Урала,чат/группа,https://t.me/avtourala,avtourala,12473,"да, это чат/группа",неизвестно,В открытой web-карточке условия публикации не указаны.,не указаны в web-карточке,средний/высокий размер аудитории; фактическая активность постов/онлайн не проверена web-источником,не удалось проверить без Telegram API / просмотра t.me/s,,tg-cat public search,https://tg-cat.com/@avtourala,https://tg-cat.com/?search=%D0%B0%D0%B2%D1%82%D0%BE%D1%80%D1%8B%D0%BD%D0%BE%D0%BA&type=supergroup&lang=en,авторынок
2026-07-05,Чаты купли-продажи,Чаты купли-продажи,Не указано / другой регион,Авторынок / Осетия,канал,https://t.me/auto_15,auto_15,12450,не удалось проверить web-источником,по согласованию / неясно,"Есть контакт/упоминание размещения, но бесплатность не подтверждена.",@Autom,средний/высокий размер аудитории; фактическая активность постов/онлайн не проверена web-источником,не удалось проверить без Telegram API / просмотра t.me/s,"🌟 Добро пожаловать на наш канал, посвящённый авторынку в Осетии! 🚗 Здесь вы сможете легко подать объявление о продаже или покупке авто, а также пройти проверку машины, чтобы быть уверенным в её надежности. Для этого просто используйте @Autom",tg-cat public search,https://tg-cat.com/@auto_15,https://tg-cat.com/?search=%D0%B0%D0%B2%D1%82%D0%BE%D1%80%D1%8B%D0%BD%D0%BE%D0%BA&type=channel&lang=en,авторынок
2026-07-05,Чаты купли-продажи,Чаты купли-продажи,Не указано / другой регион,Авторынок Крым,канал,https://t.me/mashiny_v_krymu,mashiny_v_krymu,12317,не удалось проверить web-источником,неизвестно,В открытой web-карточке условия публикации не указаны.,не указаны в web-карточке,средний/высокий размер аудитории; фактическая активность постов/онлайн не проверена web-источником,не удалось проверить без Telegram API / просмотра t.me/s,"🌟 Добро пожаловать на канал ""Авторынок Крым""! 🚗✨ Здесь мы создаем уникальное сообщество автолюбителей, где каждый может найти всё необходимое для успешной покупки или продажи автомобиля. Хотите разместить вакансию или рекламное объявление",tg-cat public search,https://tg-cat.com/@mashiny_v_krymu,https://tg-cat.com/?search=%D0%B0%D0%B2%D1%82%D0%BE%D1%80%D1%8B%D0%BD%D0%BE%D0%BA&type=channel&lang=en,авторынок
2026-07-05,Чаты купли-продажи,Чаты купли-продажи,Россия / не указано точнее,Авторынок России,чат/группа,https://t.me/auto_sale_rf,auto_sale_rf,12306,"да, это чат/группа",неизвестно,В открытой web-карточке условия публикации не указаны.,не указаны в web-карточке,средний/высокий размер аудитории; фактическая активность постов/онлайн не проверена web-источником,не удалось проверить без Telegram API / просмотра t.me/s,"Добро пожаловать в увлекательный мир авторынка России! Здесь вы можете найти всё о покупке и продаже автомобилей, обсуждать тенденции и делиться опытом с другими участниками. Если у вас есть вопросы, связанные с услугами или рекламой, не стесняйтесь обращаться к",tg-cat public search,https://tg-cat.com/@auto_sale_rf,https://tg-cat.com/?search=%D0%B0%D0%B2%D1%82%D0%BE%D1%80%D1%8B%D0%BD%D0%BE%D0%BA&type=supergroup&lang=en,авторынок
2026-07-05,Мототехника,Мототехника; Чаты купли-продажи,Не указано / другой регион,Авторынок Красноярск | Запчасти | Авто | Мото,чат/группа,https://t.me/autosale_krasnoyarsk,autosale_krasnoyarsk,12213,"да, это чат/группа",неизвестно,В открытой web-карточке условия публикации не указаны.,не указаны в web-карточке,средний/высокий размер аудитории; фактическая активность постов/онлайн не проверена web-источником,не удалось проверить без Telegram API / просмотра t.me/s,"🌟 Добро пожаловать в наш чат о авторынке Красноярска! 🚗🚚 Здесь вы можете обмениваться информацией о запчастях для автомобилей, мотоциклов и другой техники. У вас есть ненужные автозапчасти? 🤔 Не сто",tg-cat public search,https://tg-cat.com/@autosale_krasnoyarsk,https://tg-cat.com/?search=%D0%BC%D0%BE%D1%82%D0%BE&type=supergroup&lang=en,мото
2026-07-05,Чаты купли-продажи,Чаты купли-продажи,Не указано / другой регион,Авторынок Санкт-Петербург,канал,https://t.me/mashiny_v_spb,mashiny_v_spb,12149,не удалось проверить web-источником,по согласованию / неясно,"Есть контакт/упоминание размещения, но бесплатность не подтверждена.",не указаны в web-карточке,средний/высокий размер аудитории; фактическая активность постов/онлайн не проверена web-источником,не удалось проверить без Telegram API / просмотра t.me/s,"**Описание канала:** Добро пожаловать на канал «Авторынок Санкт-Петербург»! Здесь вы найдете все о продаже и покупке автомобилей в нашем прекрасном городе. Мы предлагаем платформу для размещения вакансий и рекламы, связанными с автомобильной темой. Наши эксперты",tg-cat public search,https://tg-cat.com/@mashiny_v_spb,https://tg-cat.com/?search=%D0%B0%D0%B2%D1%82%D0%BE%D1%80%D1%8B%D0%BD%D0%BE%D0%BA&type=channel&lang=en,авторынок
2026-07-05,Мототехника,Мототехника; Чаты купли-продажи,Не указано / другой регион,"Bali Bikes Lovers | Rentals: Motorbikes, Cars, Scooters...",чат/группа,https://t.me/balilovebike,balilovebike,11987,"да, это чат/группа",неизвестно,В открытой web-карточке условия публикации не указаны.,не указаны в web-карточке,средний/высокий размер аудитории; фактическая активность постов/онлайн не проверена web-источником,не удалось проверить без Telegram API / просмотра t.me/s,🚴‍♂️🌴 Ищете байки в аренду на Бали? Присоединяйтесь к Bali Love! Всё о байках и мото техниках на одном месте! Делитесь объявлениями и находите идеальный транспорт для вашего приключения! 🏍️,tg-cat public search,https://tg-cat.com/@balilovebike,https://tg-cat.com/?search=%D0%BC%D0%BE%D1%82%D0%BE%D1%86%D0%B8%D0%BA%D0%BB%D1%8B&type=supergroup&lang=en,мотоциклы
2026-07-05,Чаты купли-продажи,Чаты купли-продажи,Не указано / другой регион,Авторынок Краснодар,канал,https://t.me/mashiny_v_krasnodare,mashiny_v_krasnodare,11624,не удалось проверить web-источником,неизвестно,В открытой web-карточке условия публикации не указаны.,@global_managerEU,средний/высокий размер аудитории; фактическая активность постов/онлайн не проверена web-источником,не удалось проверить без Telegram API / просмотра t.me/s,Добро пожаловать на авторынок Краснодара! 🚗✨ Здесь вы найдете все самое интересное из мира автомобилей: от свежих вакансий до ярких рекламных предложений. Хотите разместить свою вакансию или объявление? Просто напишите @global_managerEU с,tg-cat public search,https://tg-cat.com/@mashiny_v_krasnodare,https://tg-cat.com/?search=%D0%B0%D0%B2%D1%82%D0%BE%D1%80%D1%8B%D0%BD%D0%BE%D0%BA&type=channel&lang=en,авторынок
2026-07-05,Мототехника,Мототехника; Чаты купли-продажи,Не указано / другой регион,Авто-Мото Мариуполь,чат/группа,https://t.me/avtomotomatik,avtomotomatik,11577,"да, это чат/группа",неизвестно,В открытой web-карточке условия публикации не указаны.,не указаны в web-карточке,средний/высокий размер аудитории; фактическая активность постов/онлайн не проверена web-источником,не удалось проверить без Telegram API / просмотра t.me/s,"Группа ""Авто-Мото Мариуполь"" предназначена для объявлений о продаже и покупке автомобильной, мото- и велотехники. Запрещены политические, военные и религиозные объявления, а также реклама алкоголя, наркотиков и конт",tg-cat public search,https://tg-cat.com/@avtomotomatik,https://tg-cat.com/?search=%D0%BC%D0%BE%D1%82%D0%BE&type=supergroup&lang=en,мото
2026-07-05,Чаты купли-продажи,Чаты купли-продажи,Не указано / другой регион,Авторынок Владивосток,канал,https://t.me/mashiny_v_vladivostoke,mashiny_v_vladivostoke,11389,не удалось проверить web-источником,неизвестно,В открытой web-карточке условия публикации не указаны.,@global_managerEU,средний/высокий размер аудитории; фактическая активность постов/онлайн не проверена web-источником,не удалось проверить без Telegram API / просмотра t.me/s,"🌟 Добро пожаловать на канал ""Авторынок Владивосток""! 🚗 Здесь вы можете оперативно найти и разместить вакансии, а также рекламные объявления по автомобильной тематике. Просто пишите нам в @global_managerEU с 08:00 до 20",tg-cat public search,https://tg-cat.com/@mashiny_v_vladivostoke,https://tg-cat.com/?search=%D0%B0%D0%B2%D1%82%D0%BE%D1%80%D1%8B%D0%BD%D0%BE%D0%BA&type=channel&lang=en,авторынок
2026-07-05,Чаты купли-продажи,Чаты купли-продажи,Не указано / другой регион,Донецк АвтоРынок,чат/группа,https://t.me/AVTORynok_DNR,AVTORynok_DNR,10905,"да, это чат/группа",по согласованию / неясно,"Есть контакт/упоминание размещения, но бесплатность не подтверждена.","@CarMarketDNR, @DA83robot, @ArchAndrei",средний/высокий размер аудитории; фактическая активность постов/онлайн не проверена web-источником,не удалось проверить без Telegram API / просмотра t.me/s,Донецк АвтоРынок - канал для объявлений о продаже автомобилей @CarMarketDNR. Для публикации используйте бота @DA83robot. Администратор: @ArchAndrei.,tg-cat public search,https://tg-cat.com/@AVTORynok_DNR,https://tg-cat.com/?search=%D0%B0%D0%B2%D1%82%D0%BE%D1%80%D1%8B%D0%BD%D0%BE%D0%BA&type=supergroup&lang=en,авторынок
2026-07-05,Чаты купли-продажи,Чаты купли-продажи,Не указано / другой регион,Авторынок Оренбург | Объявления,чат/группа,https://t.me/autorynok_orenburg,autorynok_orenburg,10829,"да, это чат/группа",по согласованию / неясно,"Есть контакт/упоминание размещения, но бесплатность не подтверждена.",не указаны в web-карточке,средний/высокий размер аудитории; фактическая активность постов/онлайн не проверена web-источником,не удалось проверить без Telegram API / просмотра t.me/s,"Добро пожаловать в чат авторынка Оренбург! Здесь вы найдете актуальные объявления о продаже автомобилей, но помните, что у нас действуют строгие правила, чтобы поддерживать порядок и комфорт общения.⚠️ В нашем чате запрещено размещать рекламу с ссылками",tg-cat public search,https://tg-cat.com/@autorynok_orenburg,https://tg-cat.com/?search=%D0%B0%D0%B2%D1%82%D0%BE%D1%80%D1%8B%D0%BD%D0%BE%D0%BA&type=supergroup&lang=en,авторынок
2026-07-05,Чаты купли-продажи,Авто ниже рынка; Чаты купли-продажи,Россия / не указано точнее,Авторынок Россия - Уфа | ПЕРЕКУПЫ,чат/группа,https://t.me/avtorynok_ufa_perekup,avtorynok_ufa_perekup,10803,"да, это чат/группа",неизвестно,В открытой web-карточке условия публикации не указаны.,не указаны в web-карточке,средний/высокий размер аудитории; фактическая активность постов/онлайн не проверена web-источником,не удалось проверить без Telegram API / просмотра t.me/s,"🔥 Ищете автомобиль в Уфе? Добро пожаловать на виртуальный авторынок Уфа! 🚗💨 Присоединяйтесь к нашему чату перекупов Башкирии – здесь вы можете продавать, обменивать и перекидывать автомобили, м",tg-cat public search,https://tg-cat.com/@avtorynok_ufa_perekup,https://tg-cat.com/?search=%D0%B0%D0%B2%D1%82%D0%BE%D1%80%D1%8B%D0%BD%D0%BE%D0%BA&type=supergroup&lang=en,авторынок
2026-07-05,Чаты купли-продажи,Чаты купли-продажи,Не указано / другой регион,Авторынок ДНР Донецк,чат/группа,https://t.me/avtorynokdnrdonetsk,avtorynokdnrdonetsk,10570,"да, это чат/группа",по согласованию / неясно,"Есть контакт/упоминание размещения, но бесплатность не подтверждена.",@avtorynok_dpr_bot,средний/высокий размер аудитории; фактическая активность постов/онлайн не проверена web-источником,не удалось проверить без Telegram API / просмотра t.me/s,Авторынок ДНР в Донецке — это быстрая и удобная площадка для продажи автомобилей. Для размещения объявления обращайтесь к @avtorynok_dpr_bot и подписывайтесь на канал: https://t.me/Avtorynok_Donetsk_DNR,tg-cat public search,https://tg-cat.com/@avtorynokdnrdonetsk,https://tg-cat.com/?search=%D0%B0%D0%B2%D1%82%D0%BE%D1%80%D1%8B%D0%BD%D0%BE%D0%BA&type=supergroup&lang=en,авторынок
2026-07-05,Чаты купли-продажи,Чаты купли-продажи,Не указано / другой регион,Авторынок Ростов-На-Дону / Ростовская область,канал,https://t.me/RostovAvtoDon,RostovAvtoDon,10471,не удалось проверить web-источником,да / есть указание в описании,В описании есть слово “бесплатно/бесплатная”.,не указаны в web-карточке,средний/высокий размер аудитории; фактическая активность постов/онлайн не проверена web-источником,не удалось проверить без Telegram API / просмотра t.me/s,🌟 Приветствуем на канале «Авторынок Ростов-На-Дону»! 🌟 🚗 Хотите быстро продать или купить автомобиль? Вы попали по адресу! Здесь вы найдете лучшие предложения и сможете разместить свое объявление абсолютно БЕСПЛАТНО,tg-cat public search,https://tg-cat.com/@RostovAvtoDon,https://tg-cat.com/?search=%D0%B0%D0%B2%D1%82%D0%BE%D1%80%D1%8B%D0%BD%D0%BE%D0%BA&type=channel&lang=en; https://tg-cat.com/?search=%D0%BA%D1%83%D0%BF%D0%B8%D1%82%D1%8C%20%D0%BF%D1%80%D0%BE%D0%B4%D0%B0%D1%82%D1%8C%20%D0%B0%D0%B2%D1%82%D0%BE&type=channel&lang=en,авторынок; купить продать авто
2026-07-05,Чаты купли-продажи,Чаты купли-продажи,Россия / не указано точнее,Авторынок Россия,чат/группа,https://t.me/auto_chat_rus,auto_chat_rus,10162,"да, это чат/группа",платно или частично платно,В описании есть указание на платную рекламу/размещение.,@sotovienomera,средний/высокий размер аудитории; фактическая активность постов/онлайн не проверена web-источником,не удалось проверить без Telegram API / просмотра t.me/s,"Авторынок России - бесплатная доска объявлений для продажи автомобилей, реклама платная. За вопросами обращаться к @sotovienomera. Мат и спам удаляются.",tg-cat public search,https://tg-cat.com/@auto_chat_rus,https://tg-cat.com/?search=%D0%B0%D0%B2%D1%82%D0%BE%D1%80%D1%8B%D0%BD%D0%BE%D0%BA&type=supergroup&lang=en,авторынок
2026-07-05,Чаты купли-продажи,Чаты купли-продажи,Не указано / другой регион,Авторынок Иркутск | Обьявления,чат/группа,https://t.me/auto_irkutska,auto_irkutska,10072,"да, это чат/группа",неизвестно,В открытой web-карточке условия публикации не указаны.,не указаны в web-карточке,средний/высокий размер аудитории; фактическая активность постов/онлайн не проверена web-источником,не удалось проверить без Telegram API / просмотра t.me/s,"🚗 Добро пожаловать в чат авторынка Иркутск! Здесь вы найдете объявления о продаже автомобилей, но помните о правилах: реклама и нецензурная лексика запрещены. Ограничьте свои сообщения до 3 в день и публикуйте не более",tg-cat public search,https://tg-cat.com/@auto_irkutska,https://tg-cat.com/?search=%D0%B0%D0%B2%D1%82%D0%BE%D1%80%D1%8B%D0%BD%D0%BE%D0%BA&type=supergroup&lang=en,авторынок
2026-07-05,Чаты купли-продажи,Чаты купли-продажи,Не указано / другой регион,Авторынок Ростов,канал,https://t.me/avtorynok_rostov0,avtorynok_rostov0,9944,не удалось проверить web-источником,неизвестно,В открытой web-карточке условия публикации не указаны.,не указаны в web-карточке,средний размер аудитории; фактическая активность постов/онлайн не проверена web-источником,не удалось проверить без Telegram API / просмотра t.me/s,"Добро пожаловать на канал ""Авторынок Ростов""! Здесь мы погружаемся в мир автомобилей и всего, что с ними связано в Ростове и Ростовской области. Ищете идеальную машину или хотите продать свою? Вы на верном пути! Поддержите наше",tg-cat public search,https://tg-cat.com/@avtorynok_rostov0,https://tg-cat.com/?search=%D0%B0%D0%B2%D1%82%D0%BE%D1%80%D1%8B%D0%BD%D0%BE%D0%BA&type=channel&lang=en,авторынок
2026-07-05,Чаты купли-продажи,Мототехника; Чаты купли-продажи,Не указано / другой регион,Пхукет - Авто/Мото-Аренда/Куплю-Продам,чат/группа,https://t.me/phuket_happy_auto,phuket_happy_auto,9919,"да, это чат/группа",неизвестно,В открытой web-карточке условия публикации не указаны.,не указаны в web-карточке,средний размер аудитории; фактическая активность постов/онлайн не проверена web-источником,не удалось проверить без Telegram API / просмотра t.me/s,"Добро пожаловать в наш чат, посвященный аренде и покупке авто и мото на великолепном острове Пхукет! Здесь вы можете найти и предложить различные транспортные средства, узнать о лучших предложениях и значительно сэкономить время на поиски. Мы принимаем частные",tg-cat public search,https://tg-cat.com/@phuket_happy_auto,https://tg-cat.com/?search=%D0%BA%D1%83%D0%BF%D0%BB%D1%8E%20%D0%BF%D1%80%D0%BE%D0%B4%D0%B0%D0%BC%20%D0%B0%D0%B2%D1%82%D0%BE&type=supergroup&lang=en,куплю продам авто
2026-07-05,Чаты купли-продажи,Чаты купли-продажи,Россия / не указано точнее,Авторынок РОССИИ,чат/группа,https://t.me/avtorynok_Russian,avtorynok_Russian,9851,"да, это чат/группа",неизвестно,В открытой web-карточке условия публикации не указаны.,не указаны в web-карточке,средний размер аудитории; фактическая активность постов/онлайн не проверена web-источником,не удалось проверить без Telegram API / просмотра t.me/s,"Добро пожаловать в наше сообщество ""Авторынок РОССИИ""! Здесь вы найдете все необходимое для успешной купли-продажи автомобилей. Мы стремимся создать пространство, где каждый сможет обмениваться опытом, задавать вопросы и получать полезные советы. Не стес",tg-cat public search,https://tg-cat.com/@avtorynok_Russian,https://tg-cat.com/?search=%D0%B0%D0%B2%D1%82%D0%BE%D1%80%D1%8B%D0%BD%D0%BE%D0%BA&type=supergroup&lang=en,авторынок
2026-07-05,Чаты купли-продажи,Чаты купли-продажи,Не указано / другой регион,Аренда Продажа авто Польша,чат/группа,https://t.me/rentsellpoland,rentsellpoland,9786,"да, это чат/группа",неизвестно,В открытой web-карточке условия публикации не указаны.,не указаны в web-карточке,средний размер аудитории; фактическая активность постов/онлайн не проверена web-источником,не удалось проверить без Telegram API / просмотра t.me/s,"🚗 Добро пожаловать в наш уникальный сообщество по аренде и продаже автомобилей в Польше! 🎉 Мы рады представить вам первый в стране телеграмм-бот, который поможет вам найти идеальный автомобиль для любых нужд. Неважно, ищете ли вы",tg-cat public search,https://tg-cat.com/@rentsellpoland,https://tg-cat.com/?search=%D0%BF%D1%80%D0%BE%D0%B4%D0%B0%D0%B6%D0%B0%20%D0%B0%D0%B2%D1%82%D0%BE&type=supergroup&lang=en,продажа авто
2026-07-05,Мототехника,Мототехника; Чаты купли-продажи,Не указано / другой регион,Мотобарахолка Мелитополь,чат/группа,https://t.me/moto_barakholka_mlt,moto_barakholka_mlt,9373,"да, это чат/группа",по согласованию / неясно,"Есть контакт/упоминание размещения, но бесплатность не подтверждена.",не указаны в web-карточке,средний размер аудитории; фактическая активность постов/онлайн не проверена web-источником,не удалось проверить без Telegram API / просмотра t.me/s,"Добро пожаловать в Мотобарахолку Мелитополя! 🌟 Здесь вы найдете всё, что связано с мототехникой: от продажи мотоциклов до экипировки для настоящих любителей скорости и свободы. Мы предлагаем удобный способ размещ",tg-cat public search,https://tg-cat.com/@moto_barakholka_mlt,https://tg-cat.com/?search=%D0%BF%D1%80%D0%BE%D0%B4%D0%B0%D0%B6%D0%B0%20%D0%BC%D0%BE%D1%82%D0%BE&type=supergroup&lang=en,продажа мото
2026-07-05,Мототехника,Мототехника,Не указано / другой регион,Мотоциклы из Японии. Мото-Трейд. Проект Японии-Трейд,канал,https://t.me/motojptrade,motojptrade,9223,не удалось проверить web-источником,неизвестно,В открытой web-карточке условия публикации не указаны.,не указаны в web-карточке,средний размер аудитории; фактическая активность постов/онлайн не проверена web-источником,не удалось проверить без Telegram API / просмотра t.me/s,🌟 Откройте мир японских мотоциклов с Мото-Трейд! 🌟 Мы предлагаем уникальные мотоциклы прямо из Японии — в наличии и на заказ. Заинтересованы? Отправьте запрос по ссылке: [Запрос](https://,tg-cat public search,https://tg-cat.com/@motojptrade,https://tg-cat.com/?search=%D0%BC%D0%BE%D1%82%D0%BE%D1%86%D0%B8%D0%BA%D0%BB%D1%8B&type=channel&lang=en; https://tg-cat.com/?search=%D0%BC%D0%BE%D1%82%D0%BE&type=channel&lang=en,мото; мотоциклы
2026-07-05,Мототехника,Мототехника; Чаты купли-продажи,Не указано / другой регион,Пхукет Авто Мото Скутер. Аренда и продажа 🛵🇹🇭,чат/группа,https://t.me/phuketmotorent,phuketmotorent,9141,"да, это чат/группа",неизвестно,В открытой web-карточке условия публикации не указаны.,не указаны в web-карточке,средний размер аудитории; фактическая активность постов/онлайн не проверена web-источником,не удалось проверить без Telegram API / просмотра t.me/s,🚗🛵 Пхукет ждет вас! Присоединяйтесь к нашей группе по аренде и продаже авто и мото на солнечном Пхукете! 🌴 Подробности в правилах группы и чатах. Не упустите возможность прокатиться,tg-cat public search,https://tg-cat.com/@phuketmotorent,https://tg-cat.com/?search=%D0%BC%D0%BE%D1%82%D0%BE&type=supergroup&lang=en; https://tg-cat.com/?search=%D0%BF%D1%80%D0%BE%D0%B4%D0%B0%D0%B6%D0%B0%20%D0%B0%D0%B2%D1%82%D0%BE&type=supergroup&lang=en; https://tg-cat.com/?search=%D0%BF%D1%80%D0%BE%D0%B4%D0%B0%D0%B6%D0%B0%20%D0%BC%D0%BE%D1%82%D0%BE&type=supergroup&lang=en,мото; продажа авто; продажа мото
2026-07-05,Чаты купли-продажи,Мототехника; Чаты купли-продажи,Не указано / другой регион,Паттайя - Авто/Мото-Аренда/Куплю-Продам,чат/группа,https://t.me/pattaya_happy_auto,pattaya_happy_auto,9098,"да, это чат/группа",платно или частично платно,В описании есть указание на платную рекламу/размещение.,не указаны в web-карточке,средний размер аудитории; фактическая активность постов/онлайн не проверена web-источником,не удалось проверить без Telegram API / просмотра t.me/s,Ищете авто или мотоцикл в Паттайе? Присоединяйтесь к нашим объявлениям по аренде и продаже! Мы публикуем частные объявления ежедневно. Для коммерческих предложений и пересдачи – платная реклама. Все вопросы можно задать @,tg-cat public search,https://tg-cat.com/@pattaya_happy_auto,https://tg-cat.com/?search=%D0%BA%D1%83%D0%BF%D0%BB%D1%8E%20%D0%BF%D1%80%D0%BE%D0%B4%D0%B0%D0%BC%20%D0%B0%D0%B2%D1%82%D0%BE&type=supergroup&lang=en,куплю продам авто
2026-07-05,Чаты купли-продажи,Чаты купли-продажи,Не указано / другой регион,Авторынок Самара,канал,https://t.me/mashiny_v_samare,mashiny_v_samare,9039,не удалось проверить web-источником,неизвестно,В открытой web-карточке условия публикации не указаны.,не указаны в web-карточке,средний размер аудитории; фактическая активность постов/онлайн не проверена web-источником,не удалось проверить без Telegram API / просмотра t.me/s,"**Описание канала:** Добро пожаловать на канал ""Авторынок Самара""! Здесь вы найдете актуальные объявления о продаже автомобилей, вакансии в сфере автопрома и уникальные предложения. Подписывайтесь, чтобы быть в курсе всех новинок и выгодных сдел",tg-cat public search,https://tg-cat.com/@mashiny_v_samare,https://tg-cat.com/?search=%D0%B0%D0%B2%D1%82%D0%BE%D1%80%D1%8B%D0%BD%D0%BE%D0%BA&type=channel&lang=en,авторынок
2026-07-05,Чаты купли-продажи,Чаты купли-продажи,Не указано / другой регион,Авторынок Стерлитамак | Объявления,чат/группа,https://t.me/avtorynok_sterlitamak,avtorynok_sterlitamak,8933,"да, это чат/группа",неизвестно,В открытой web-карточке условия публикации не указаны.,не указаны в web-карточке,средний размер аудитории; фактическая активность постов/онлайн не проверена web-источником,не удалось проверить без Telegram API / просмотра t.me/s,"Добро пожаловать в наше сообщество «Авторынок Стерлитамак»! Здесь вы найдете актуальные объявления о продаже автомобилей, обменивайтесь информацией и находите предложения, которые вас заинтересуют. Пожалуйста, учитывайте правила общения в чате: реклам",tg-cat public search,https://tg-cat.com/@avtorynok_sterlitamak,https://tg-cat.com/?search=%D0%B0%D0%B2%D1%82%D0%BE%D1%80%D1%8B%D0%BD%D0%BE%D0%BA&type=supergroup&lang=en,авторынок
2026-07-05,Чаты купли-продажи,Чаты купли-продажи,Не указано / другой регион,Авторынок Питер,чат/группа,https://t.me/avtorunoqs,avtorunoqs,8738,"да, это чат/группа",неизвестно,В открытой web-карточке условия публикации не указаны.,не указаны в web-карточке,средний размер аудитории; фактическая активность постов/онлайн не проверена web-источником,не удалось проверить без Telegram API / просмотра t.me/s,,tg-cat public search,https://tg-cat.com/@avtorunoqs,https://tg-cat.com/?search=%D0%B0%D0%B2%D1%82%D0%BE%D1%80%D1%8B%D0%BD%D0%BE%D0%BA&type=supergroup&lang=en,авторынок
2026-07-05,Чаты купли-продажи,Чаты купли-продажи,Не указано / другой регион,🚘АВТОРЫНОК ДНР | ЛНР,чат/группа,https://t.me/avtorinokdnrlnr,avtorinokdnrlnr,8722,"да, это чат/группа",неизвестно,В открытой web-карточке условия публикации не указаны.,не указаны в web-карточке,средний размер аудитории; фактическая активность постов/онлайн не проверена web-источником,не удалось проверить без Telegram API / просмотра t.me/s,"Добро пожаловать в мир авторынка ДНР и ЛНР! 🚗✨ Здесь вы найдете все необходимое для покупки или продажи автомобилей в Донецке, Макеевке, Горловке, Харцызске, Енакиево и Мариуполе. Мы предлагаем ассортимент",tg-cat public search,https://tg-cat.com/@avtorinokdnrlnr,https://tg-cat.com/?search=%D0%B0%D0%B2%D1%82%D0%BE%D1%80%D1%8B%D0%BD%D0%BE%D0%BA&type=supergroup&lang=en,авторынок
2026-07-05,Мототехника,Мототехника; Чаты купли-продажи,Не указано / другой регион,АВТОРЫНОК 🚗 🏎 🚚,чат/группа,https://t.me/auto8market,auto8market,8668,"да, это чат/группа",неизвестно,В открытой web-карточке условия публикации не указаны.,не указаны в web-карточке,средний размер аудитории; фактическая активность постов/онлайн не проверена web-источником,не удалось проверить без Telegram API / просмотра t.me/s,"Добро пожаловать в мир АВТОРЫНКА! 🚗 🏎 🚚 Здесь вы найдете впечатляющий ассортимент легковых автомобилей, грузового и коммерческого транспорта, мототехники и спецтехники. Наша площадка объединяет все виды транспортных средств,",tg-cat public search,https://tg-cat.com/@auto8market,https://tg-cat.com/?search=%D0%BC%D0%BE%D1%82%D0%BE%D1%82%D0%B5%D1%85%D0%BD%D0%B8%D0%BA%D0%B0&type=supergroup&lang=en,мототехника
2026-07-05,Чаты купли-продажи,Чаты купли-продажи,Не указано / другой регион,Авторынок Дагестана,чат/группа,https://t.me/dag_avto,dag_avto,8508,"да, это чат/группа",неизвестно,В открытой web-карточке условия публикации не указаны.,не указаны в web-карточке,средний размер аудитории; фактическая активность постов/онлайн не проверена web-источником,не удалось проверить без Telegram API / просмотра t.me/s,,tg-cat public search,https://tg-cat.com/@dag_avto,https://tg-cat.com/?search=%D0%B0%D0%B2%D1%82%D0%BE%D1%80%D1%8B%D0%BD%D0%BE%D0%BA&type=supergroup&lang=en; https://tg-cat.com/?search=%D0%BA%D1%83%D0%BF%D0%BB%D1%8E%20%D0%BF%D1%80%D0%BE%D0%B4%D0%B0%D0%BC%20%D0%B0%D0%B2%D1%82%D0%BE&type=supergroup&lang=en,авторынок; куплю продам авто
2026-07-05,Чаты купли-продажи,Чаты купли-продажи,Не указано / другой регион,ГРЗ СПБ ГОСНОМЕР 🇷🇺 Купить / Продать автономер Санкт-Пе...,канал,https://t.me/gosnomersale,gosnomersale,8397,не удалось проверить web-источником,неизвестно,В открытой web-карточке условия публикации не указаны.,не указаны в web-карточке,средний размер аудитории; фактическая активность постов/онлайн не проверена web-источником,не удалось проверить без Telegram API / просмотра t.me/s,Добро пожаловать на канал ГРЗ СПБ ГОСНОМЕР 🇷🇺! Здесь вы можете купить или продать автономер в Санкт-Петербурге и Ленинградской области. 💰 Предлагаем широкий выбор красивых номеров на авто — лучшая торговая площадка,tg-cat public search,https://tg-cat.com/@gosnomersale,https://tg-cat.com/?search=%D0%BA%D1%83%D0%BF%D0%B8%D1%82%D1%8C%20%D0%BF%D1%80%D0%BE%D0%B4%D0%B0%D1%82%D1%8C%20%D0%B0%D0%B2%D1%82%D0%BE&type=channel&lang=en,купить продать авто
2026-07-05,Чаты купли-продажи,Чаты купли-продажи,Не указано / другой регион,Авторынок Красноярск,канал,https://t.me/mashiny_v_krasnoyarske,mashiny_v_krasnoyarske,8306,не удалось проверить web-источником,неизвестно,В открытой web-карточке условия публикации не указаны.,@global_managerEU,средний размер аудитории; фактическая активность постов/онлайн не проверена web-источником,не удалось проверить без Telegram API / просмотра t.me/s,"🌟 Добро пожаловать на канал ""Авторынок Красноярск""! 🚗 Здесь вы найдете самые свежие вакансии и объявления в мире автомобилей. Ищете работу или хотите разместить рекламу? Пишите @global_managerEU — мы на связи с 08:00 до",tg-cat public search,https://tg-cat.com/@mashiny_v_krasnoyarske,https://tg-cat.com/?search=%D0%B0%D0%B2%D1%82%D0%BE%D1%80%D1%8B%D0%BD%D0%BE%D0%BA&type=channel&lang=en,авторынок
2026-07-05,Чаты купли-продажи,Чаты купли-продажи,Не указано / другой регион,Купить / продать авто номера Ростов,чат/группа,https://t.me/nomerarnd,nomerarnd,8266,"да, это чат/группа",неизвестно,В открытой web-карточке условия публикации не указаны.,не указаны в web-карточке,средний размер аудитории; фактическая активность постов/онлайн не проверена web-источником,не удалось проверить без Telegram API / просмотра t.me/s,"В нашем чате вы найдете все, что связано с покупкой и продажей автомобильных номеров в Ростове-на-Дону! 🚗💨 Ищете красивые госномера? Мы поможем вам выгодно продать или приобрести уникальные номера. 🎉 Не знаете, как",tg-cat public search,https://tg-cat.com/@nomerarnd,https://tg-cat.com/?search=%D0%BA%D1%83%D0%BF%D0%B8%D1%82%D1%8C%20%D0%BF%D1%80%D0%BE%D0%B4%D0%B0%D1%82%D1%8C%20%D0%B0%D0%B2%D1%82%D0%BE&type=supergroup&lang=en,купить продать авто
2026-07-05,Чаты купли-продажи,Чаты купли-продажи,Не указано / другой регион,Авторынок Тюмень,чат/группа,https://t.me/auto_72,auto_72,7994,"да, это чат/группа",неизвестно,В открытой web-карточке условия публикации не указаны.,не указаны в web-карточке,средний размер аудитории; фактическая активность постов/онлайн не проверена web-источником,не удалось проверить без Telegram API / просмотра t.me/s,"Добро пожаловать в группу «Авторынок Тюмень»! Здесь вы найдете все самые актуальные объявления о продаже и покупке автомобилей в нашем регионе. Мы создали эту площадку, чтобы объединить автолюбителей и помочь им быстро и удобно обмениваться информацией о продаже машин.",tg-cat public search,https://tg-cat.com/@auto_72,https://tg-cat.com/?search=%D0%B0%D0%B2%D1%82%D0%BE%D1%80%D1%8B%D0%BD%D0%BE%D0%BA&type=supergroup&lang=en,авторынок
2026-07-05,Чаты купли-продажи,Чаты купли-продажи,Не указано / другой регион,АВТОРЫНОК Казань Челны,канал,https://t.me/autorynok116,autorynok116,7811,не удалось проверить web-источником,да / есть указание в описании,В описании есть слово “бесплатно/бесплатная”.,не указаны в web-карточке,средний размер аудитории; фактическая активность постов/онлайн не проверена web-источником,не удалось проверить без Telegram API / просмотра t.me/s,Добро пожаловать на АВТОРЫНОК Казань Челны — первый авторынок в Татарстане! Здесь вы сможете добавлять и находить объявления о продаже автомобилей совершенно бесплатно. Присоединяйтесь к нашей группе ВКонтакте по ссылке https://vk.com/aut,tg-cat public search,https://tg-cat.com/@autorynok116,https://tg-cat.com/?search=%D0%B0%D0%B2%D1%82%D0%BE%D1%80%D1%8B%D0%BD%D0%BE%D0%BA&type=channel&lang=en,авторынок
2026-07-05,Чаты купли-продажи,Чаты купли-продажи,Не указано / другой регион,Авторынок Анапы | Объявления,чат/группа,https://t.me/autorynok_anapa,autorynok_anapa,7790,"да, это чат/группа",по согласованию / неясно,"Есть контакт/упоминание размещения, но бесплатность не подтверждена.",не указаны в web-карточке,средний размер аудитории; фактическая активность постов/онлайн не проверена web-источником,не удалось проверить без Telegram API / просмотра t.me/s,"Добро пожаловать в чат авторынка Анапы! Здесь вы найдете множество объявлений о продаже автомобилей, а также сможете обсудить интересующие вас вопросы с другими участниками. Обратите внимание на правила: 🚫 запрещена реклама и переходы по ссылкам, за размещение объяв",tg-cat public search,https://tg-cat.com/@autorynok_anapa,https://tg-cat.com/?search=%D0%B0%D0%B2%D1%82%D0%BE%D1%80%D1%8B%D0%BD%D0%BE%D0%BA&type=supergroup&lang=en,авторынок
2026-07-05,Чаты купли-продажи,Чаты купли-продажи,Не указано / другой регион,"Барахолка Обьявления Мариуполь , Володарское , Мангуш ,...",чат/группа,https://t.me/baraxolkamariupol,baraxolkamariupol,7603,"да, это чат/группа",неизвестно,В открытой web-карточке условия публикации не указаны.,не указаны в web-карточке,средний размер аудитории; фактическая активность постов/онлайн не проверена web-источником,не удалось проверить без Telegram API / просмотра t.me/s,"Добро пожаловать в нашу уникальную Барахолку! Здесь вы найдете все необходимое для жизни и работы в Мариуполе, Володарском и Мангуше. Ищете новую работу, жилье или автомобиль? Или, возможно, вам нужны шины и зап",tg-cat public search,https://tg-cat.com/@baraxolkamariupol,https://tg-cat.com/?search=%D0%B0%D0%B2%D1%82%D0%BE%20%D0%B1%D0%B0%D1%80%D0%B0%D1%85%D0%BE%D0%BB%D0%BA%D0%B0&type=supergroup&lang=en,авто барахолка
2026-07-05,Чаты купли-продажи,Чаты купли-продажи,Не указано / другой регион,ПРОДАЖА/АРЕНДА АВТО В ЛА,чат/группа,https://t.me/bestcarslosangeles,bestcarslosangeles,7427,"да, это чат/группа",неизвестно,В открытой web-карточке условия публикации не указаны.,не указаны в web-карточке,средний размер аудитории; фактическая активность постов/онлайн не проверена web-источником,не удалось проверить без Telegram API / просмотра t.me/s,,tg-cat public search,https://tg-cat.com/@bestcarslosangeles,https://tg-cat.com/?search=%D0%BF%D1%80%D0%BE%D0%B4%D0%B0%D0%B6%D0%B0%20%D0%B0%D0%B2%D1%82%D0%BE&type=supergroup&lang=en,продажа авто
2026-07-05,Авторынки Москвы,,Не указано / другой регион,ChesAuto - автомобили под заказ,канал,https://t.me/chesauto,chesauto,7373,не удалось проверить web-источником,неизвестно,В открытой web-карточке условия публикации не указаны.,не указаны в web-карточке,средний размер аудитории; фактическая активность постов/онлайн не проверена web-источником,не удалось проверить без Telegram API / просмотра t.me/s,"🔥 Добро пожаловать на канал ChesAuto – ваш надежный помощник в мире автомобилей под заказ! Мы специализируемся на поиске и доставке автомобилей из 🇰🇷Кореи, 🇯🇵Японии и 🇨🇳Китая. На нашем сайте",tg-cat public search,https://tg-cat.com/@chesauto,https://tg-cat.com/?search=%D0%B0%D0%B2%D1%82%D0%BE%20%D0%BC%D0%BE%D1%81%D0%BA%D0%B2%D0%B0&type=channel&lang=en,авто москва
2026-07-05,Чаты купли-продажи,Чаты купли-продажи,Не указано / другой регион,Авторынок Украина,чат/группа,https://t.me/avtobazarkyivv,avtobazarkyivv,7308,"да, это чат/группа",неизвестно,В открытой web-карточке условия публикации не указаны.,не указаны в web-карточке,средний размер аудитории; фактическая активность постов/онлайн не проверена web-источником,не удалось проверить без Telegram API / просмотра t.me/s,,tg-cat public search,https://tg-cat.com/@avtobazarkyivv,https://tg-cat.com/?search=%D0%B0%D0%B2%D1%82%D0%BE%D1%80%D1%8B%D0%BD%D0%BE%D0%BA&type=supergroup&lang=en,авторынок
2026-07-05,Мототехника,Мототехника; Чаты купли-продажи,Не указано / другой регион,Авторынок Башкортостана,чат/группа,https://t.me/avtorynok102,avtorynok102,7204,"да, это чат/группа",неизвестно,В открытой web-карточке условия публикации не указаны.,не указаны в web-карточке,средний размер аудитории; фактическая активность постов/онлайн не проверена web-источником,не удалось проверить без Telegram API / просмотра t.me/s,,tg-cat public search,https://tg-cat.com/@avtorynok102,https://tg-cat.com/?search=%D0%B0%D0%B2%D1%82%D0%BE%D1%80%D1%8B%D0%BD%D0%BE%D0%BA&type=supergroup&lang=en; https://tg-cat.com/?search=%D0%BF%D1%80%D0%BE%D0%B4%D0%B0%D0%B6%D0%B0%20%D0%BC%D0%BE%D1%82%D0%BE&type=supergroup&lang=en,авторынок; продажа мото
2026-07-05,Чаты купли-продажи,Чаты купли-продажи,Не указано / другой регион,Авторынок Краснодар,чат/группа,https://t.me/autobaraholka_23,autobaraholka_23,7197,"да, это чат/группа",неизвестно,В открытой web-карточке условия публикации не указаны.,не указаны в web-карточке,средний размер аудитории; фактическая активность постов/онлайн не проверена web-источником,не удалось проверить без Telegram API / просмотра t.me/s,,tg-cat public search,https://tg-cat.com/@autobaraholka_23,https://tg-cat.com/?search=%D0%B0%D0%B2%D1%82%D0%BE%D1%80%D1%8B%D0%BD%D0%BE%D0%BA&type=supergroup&lang=en,авторынок
2026-07-05,Мототехника,Мототехника; Чаты купли-продажи,Не указано / другой регион,🇹🇭Пхукетище🇹🇭Авто/Мото🇹🇭Аренда/Продажа🇹🇭Таиланд/Phuket ...,чат/группа,https://t.me/phuket_rent_baik,phuket_rent_baik,7045,"да, это чат/группа",неизвестно,В открытой web-карточке условия публикации не указаны.,не указаны в web-карточке,средний размер аудитории; фактическая активность постов/онлайн не проверена web-источником,не удалось проверить без Telegram API / просмотра t.me/s,Добро пожаловать в увлекательный мир Пхукета! 🇹🇭 Здесь вы найдете все о аренде и продаже автомобилей и мотоциклов в этом солнечном раю. Если вы мечтаете о свободе передвижения по живописным пейзаж,tg-cat public search,https://tg-cat.com/@phuket_rent_baik,https://tg-cat.com/?search=%D0%BF%D1%80%D0%BE%D0%B4%D0%B0%D0%B6%D0%B0%20%D0%BC%D0%BE%D1%82%D0%BE&type=supergroup&lang=en,продажа мото
2026-07-05,Чаты купли-продажи,Чаты купли-продажи,Не указано / другой регион,Авторынок Уфа | Объявления,чат/группа,https://t.me/autorynok_ufa,autorynok_ufa,6962,"да, это чат/группа",по согласованию / неясно,"Есть контакт/упоминание размещения, но бесплатность не подтверждена.",не указаны в web-карточке,средний размер аудитории; фактическая активность постов/онлайн не проверена web-источником,не удалось проверить без Telegram API / просмотра t.me/s,"Группа ""Авторынок Уфа"" содержит объявления о продаже автомобилей. Запрещено размещение рекламы и ссылок, использование нецензурной лексики, а также превышение лимитов по сообщениям (не более 3 в день) и количеству авто (не более",tg-cat public search,https://tg-cat.com/@autorynok_ufa,https://tg-cat.com/?search=%D0%B0%D0%B2%D1%82%D0%BE%D1%80%D1%8B%D0%BD%D0%BE%D0%BA&type=supergroup&lang=en,авторынок
2026-07-05,Чаты купли-продажи,Чаты купли-продажи,Не указано / другой регион,Аренда | Продажа | Авторынок | Минск,канал,https://t.me/arendaautominsk,arendaautominsk,6836,не удалось проверить web-источником,неизвестно,В открытой web-карточке условия публикации не указаны.,не указаны в web-карточке,средний размер аудитории; фактическая активность постов/онлайн не проверена web-источником,не удалось проверить без Telegram API / просмотра t.me/s,"🔍 Ищете автомобиль в Минске? Наш канал - ваш надежный помощник в вопросах аренды и продажи автомобилей! 🚗🏷️ Мы собрали лучшие предложения на авторынке Беларуси, чтобы вы могли легко найти именно то, что вам нужно. Не стесняй",tg-cat public search,https://tg-cat.com/@arendaautominsk,https://tg-cat.com/?search=%D0%B0%D0%B2%D1%82%D0%BE%D1%80%D1%8B%D0%BD%D0%BE%D0%BA&type=channel&lang=en,авторынок
2026-07-05,Чаты купли-продажи,Чаты купли-продажи,Россия / не указано точнее,Авторынок Россия,чат/группа,https://t.me/a_u_t_o_market,a_u_t_o_market,6742,"да, это чат/группа",неизвестно,В открытой web-карточке условия публикации не указаны.,не указаны в web-карточке,средний размер аудитории; фактическая активность постов/онлайн не проверена web-источником,не удалось проверить без Telegram API / просмотра t.me/s,,tg-cat public search,https://tg-cat.com/@a_u_t_o_market,https://tg-cat.com/?search=%D0%B0%D0%B2%D1%82%D0%BE%D1%80%D1%8B%D0%BD%D0%BE%D0%BA&type=supergroup&lang=en,авторынок
2026-07-05,Обмен автомобилей,Обмен автомобилей; Чаты купли-продажи,Не указано / другой регион,АВТОРЫНОК БЕРДЯНСК,чат/группа,https://t.me/brdavto,brdavto,6713,"да, это чат/группа",неизвестно,В открытой web-карточке условия публикации не указаны.,не указаны в web-карточке,средний размер аудитории; фактическая активность постов/онлайн не проверена web-источником,не удалось проверить без Telegram API / просмотра t.me/s,"🚗✨ Ищете новый автомобиль или хотите обменять старый? Загляните на авторынок в Бердянске! Узнайте о лучших предложениях в Бердянске, Мелитополе и Мариуполе. Не упустите шанс найти свою иде",tg-cat public search,https://tg-cat.com/@brdavto,https://tg-cat.com/?search=%D0%B0%D0%B2%D1%82%D0%BE%D1%80%D1%8B%D0%BD%D0%BE%D0%BA&type=supergroup&lang=en; https://tg-cat.com/?search=%D0%BE%D0%B1%D0%BC%D0%B5%D0%BD%20%D0%B0%D0%B2%D1%82%D0%BE%D0%BC%D0%BE%D0%B1%D0%B8%D0%BB%D0%B5%D0%B9&type=supergroup&lang=en,авторынок; обмен автомобилей
2026-07-05,Чаты купли-продажи,Чаты купли-продажи,Не указано / другой регион,Авторынок Смоленска | Объявления,чат/группа,https://t.me/autorynok_smolenska,autorynok_smolenska,6645,"да, это чат/группа",по согласованию / неясно,"Есть контакт/упоминание размещения, но бесплатность не подтверждена.",не указаны в web-карточке,средний размер аудитории; фактическая активность постов/онлайн не проверена web-источником,не удалось проверить без Telegram API / просмотра t.me/s,"Добро пожаловать в чат «Авторынок Смоленска»! Здесь вы найдете свежие объявления, связанные с продажей и покупкой автомобилей в Смоленске. Обратите внимание на правила нашего сообщества: запрещена реклама и размещение ссылок, а также обсуждение авторын",tg-cat public search,https://tg-cat.com/@autorynok_smolenska,https://tg-cat.com/?search=%D0%B0%D0%B2%D1%82%D0%BE%D1%80%D1%8B%D0%BD%D0%BE%D0%BA&type=supergroup&lang=en,авторынок
2026-07-05,Обмен автомобилей,Мототехника; Обмен автомобилей; Чаты купли-продажи,Не указано / другой регион,Саранск АвтоБарахолка Мордовия,чат/группа,https://t.me/avtomordovia,avtomordovia,6600,"да, это чат/группа",неизвестно,В открытой web-карточке условия публикации не указаны.,не указаны в web-карточке,средний размер аудитории; фактическая активность постов/онлайн не проверена web-источником,не удалось проверить без Telegram API / просмотра t.me/s,"Добро пожаловать в ""Саранск АвтоБарахолка"" — ваше идеальное пространство для покупки и продажи автомобилей и запчастей в Мордовии! 🚗✨ Этот чат создан для всех автолюбителей, мотоциклистов и энтузиастов",tg-cat public search,https://tg-cat.com/@avtomordovia,https://tg-cat.com/?search=%D0%BE%D0%B1%D0%BC%D0%B5%D0%BD%20%D0%B0%D0%B2%D1%82%D0%BE%D0%BC%D0%BE%D0%B1%D0%B8%D0%BB%D0%B5%D0%B9&type=supergroup&lang=en,обмен автомобилей
2026-07-05,Чаты купли-продажи,Чаты купли-продажи,Не указано / другой регион,АВТОРЫНОК Саратов Энгельс |Куплю Продам авто,чат/группа,https://t.me/autochatsar,autochatsar,6485,"да, это чат/группа",да / есть указание в описании,В описании есть слово “бесплатно/бесплатная”.,не указаны в web-карточке,средний размер аудитории; фактическая активность постов/онлайн не проверена web-источником,не удалось проверить без Telegram API / просмотра t.me/s,"🔍 Ищете возможность купить или продать автомобиль в Саратове и Энгельсе? Присоединяйтесь к нашему АВТОРЫНКУ! 🚘 Бесплатные объявления и удобный интерфейс для всех! 💥 Не упустите шанс, сотрудничайте",tg-cat public search,https://tg-cat.com/@autochatsar,https://tg-cat.com/?search=%D0%BA%D1%83%D0%BF%D0%BB%D1%8E%20%D0%BF%D1%80%D0%BE%D0%B4%D0%B0%D0%BC%20%D0%B0%D0%B2%D1%82%D0%BE&type=supergroup&lang=en,куплю продам авто
2026-07-05,Мототехника,Мототехника; Чаты купли-продажи,Не указано / другой регион,Auto Ria.com,чат/группа,https://t.me/auto_ria_com,auto_ria_com,6361,"да, это чат/группа",по согласованию / неясно,"Есть контакт/упоминание размещения, но бесплатность не подтверждена.",@adidas_1_nike,средний размер аудитории; фактическая активность постов/онлайн не проверена web-источником,не удалось проверить без Telegram API / просмотра t.me/s,Auto Ria.com 🔰 Группа объединяет участников для продажи автомобилей и мотоциклов. ❗️ Ответственность за участников не несётся. Вопросы по рекламе — через АДМИНА: @adidas_1_nike.,tg-cat public search,https://tg-cat.com/@auto_ria_com,https://tg-cat.com/?search=%D0%BF%D1%80%D0%BE%D0%B4%D0%B0%D0%B6%D0%B0%20%D0%BC%D0%BE%D1%82%D0%BE&type=supergroup&lang=en,продажа мото
2026-07-05,Чаты купли-продажи,Мототехника; Чаты купли-продажи,Не указано / другой регион,Мелитополь барахолка чей туфля👞,чат/группа,https://t.me/melitopolprodamkyply,melitopolprodamkyply,6277,"да, это чат/группа",неизвестно,В открытой web-карточке условия публикации не указаны.,не указаны в web-карточке,средний размер аудитории; фактическая активность постов/онлайн не проверена web-источником,не удалось проверить без Telegram API / просмотра t.me/s,"Группа «Мелитополь барахолка» предназначена для купли-продажи товаров, аренды жилья для отдыха, а также предложений услуг в сфере авто и мото.",tg-cat public search,https://tg-cat.com/@melitopolprodamkyply,https://tg-cat.com/?search=%D0%BA%D1%83%D0%BF%D0%BB%D1%8E%20%D0%BF%D1%80%D0%BE%D0%B4%D0%B0%D0%BC%20%D0%B0%D0%B2%D1%82%D0%BE&type=supergroup&lang=en,куплю продам авто
2026-07-05,Обмен автомобилей,Обмен автомобилей; Чаты купли-продажи,Не указано / другой регион,Авторынок (Магадан),чат/группа,https://t.me/avto_magadan,avto_magadan,6233,"да, это чат/группа",по согласованию / неясно,"Есть контакт/упоминание размещения, но бесплатность не подтверждена.",не указаны в web-карточке,средний размер аудитории; фактическая активность постов/онлайн не проверена web-источником,не удалось проверить без Telegram API / просмотра t.me/s,"Группа ""Авторынок (Магадан)"" посвящена продаже, обмену и покупке автомобилей, запчастей и услуг по ремонту. В группе также присутствует информация о правилах и требованиях к никам. Администратор группы доступен по указанной ссылке.",tg-cat public search,https://tg-cat.com/@avto_magadan,https://tg-cat.com/?search=%D0%BE%D0%B1%D0%BC%D0%B5%D0%BD%20%D0%B0%D0%B2%D1%82%D0%BE&type=supergroup&lang=en,обмен авто
2026-07-05,Мототехника,Мототехника; Чаты купли-продажи,Не указано / другой регион,Мотобарахолка ЛНР,чат/группа,https://t.me/motobikelnr,motobikelnr,6116,"да, это чат/группа",по согласованию / неясно,"Есть контакт/упоминание размещения, но бесплатность не подтверждена.",@redaktor181,средний размер аудитории; фактическая активность постов/онлайн не проверена web-источником,не удалось проверить без Telegram API / просмотра t.me/s,🚀 Откройте мир мотобарахолки ЛНР! Здесь вы найдете лучшие предложения на мотоциклы и экипировку. Не упустите шанс стать владельцем идеального двухколесного друга! Узнайте больше по рекламе @redaktor181.,tg-cat public search,https://tg-cat.com/@motobikelnr,https://tg-cat.com/?search=%D0%BF%D1%80%D0%BE%D0%B4%D0%B0%D0%B6%D0%B0%20%D0%BC%D0%BE%D1%82%D0%BE&type=supergroup&lang=en,продажа мото
2026-07-05,Чаты купли-продажи,Чаты купли-продажи,Не указано / другой регион,АВТО БАРАХОЛКА НОВОСИБИРСК,чат/группа,https://t.me/nsk_auto54,nsk_auto54,6069,"да, это чат/группа",неизвестно,В открытой web-карточке условия публикации не указаны.,не указаны в web-карточке,средний размер аудитории; фактическая активность постов/онлайн не проверена web-источником,не удалось проверить без Telegram API / просмотра t.me/s,"🚗🔧 Ищете запчасти или хотите продать автомобиль? Добро пожаловать на Авто Барахолку Новосибирска! Присоединяйтесь к нашей группе и найдите все, что нужно для вашего авто! 👉 https://t.me/NSK_auto",tg-cat public search,https://tg-cat.com/@nsk_auto54,https://tg-cat.com/?search=%D0%B0%D0%B2%D1%82%D0%BE%20%D0%B1%D0%B0%D1%80%D0%B0%D1%85%D0%BE%D0%BB%D0%BA%D0%B0&type=supergroup&lang=en,авто барахолка
2026-07-05,Чаты купли-продажи,Чаты купли-продажи,Не указано / другой регион,АВТОНОМЕРА777,канал,https://t.me/autonomeraa777,autonomeraa777,6065,не удалось проверить web-источником,по согласованию / неясно,"Есть контакт/упоминание размещения, но бесплатность не подтверждена.",@autonomeraa777_bot,средний размер аудитории; фактическая активность постов/онлайн не проверена web-источником,не удалось проверить без Telegram API / просмотра t.me/s,🚗✨ Добро пожаловать на канал АВТОНОМЕРА777! Здесь вы можете легко купить или продать красивые номера для вашего авто. Для размещения объявлений воспользуйтесь нашим ботом @autonomeraa777_bot. Не забудьте посетить наш сайт autonomera777,tg-cat public search,https://tg-cat.com/@autonomeraa777,https://tg-cat.com/?search=%D0%BA%D1%83%D0%BF%D0%B8%D1%82%D1%8C%20%D0%BF%D1%80%D0%BE%D0%B4%D0%B0%D1%82%D1%8C%20%D0%B0%D0%B2%D1%82%D0%BE&type=channel&lang=en,купить продать авто
2026-07-05,Чаты купли-продажи,Чаты купли-продажи,Россия / не указано точнее,Авторынок Новороссийск | Объявления,чат/группа,https://t.me/avtorynok_novorossiysk,avtorynok_novorossiysk,5936,"да, это чат/группа",неизвестно,В открытой web-карточке условия публикации не указаны.,не указаны в web-карточке,средний размер аудитории; фактическая активность постов/онлайн не проверена web-источником,не удалось проверить без Telegram API / просмотра t.me/s,"Добро пожаловать в наш чат посвящённый авторынку Новороссийска! Здесь вы найдете актуальные объявления и предложения по продаже автомобилей. Однако, обратите внимание на правила, чтобы наше общение было комфортным для всех участников. 🔻ЗАПРЕЩЕНО В",tg-cat public search,https://tg-cat.com/@avtorynok_novorossiysk,https://tg-cat.com/?search=%D0%B0%D0%B2%D1%82%D0%BE%D1%80%D1%8B%D0%BD%D0%BE%D0%BA&type=supergroup&lang=en,авторынок
2026-07-05,Чаты купли-продажи,Чаты купли-продажи,Не указано / другой регион,Авторынок Рязани | Объявления,чат/группа,https://t.me/autorynok_ryazani,autorynok_ryazani,5881,"да, это чат/группа",по согласованию / неясно,"Есть контакт/упоминание размещения, но бесплатность не подтверждена.",не указаны в web-карточке,средний размер аудитории; фактическая активность постов/онлайн не проверена web-источником,не удалось проверить без Telegram API / просмотра t.me/s,"Группа посвящена авторынку Рязани и содержит объявления. Запрещены реклама, нецензурная лексика, превышение лимита сообщений (не более 3 в день) и количество автомобилей (не более 1 в сутки). Вопросы по рекламе",tg-cat public search,https://tg-cat.com/@autorynok_ryazani,https://tg-cat.com/?search=%D0%B0%D0%B2%D1%82%D0%BE%D1%80%D1%8B%D0%BD%D0%BE%D0%BA&type=supergroup&lang=en,авторынок
2026-07-05,Чаты купли-продажи,Чаты купли-продажи,Не указано / другой регион,Авторынок | Донецк,чат/группа,https://t.me/avto_don,avto_don,5764,"да, это чат/группа",неизвестно,В открытой web-карточке условия публикации не указаны.,не указаны в web-карточке,средний размер аудитории; фактическая активность постов/онлайн не проверена web-источником,не удалось проверить без Telegram API / просмотра t.me/s,,tg-cat public search,https://tg-cat.com/@avto_don,https://tg-cat.com/?search=%D0%BA%D1%83%D0%BF%D0%BB%D1%8E%20%D0%BF%D1%80%D0%BE%D0%B4%D0%B0%D0%BC%20%D0%B0%D0%B2%D1%82%D0%BE&type=supergroup&lang=en,куплю продам авто
2026-07-05,Чаты купли-продажи,Чаты купли-продажи,Не указано / другой регион,Авто Продаж Україна 🚙,чат/группа,https://t.me/prodaj_avto,prodaj_avto,5741,"да, это чат/группа",неизвестно,В открытой web-карточке условия публикации не указаны.,не указаны в web-карточке,средний размер аудитории; фактическая активность постов/онлайн не проверена web-источником,не удалось проверить без Telegram API / просмотра t.me/s,,tg-cat public search,https://tg-cat.com/@prodaj_avto,https://tg-cat.com/?search=%D0%BF%D1%80%D0%BE%D0%B4%D0%B0%D0%B6%D0%B0%20%D0%B0%D0%B2%D1%82%D0%BE&type=supergroup&lang=en,продажа авто
2026-07-05,Обмен автомобилей,Обмен автомобилей; Чаты купли-продажи,Не указано / другой регион,АВТОРЫНОК - автомобилей и любых ТС | Чебоксары | Чуваши...,чат/группа,https://t.me/autocheb121,autocheb121,5710,"да, это чат/группа",неизвестно,В открытой web-карточке условия публикации не указаны.,не указаны в web-карточке,средний размер аудитории; фактическая активность постов/онлайн не проверена web-источником,не удалось проверить без Telegram API / просмотра t.me/s,"🚗✨ Ищете автомобили или другие транспортные средства в Чебоксарах и Чувашии? Загляните на наш авторынок! Здесь вы найдете объявления о покупке, продаже и обмене автомобилей. Присоединяйтесь к нам в Telegram и VK, чтобы не",tg-cat public search,https://tg-cat.com/@autocheb121,https://tg-cat.com/?search=%D0%BE%D0%B1%D0%BC%D0%B5%D0%BD%20%D0%B0%D0%B2%D1%82%D0%BE%D0%BC%D0%BE%D0%B1%D0%B8%D0%BB%D0%B5%D0%B9&type=supergroup&lang=en,обмен автомобилей
2026-07-05,Чаты купли-продажи,Чаты купли-продажи,Не указано / другой регион,АВТОРЫНОК ПЕНЗА | САРАНСК | САРАТОВ,канал,https://t.me/autobazar13,autobazar13,5512,не удалось проверить web-источником,неизвестно,В открытой web-карточке условия публикации не указаны.,не указаны в web-карточке,средний размер аудитории; фактическая активность постов/онлайн не проверена web-источником,не удалось проверить без Telegram API / просмотра t.me/s,"🌟 **АВТОРЫНОК ПЕНЗА | САРАНСК | САРАТОВ** 🌟 Добро пожаловать в самый уникальный авторынок на Telegram! 🚘 Здесь вы найдете лучшие объявления о продаже автомобилей в Пензе, Мордовии,",tg-cat public search,https://tg-cat.com/@autobazar13,https://tg-cat.com/?search=%D0%B0%D0%B2%D1%82%D0%BE%D1%80%D1%8B%D0%BD%D0%BE%D0%BA&type=channel&lang=en,авторынок
2026-07-05,Чаты купли-продажи,Чаты купли-продажи,Не указано / другой регион,Авто Барахолка Бойова Класика Україна 🇺🇦,чат/группа,https://t.me/baraholka_bk_ua,baraholka_bk_ua,5506,"да, это чат/группа",неизвестно,В открытой web-карточке условия публикации не указаны.,не указаны в web-карточке,средний размер аудитории; фактическая активность постов/онлайн не проверена web-источником,не удалось проверить без Telegram API / просмотра t.me/s,"🔧🚗 Ласкаво просимо до спільноти ""Авто Барахолка Бойова Класика Україна""! 🇺🇦 Це місце, де автомобільні ентузіасти з усього країни можуть знайти,",tg-cat public search,https://tg-cat.com/@baraholka_bk_ua,https://tg-cat.com/?search=%D0%B0%D0%B2%D1%82%D0%BE%20%D0%B1%D0%B0%D1%80%D0%B0%D1%85%D0%BE%D0%BB%D0%BA%D0%B0&type=supergroup&lang=en,авто барахолка
2026-07-05,Чаты купли-продажи,Чаты купли-продажи,Не указано / другой регион,Купить / продать гос авто номера Челябинск,чат/группа,https://t.me/nomerachelyabinsk,nomerachelyabinsk,5475,"да, это чат/группа",неизвестно,В открытой web-карточке условия публикации не указаны.,не указаны в web-карточке,средний размер аудитории; фактическая активность постов/онлайн не проверена web-источником,не удалось проверить без Telegram API / просмотра t.me/s,Группа посвящена покупке и продаже красивых государственных автомобильных номеров в Челябинске и Челябинской области.,tg-cat public search,https://tg-cat.com/@nomerachelyabinsk,https://tg-cat.com/?search=%D0%BA%D1%83%D0%BF%D0%B8%D1%82%D1%8C%20%D0%BF%D1%80%D0%BE%D0%B4%D0%B0%D1%82%D1%8C%20%D0%B0%D0%B2%D1%82%D0%BE&type=supergroup&lang=en,купить продать авто
2026-07-05,Мототехника,Мототехника,Не указано / другой регион,"Беркат Авто канал. Машины, запчасти",канал,https://t.me/berkat_avto,berkat_avto,5453,не удалось проверить web-источником,неизвестно,В открытой web-карточке условия публикации не указаны.,не указаны в web-карточке,средний размер аудитории; фактическая активность постов/онлайн не проверена web-источником,не удалось проверить без Telegram API / просмотра t.me/s,"Добро пожаловать на канал ""Беркат Авто""! Здесь мы погружаемся в мир автомобилей и мотоциклов в Ингушетии. Вы найдете все, что касается покупки и продажи авто, детали и запчасти, а также автоуслуги и сервисы,",tg-cat public search,https://tg-cat.com/@berkat_avto,https://tg-cat.com/?search=%D0%BC%D0%BE%D1%82%D0%BE&type=channel&lang=en; https://tg-cat.com/?search=%D0%BF%D1%80%D0%BE%D0%B4%D0%B0%D0%B6%D0%B0%20%D0%BC%D0%BE%D1%82%D0%BE&type=channel&lang=en,мото; продажа мото
2026-07-05,Чаты купли-продажи,Чаты купли-продажи,Не указано / другой регион,"ВАРШАВА АВТО 🚘 l ПОЛЬША l Аренда,Купля,Продаж",чат/группа,https://t.me/autowawa,autowawa,5430,"да, это чат/группа",неизвестно,В открытой web-карточке условия публикации не указаны.,не указаны в web-карточке,средний размер аудитории; фактическая активность постов/онлайн не проверена web-источником,не удалось проверить без Telegram API / просмотра t.me/s,"Добро пожаловать в сообщество ВАРШАВА АВТО 🚘! Здесь, в сердце Польши, мы объединяем любителей автомобилей, предлагая широкий ассортимент услуг по аренде, покупке и продаже автомобилей. Ищете идеальный авто? Или хотите продать свое? Мы",tg-cat public search,https://tg-cat.com/@autowawa,https://tg-cat.com/?search=%D0%BA%D1%83%D0%BF%D0%BB%D1%8E%20%D0%BF%D1%80%D0%BE%D0%B4%D0%B0%D0%BC%20%D0%B0%D0%B2%D1%82%D0%BE&type=supergroup&lang=en,куплю продам авто
2026-07-05,Чаты купли-продажи,Чаты купли-продажи,Россия / не указано точнее,МЭТС | ЭТАЛОННЫЙ МАРКЕТПЛЕЙС АКТИВОВ,канал,https://t.me/mets_ru,mets_ru,5304,не удалось проверить web-источником,неизвестно,В открытой web-карточке условия публикации не указаны.,не указаны в web-карточке,средний размер аудитории; фактическая активность постов/онлайн не проверена web-источником,не удалось проверить без Telegram API / просмотра t.me/s,"🔍 **Добро пожаловать в МЭТС!** Мы создаем максимально прозрачные условия для торгов в России. У нас вы можете купить или продать авто, недвижимость, заводы, фермы и многое другое — и всё это выгоднее, чем на традиционных маркетплей",tg-cat public search,https://tg-cat.com/@mets_ru,https://tg-cat.com/?search=%D0%BA%D1%83%D0%BF%D0%B8%D1%82%D1%8C%20%D0%BF%D1%80%D0%BE%D0%B4%D0%B0%D1%82%D1%8C%20%D0%B0%D0%B2%D1%82%D0%BE&type=channel&lang=en,купить продать авто
2026-07-05,Чаты купли-продажи,Чаты купли-продажи,Не указано / другой регион,Автобарахолка | Хабаровск | Авторынок . Авто барахолка....,чат/группа,https://t.me/autobaraholka27khv,autobaraholka27khv,5255,"да, это чат/группа",по согласованию / неясно,"Есть контакт/упоминание размещения, но бесплатность не подтверждена.",не указаны в web-карточке,средний размер аудитории; фактическая активность постов/онлайн не проверена web-источником,не удалось проверить без Telegram API / просмотра t.me/s,Автобарахолка в Хабаровске - площадка для продажи и покупки автомобилей. Объявления размещаются только частными лицами. Предлагаются услуги по выкупу автомобилей и скупке запчастей.,tg-cat public search,https://tg-cat.com/@autobaraholka27khv,https://tg-cat.com/?search=%D0%B0%D0%B2%D1%82%D0%BE%20%D0%B1%D0%B0%D1%80%D0%B0%D1%85%D0%BE%D0%BB%D0%BA%D0%B0&type=supergroup&lang=en,авто барахолка
2026-07-05,Чаты купли-продажи,Чаты купли-продажи,Россия / не указано точнее,Авторынок,чат/группа,https://t.me/rf_autorinok,rf_autorinok,5235,"да, это чат/группа",неизвестно,В открытой web-карточке условия публикации не указаны.,@matvey_manager,средний размер аудитории; фактическая активность постов/онлайн не проверена web-источником,не удалось проверить без Telegram API / просмотра t.me/s,🏎️✨ Уникальная возможность для автомобилистов! Присоединяйтесь к нашей доске объявлений по продаже автомобилей в России. Ищете надежного партнера? Гарант на сделки - @matvey_manager. Не упустите шанс найти свою мечту на колес,tg-cat public search,https://tg-cat.com/@rf_autorinok,https://tg-cat.com/?search=%D0%B0%D0%B2%D1%82%D0%BE%D1%80%D1%8B%D0%BD%D0%BE%D0%BA&type=supergroup&lang=en,авторынок
2026-07-05,Авто ниже рынка,Авто ниже рынка,Не указано / другой регион,Игорь Малкин | Перекуп авто| Тачки ниже рынка,канал,https://t.me/igormalkin,igormalkin,5166,не удалось проверить web-источником,неизвестно,В открытой web-карточке условия публикации не указаны.,не указаны в web-карточке,средний размер аудитории; фактическая активность постов/онлайн не проверена web-источником,не удалось проверить без Telegram API / просмотра t.me/s,"Присоединяйтесь к Игорю Малкину, эксперту в автобизнесе с десятилетним стажем! 🚗💼 На его канале YouTube с 80 тысячами подписчиков вы найдете инсайдерские советы и практические рекомендации по покупке и продаже автомобилей.",tg-cat public search,https://tg-cat.com/@igormalkin,https://tg-cat.com/?search=%D0%B0%D0%B2%D1%82%D0%BE%20%D0%BD%D0%B8%D0%B6%D0%B5%20%D1%80%D1%8B%D0%BD%D0%BA%D0%B0&type=channel&lang=en; https://tg-cat.com/?search=%D0%BD%D0%B8%D0%B6%D0%B5%20%D1%80%D1%8B%D0%BD%D0%BA%D0%B0%20%D0%B0%D0%B2%D1%82%D0%BE&type=channel&lang=en,авто ниже рынка; ниже рынка авто
2026-07-05,Чаты купли-продажи,Чаты купли-продажи,Не указано / другой регион,Красивые номера Краснодар,канал,https://t.me/runomer23,runomer23,5111,не удалось проверить web-источником,по согласованию / неясно,"Есть контакт/упоминание размещения, но бесплатность не подтверждена.",@runomerbot,средний размер аудитории; фактическая активность постов/онлайн не проверена web-источником,не удалось проверить без Telegram API / просмотра t.me/s,"Присоединяйтесь к нашему каналу ""Красивые номера Краснодар""! 🌟 Здесь вы можете купить или продать уникальные автомобильные номера в Краснодарском крае. Просто воспользуйтесь нашим ботом @runomerbot для размещения объявлений! Если вы из других регионов",tg-cat public search,https://tg-cat.com/@runomer23,https://tg-cat.com/?search=%D0%BA%D1%83%D0%BF%D0%B8%D1%82%D1%8C%20%D0%BF%D1%80%D0%BE%D0%B4%D0%B0%D1%82%D1%8C%20%D0%B0%D0%B2%D1%82%D0%BE&type=channel&lang=en,купить продать авто
2026-07-05,Чаты купли-продажи,Чаты купли-продажи,Не указано / другой регион,Авторынок СКО,чат/группа,https://t.me/avto_petropavlovsk_kz,avto_petropavlovsk_kz,5109,"да, это чат/группа",неизвестно,В открытой web-карточке условия публикации не указаны.,не указаны в web-карточке,средний размер аудитории; фактическая активность постов/онлайн не проверена web-источником,не удалось проверить без Telegram API / просмотра t.me/s,"🌟 Добро пожаловать на авторынок СКО! 🚗 Здесь мы обсуждаем покупку, продажу и прокат автомобилей, а также предоставляем информацию о комплектующих и ремонте. Присоединяйтесь к обсуждениям и находите все, что нужно для вашего автомобиля",tg-cat public search,https://tg-cat.com/@avto_petropavlovsk_kz,https://tg-cat.com/?search=%D0%B0%D0%B2%D1%82%D0%BE%D1%80%D1%8B%D0%BD%D0%BE%D0%BA&type=supergroup&lang=en,авторынок
2026-07-05,Мототехника,Мототехника; Чаты купли-продажи,Не указано / другой регион,АВТО ПОКУПКА ПРОДАЖА CARMAGAZZ Казань,чат/группа,https://t.me/carmagazz_kzn,carmagazz_kzn,4968,"да, это чат/группа",неизвестно,В открытой web-карточке условия публикации не указаны.,не указаны в web-карточке,средний размер аудитории; фактическая активность постов/онлайн не проверена web-источником,не удалось проверить без Telegram API / просмотра t.me/s,"Добро пожаловать в мир автомобильной торговли с CARMAGAZZ в Казани! 🥇 Наш автосалон предлагает уникальные возможности для покупки и продажи 🚗 автомобилей, 🏍 мототехники, 🚜 спецтехники и 🚤 водного транспорта.",tg-cat public search,https://tg-cat.com/@carmagazz_kzn,https://tg-cat.com/?search=%D0%BC%D0%BE%D1%82%D0%BE%D1%82%D0%B5%D1%85%D0%BD%D0%B8%D0%BA%D0%B0&type=supergroup&lang=en; https://tg-cat.com/?search=%D0%BF%D1%80%D0%BE%D0%B4%D0%B0%D0%B6%D0%B0%20%D0%B0%D0%B2%D1%82%D0%BE&type=supergroup&lang=en,мототехника; продажа авто
2026-07-05,Чаты купли-продажи,Чаты купли-продажи,Не указано / другой регион,Авторынок ЛНР Луганск,чат/группа,https://t.me/avtorynoklnr,avtorynoklnr,4958,"да, это чат/группа",неизвестно,В открытой web-карточке условия публикации не указаны.,"@avtorynok_lnr_bot, @Secrecy_887",средний размер аудитории; фактическая активность постов/онлайн не проверена web-источником,не удалось проверить без Telegram API / просмотра t.me/s,"Авторынок ЛНР в Луганске — это быстрая и удобная площадка для продажи автомобилей. Для публикации объявлений можно обратиться к боту @avtorynok_lnr_bot, а по вопросам рекламы писать @Secrecy_887.",tg-cat public search,https://tg-cat.com/@avtorynoklnr,https://tg-cat.com/?search=%D0%B0%D0%B2%D1%82%D0%BE%D1%80%D1%8B%D0%BD%D0%BE%D0%BA&type=supergroup&lang=en,авторынок
2026-07-05,Обмен автомобилей,Обмен автомобилей; Чаты купли-продажи,Не указано / другой регион,⚙Авто-Барахолка 56🛞 Первомайский район,чат/группа,https://t.me/avtopervomaisk,avtopervomaisk,4955,"да, это чат/группа",неизвестно,В открытой web-карточке условия публикации не указаны.,не указаны в web-карточке,средний размер аудитории; фактическая активность постов/онлайн не проверена web-источником,не удалось проверить без Telegram API / просмотра t.me/s,"Авто-Барахолка 56 в Первомайском районе — площадка для купли, продажи и обмена автомобильными запчастями.",tg-cat public search,https://tg-cat.com/@avtopervomaisk,https://tg-cat.com/?search=%D0%B0%D0%B2%D1%82%D0%BE%20%D0%B1%D0%B0%D1%80%D0%B0%D1%85%D0%BE%D0%BB%D0%BA%D0%B0&type=supergroup&lang=en; https://tg-cat.com/?search=%D0%BE%D0%B1%D0%BC%D0%B5%D0%BD%20%D0%B0%D0%B2%D1%82%D0%BE&type=supergroup&lang=en,авто барахолка; обмен авто
2026-07-05,Мототехника,Мототехника; Обмен автомобилей; Чаты купли-продажи,Не указано / другой регион,"Куплю / Продам Тверь, Авто, Мото, Запчасти",чат/группа,https://t.me/kuptver,kuptver,4949,"да, это чат/группа",неизвестно,В открытой web-карточке условия публикации не указаны.,не указаны в web-карточке,средний размер аудитории; фактическая активность постов/онлайн не проверена web-источником,не удалось проверить без Telegram API / просмотра t.me/s,"Группа «Моя Тверь» предоставляет платформу для купли-продажи, обмена и дарения товаров в Твери и области, включая авто, мото и другие вещи.",tg-cat public search,https://tg-cat.com/@kuptver,https://tg-cat.com/?search=%D0%BA%D1%83%D0%BF%D0%BB%D1%8E%20%D0%BF%D1%80%D0%BE%D0%B4%D0%B0%D0%BC%20%D0%B0%D0%B2%D1%82%D0%BE&type=supergroup&lang=en; https://tg-cat.com/?search=%D0%BC%D0%BE%D1%82%D0%BE%20%D0%B1%D0%B0%D1%80%D0%B0%D1%85%D0%BE%D0%BB%D0%BA%D0%B0&type=supergroup&lang=en; https://tg-cat.com/?search=%D0%BC%D0%BE%D1%82%D0%BE&type=supergroup&lang=en; https://tg-cat.com/?search=%D0%BE%D0%B1%D0%BC%D0%B5%D0%BD%20%D0%B0%D0%B2%D1%82%D0%BE&type=supergroup&lang=en,куплю продам авто; мото; мото барахолка; обмен авто
2026-07-05,Чаты купли-продажи,Чаты купли-продажи,Не указано / другой регион,Продажа Фуры и Авто No1,чат/группа,https://t.me/furi_no1,furi_no1,4933,"да, это чат/группа",неизвестно,В открытой web-карточке условия публикации не указаны.,не указаны в web-карточке,средний размер аудитории; фактическая активность постов/онлайн не проверена web-источником,не удалось проверить без Telegram API / просмотра t.me/s,,tg-cat public search,https://tg-cat.com/@furi_no1,https://tg-cat.com/?search=%D0%BF%D1%80%D0%BE%D0%B4%D0%B0%D0%B6%D0%B0%20%D0%B0%D0%B2%D1%82%D0%BE&type=supergroup&lang=en,продажа авто
2026-07-05,Чаты купли-продажи,Чаты купли-продажи,Не указано / другой регион,Купить / продать гос авто номера Воронеж,чат/группа,https://t.me/nomeravoronezh,nomeravoronezh,4806,"да, это чат/группа",неизвестно,В открытой web-карточке условия публикации не указаны.,не указаны в web-карточке,средний размер аудитории; фактическая активность постов/онлайн не проверена web-источником,не удалось проверить без Telegram API / просмотра t.me/s,"Добро пожаловать в наше сообщество, посвященное покупке и продаже государственных автомобильных номеров в Воронеже! 🚗✨ Здесь вы найдете уникальные и красивые номера для автомобилей Воронежской области, которые подчеркнут ваш стиль и индивидуальность. Хотите продать забытый",tg-cat public search,https://tg-cat.com/@nomeravoronezh,https://tg-cat.com/?search=%D0%BA%D1%83%D0%BF%D0%B8%D1%82%D1%8C%20%D0%BF%D1%80%D0%BE%D0%B4%D0%B0%D1%82%D1%8C%20%D0%B0%D0%B2%D1%82%D0%BE&type=supergroup&lang=en,купить продать авто
2026-07-05,Мототехника,Мототехника; Чаты купли-продажи,Не указано / другой регион,Мото каракалпак,чат/группа,https://t.me/motorinok5,motorinok5,4716,"да, это чат/группа",неизвестно,В открытой web-карточке условия публикации не указаны.,не указаны в web-карточке,средний размер аудитории; фактическая активность постов/онлайн не проверена web-источником,не удалось проверить без Telegram API / просмотра t.me/s,"🚴‍♂️ Ищете мотоцикл? Наша беседа о продаже мотоцикла Каракалпака – это то, что вам нужно! Узнайте все детали и присоединяйтесь к разговору. Обратите внимание, что реклама других товаров не допуска",tg-cat public search,https://tg-cat.com/@motorinok5,https://tg-cat.com/?search=%D0%BC%D0%BE%D1%82%D0%BE&type=supergroup&lang=en,мото
2026-07-05,Чаты купли-продажи,Чаты купли-продажи,Не указано / другой регион,Hollywood Rides | Продажа и финансирование авто,канал,https://t.me/thw_com,thw_com,4639,не удалось проверить web-источником,неизвестно,В открытой web-карточке условия публикации не указаны.,не указаны в web-карточке,средний размер аудитории; фактическая активность постов/онлайн не проверена web-источником,не удалось проверить без Telegram API / просмотра t.me/s,"Hollywood Rides — ваш надежный партнер в сфере продажи и финансирования автомобилей в Лос-Анджелесе! Мы предлагаем широкий выбор авто на продажу и аренду. У нас вы можете оплачивать как в долларах, так и в рублях, а также с помощью криптовалют",tg-cat public search,https://tg-cat.com/@thw_com,https://tg-cat.com/?search=%D0%BF%D1%80%D0%BE%D0%B4%D0%B0%D0%B6%D0%B0%20%D0%B0%D0%B2%D1%82%D0%BE&type=channel&lang=en,продажа авто
2026-07-05,Чаты купли-продажи,Чаты купли-продажи,Не указано / другой регион,ТОРГИ | АВТОМОБИЛИ | АВТОРЫНОК,канал,https://t.me/bazatorgov,bazatorgov,4611,не удалось проверить web-источником,неизвестно,В открытой web-карточке условия публикации не указаны.,не указаны в web-карточке,средний размер аудитории; фактическая активность постов/онлайн не проверена web-источником,не удалось проверить без Telegram API / просмотра t.me/s,"Добро пожаловать на наш канал, посвященный торгам, автомобилям и авторынку! Здесь вы найдете самую актуальную информацию о торгах, свежие предложения и эксклюзивные сделки на рынке автомобилей. Не упустите возможность быть в курсе самых горячих новинок на",tg-cat public search,https://tg-cat.com/@bazatorgov,https://tg-cat.com/?search=%D0%B0%D0%B2%D1%82%D0%BE%D1%80%D1%8B%D0%BD%D0%BE%D0%BA&type=channel&lang=en,авторынок
2026-07-05,Чаты купли-продажи,Чаты купли-продажи,Не указано / другой регион,Купить / продать авто номера Екатеринбург 96 196,чат/группа,https://t.me/nomeraeburg,nomeraeburg,4481,"да, это чат/группа",неизвестно,В открытой web-карточке условия публикации не указаны.,не указаны в web-карточке,средний размер аудитории; фактическая активность постов/онлайн не проверена web-источником,не удалось проверить без Telegram API / просмотра t.me/s,Ищете красивые гос номера для своего автомобиля в Екатеринбурге? 🔥 У нас есть лучшие предложения! Хотите продать или купить номера? Узнайте больше о нашем ассортименте и сделайте свой выбор!,tg-cat public search,https://tg-cat.com/@nomeraeburg,https://tg-cat.com/?search=%D0%BA%D1%83%D0%BF%D0%B8%D1%82%D1%8C%20%D0%BF%D1%80%D0%BE%D0%B4%D0%B0%D1%82%D1%8C%20%D0%B0%D0%B2%D1%82%D0%BE&type=supergroup&lang=en,купить продать авто
2026-07-05,Чаты купли-продажи,Чаты купли-продажи,Не указано / другой регион,Продажа Аукционы авто,чат/группа,https://t.me/cars4you_auction,cars4you_auction,4476,"да, это чат/группа",неизвестно,В открытой web-карточке условия публикации не указаны.,"@Cars4you_Oleg, 6562142056",средний размер аудитории; фактическая активность постов/онлайн не проверена web-источником,не удалось проверить без Telegram API / просмотра t.me/s,"Группа занимается продажей автомобилей с закрытых аукционов. Лицензированный дилер Олег предлагает финансирование без SSN и доставку авто в любой штат. Контакт: @Cars4you_Oleg, телефон: 6562142056.",tg-cat public search,https://tg-cat.com/@cars4you_auction,https://tg-cat.com/?search=%D0%BF%D1%80%D0%BE%D0%B4%D0%B0%D0%B6%D0%B0%20%D0%B0%D0%B2%D1%82%D0%BE&type=supergroup&lang=en,продажа авто
2026-07-05,Чаты купли-продажи,Чаты купли-продажи,Не указано / другой регион,Барахолка Авто Самара/Самарская область АВТОРЫНОК Chat,чат/группа,https://t.me/avto_763,avto_763,4461,"да, это чат/группа",неизвестно,В открытой web-карточке условия публикации не указаны.,не указаны в web-карточке,средний размер аудитории; фактическая активность постов/онлайн не проверена web-источником,не удалось проверить без Telegram API / просмотра t.me/s,🚗📢 Присоединяйтесь к Барахолке Авто Самара! Здесь вы сможете разместить своё объявление о продаже автомобиля по правилам канала и значительно увеличить шансы на успешную сделку. Не упустите возможность!,tg-cat public search,https://tg-cat.com/@avto_763,https://tg-cat.com/?search=%D0%B0%D0%B2%D1%82%D0%BE%20%D0%B1%D0%B0%D1%80%D0%B0%D1%85%D0%BE%D0%BB%D0%BA%D0%B0&type=supergroup&lang=en,авто барахолка
2026-07-05,Мототехника,Мототехника; Чаты купли-продажи,Не указано / другой регион,Мото Барахолка Саранск - Мордовия,чат/группа,https://t.me/moto_saransk,moto_saransk,4423,"да, это чат/группа",неизвестно,В открытой web-карточке условия публикации не указаны.,не указаны в web-карточке,средний размер аудитории; фактическая активность постов/онлайн не проверена web-источником,не удалось проверить без Telegram API / просмотра t.me/s,"Добро пожаловать в Мото Барахолку Саранска – Самое горячее место для мотоциклетных энтузиастов Мордовии! 🏍️ Здесь вы найдете всё, что нужно для своего железного коня: от запчастей и м",tg-cat public search,https://tg-cat.com/@moto_saransk,https://tg-cat.com/?search=%D0%BC%D0%BE%D1%82%D0%BE%20%D0%B1%D0%B0%D1%80%D0%B0%D1%85%D0%BE%D0%BB%D0%BA%D0%B0&type=supergroup&lang=en; https://tg-cat.com/?search=%D0%BC%D0%BE%D1%82%D0%BE&type=supergroup&lang=en,мото; мото барахолка
2026-07-05,Мототехника,Мототехника; Чаты купли-продажи,Не указано / другой регион,МОТО барахолка Лнр/Луганск,чат/группа,https://t.me/moto_baraholka_lnr,moto_baraholka_lnr,4386,"да, это чат/группа",да / есть указание в описании,В описании есть слово “бесплатно/бесплатная”.,не указаны в web-карточке,средний размер аудитории; фактическая активность постов/онлайн не проверена web-источником,не удалось проверить без Telegram API / просмотра t.me/s,"Группа ""МОТО барахолка Лнр/Луганск"" предназначена для размещения объявлений о продаже мототоваров. Размещение бесплатное. Требуется выкладывать фото товара, цену в рублях, короткое описание и номер телефона. Запрещ",tg-cat public search,https://tg-cat.com/@moto_baraholka_lnr,https://tg-cat.com/?search=%D0%BC%D0%BE%D1%82%D0%BE%20%D0%B1%D0%B0%D1%80%D0%B0%D1%85%D0%BE%D0%BB%D0%BA%D0%B0&type=supergroup&lang=en; https://tg-cat.com/?search=%D0%BC%D0%BE%D1%82%D0%BE&type=supergroup&lang=en,мото; мото барахолка
2026-07-05,Авто ниже рынка,Авто ниже рынка; Мототехника; Обмен автомобилей; Чаты купли-продажи,Россия / не указано точнее,Закрытый Авторынок Иркутск (авто ниже рынка),чат/группа,https://t.me/avtorinokirk,avtorinokirk,4385,"да, это чат/группа",по согласованию / неясно,"Есть контакт/упоминание размещения, но бесплатность не подтверждена.",не указаны в web-карточке,средний размер аудитории; фактическая активность постов/онлайн не проверена web-источником,не удалось проверить без Telegram API / просмотра t.me/s,"Группа ""Закрытый Авторынок Иркутск"" предлагает продажу и обмен автомобилей, мотоциклов и специальной техники по ценам ниже рыночных в России. Для размещения рекламы и сотрудничества можно обращаться к администратору группы.",tg-cat public search,https://tg-cat.com/@avtorinokirk,https://tg-cat.com/?search=%D0%B0%D0%B2%D1%82%D0%BE%20%D0%BD%D0%B8%D0%B6%D0%B5%20%D1%80%D1%8B%D0%BD%D0%BA%D0%B0&type=supergroup&lang=en; https://tg-cat.com/?search=%D0%BD%D0%B8%D0%B6%D0%B5%20%D1%80%D1%8B%D0%BD%D0%BA%D0%B0%20%D0%B0%D0%B2%D1%82%D0%BE&type=supergroup&lang=en; https://tg-cat.com/?search=%D0%BE%D0%B1%D0%BC%D0%B5%D0%BD%20%D0%B0%D0%B2%D1%82%D0%BE%D0%BC%D0%BE%D0%B1%D0%B8%D0%BB%D0%B5%D0%B9&type=supergroup&lang=en,авто ниже рынка; ниже рынка авто; обмен автомобилей
2026-07-05,Чаты купли-продажи,Чаты купли-продажи,Не указано / другой регион,Купить / продать гос авто номера Волгоград,чат/группа,https://t.me/nomeravolgograd,nomeravolgograd,4373,"да, это чат/группа",неизвестно,В открытой web-карточке условия публикации не указаны.,не указаны в web-карточке,средний размер аудитории; фактическая активность постов/онлайн не проверена web-источником,не удалось проверить без Telegram API / просмотра t.me/s,"Приветствуем вас в нашем сообществе, посвящённом продаже и покупке государственных автомобильных номеров в Волгограде! Здесь вы найдете не только красивые номера, но и возможность выгодно продать свои. Мы объединяем всех любителей уникальных автомобильных знаков,",tg-cat public search,https://tg-cat.com/@nomeravolgograd,https://tg-cat.com/?search=%D0%BA%D1%83%D0%BF%D0%B8%D1%82%D1%8C%20%D0%BF%D1%80%D0%BE%D0%B4%D0%B0%D1%82%D1%8C%20%D0%B0%D0%B2%D1%82%D0%BE&type=supergroup&lang=en,купить продать авто
2026-07-05,Мототехника,Мототехника; Чаты купли-продажи,Не указано / другой регион,АВТО БАРАХОЛКА УФА | ШИНЫ | РАЗБОР | Башкортостан,чат/группа,https://t.me/razbor_ufa,razbor_ufa,4340,"да, это чат/группа",неизвестно,В открытой web-карточке условия публикации не указаны.,не указаны в web-карточке,средний размер аудитории; фактическая активность постов/онлайн не проверена web-источником,не удалось проверить без Telegram API / просмотра t.me/s,"Группа ""Авто Барахолка Уфа"" предлагает продажу б/у запчастей, авто товаров, шин и дисков в Уфе и Республике Башкортостан. Запрещены ссылки и пересылка материалов из других источников. Закрепленный пост",tg-cat public search,https://tg-cat.com/@razbor_ufa,https://tg-cat.com/?search=%D0%B0%D0%B2%D1%82%D0%BE%20%D0%B1%D0%B0%D1%80%D0%B0%D1%85%D0%BE%D0%BB%D0%BA%D0%B0&type=supergroup&lang=en; https://tg-cat.com/?search=%D0%BC%D0%BE%D1%82%D0%BE%20%D0%B1%D0%B0%D1%80%D0%B0%D1%85%D0%BE%D0%BB%D0%BA%D0%B0&type=supergroup&lang=en,авто барахолка; мото барахолка
2026-07-05,Обмен автомобилей,Мототехника; Обмен автомобилей; Чаты купли-продажи,Не указано / другой регион,Авто 🚗🌶️ Крым: Ялта Симферополь Евпатория Феодосия Джан...,чат/группа,https://t.me/krymauto,krymauto,4301,"да, это чат/группа",неизвестно,В открытой web-карточке условия публикации не указаны.,не указаны в web-карточке,средний размер аудитории; фактическая активность постов/онлайн не проверена web-источником,не удалось проверить без Telegram API / просмотра t.me/s,"🚗🔥 Ищете, где купить, продать или обменять авто, мото и вело? Добро пожаловать в наш чат! Здесь вы найдете запчасти, услуги СТО и лучшие предложения из Крыма: Симферополь, Ялта, Керч",tg-cat public search,https://tg-cat.com/@krymauto,https://tg-cat.com/?search=%D0%BE%D0%B1%D0%BC%D0%B5%D0%BD%20%D0%B0%D0%B2%D1%82%D0%BE&type=supergroup&lang=en,обмен авто
2026-07-05,Обмен автомобилей,Обмен автомобилей; Чаты купли-продажи,Не указано / другой регион,Авто ринок України. Продаж авто.,чат/группа,https://t.me/autocasn,autocasn,4291,"да, это чат/группа",неизвестно,В открытой web-карточке условия публикации не указаны.,не указаны в web-карточке,средний размер аудитории; фактическая активность постов/онлайн не проверена web-источником,не удалось проверить без Telegram API / просмотра t.me/s,,tg-cat public search,https://tg-cat.com/@autocasn,https://tg-cat.com/?search=%D0%BE%D0%B1%D0%BC%D0%B5%D0%BD%20%D0%B0%D0%B2%D1%82%D0%BE&type=supergroup&lang=en; https://tg-cat.com/?search=%D0%BF%D1%80%D0%BE%D0%B4%D0%B0%D0%B6%D0%B0%20%D0%B0%D0%B2%D1%82%D0%BE&type=supergroup&lang=en,обмен авто; продажа авто
2026-07-05,Чаты купли-продажи,Чаты купли-продажи,Не указано / другой регион,Авторынок Челябинск,канал,https://t.me/Avtorinok_74,Avtorinok_74,4239,не удалось проверить web-источником,неизвестно,В открытой web-карточке условия публикации не указаны.,не указаны в web-карточке,средний размер аудитории; фактическая активность постов/онлайн не проверена web-источником,не удалось проверить без Telegram API / просмотра t.me/s,,tg-cat public search,https://tg-cat.com/@Avtorinok_74,https://tg-cat.com/?search=%D0%B0%D0%B2%D1%82%D0%BE%D1%80%D1%8B%D0%BD%D0%BE%D0%BA&type=channel&lang=en,авторынок
2026-07-05,Мототехника,Мототехника; Чаты купли-продажи,Не указано / другой регион,АВТО ПОКУПКА ПРОДАЖА CARMAGAZZ Краснодар,чат/группа,https://t.me/carstreetru_krd,carstreetru_krd,4228,"да, это чат/группа",неизвестно,В открытой web-карточке условия публикации не указаны.,не указаны в web-карточке,средний размер аудитории; фактическая активность постов/онлайн не проверена web-источником,не удалось проверить без Telegram API / просмотра t.me/s,🌟 Ищете идеальное авто или технику? 🚗🏍️ Автосалон CARMAGAZZ в Краснодаре предлагает широкий выбор: от легковых автомобилей до спецтехники и водного транспорта! Присоединяйтесь к аукциону CARM,tg-cat public search,https://tg-cat.com/@carstreetru_krd,https://tg-cat.com/?search=%D0%BC%D0%BE%D1%82%D0%BE%D1%82%D0%B5%D1%85%D0%BD%D0%B8%D0%BA%D0%B0&type=supergroup&lang=en,мототехника
2026-07-05,Мототехника,Мототехника; Чаты купли-продажи,Не указано / другой регион,АВТО РИНОК &quot;СХІД&quot; 🇺🇦,чат/группа,https://t.me/avtobazar_kharkiv_ua,avtobazar_kharkiv_ua,4167,"да, это чат/группа",неизвестно,В открытой web-карточке условия публикации не указаны.,не указаны в web-карточке,средний размер аудитории; фактическая активность постов/онлайн не проверена web-источником,не удалось проверить без Telegram API / просмотра t.me/s,🚗🔥 Добро пожаловать на Авто та Мото базар Харків! Здесь вы найдете лучшие предложения по продаже автомобилей и мотоциклов. Ознакомьтесь с правилами и присоединяйтесь к нашему сообществу! 👉 [Правила](https://t,tg-cat public search,https://tg-cat.com/@avtobazar_kharkiv_ua,https://tg-cat.com/?search=%D0%BF%D1%80%D0%BE%D0%B4%D0%B0%D0%B6%D0%B0%20%D0%BC%D0%BE%D1%82%D0%BE&type=supergroup&lang=en,продажа мото
2026-07-05,Чаты купли-продажи,Чаты купли-продажи,Не указано / другой регион,Авто-Барахолка Хабаровск,чат/группа,https://t.me/abkhv,abkhv,4152,"да, это чат/группа",платно или частично платно,В описании есть указание на платную рекламу/размещение.,не указаны в web-карточке,средний размер аудитории; фактическая активность постов/онлайн не проверена web-источником,не удалось проверить без Telegram API / просмотра t.me/s,"Группа ""Авто-Барахолка Хабаровск"" устанавливает правила: 1) флуд запрещён, 2) повторное размещение через 48 часов, 3) вопросы продавцу в личные сообщения. Реклама услуг платная. Дополнительные ссылки",tg-cat public search,https://tg-cat.com/@abkhv,https://tg-cat.com/?search=%D0%B0%D0%B2%D1%82%D0%BE%20%D0%B1%D0%B0%D1%80%D0%B0%D1%85%D0%BE%D0%BB%D0%BA%D0%B0&type=supergroup&lang=en,авто барахолка
2026-07-05,Чаты купли-продажи,Чаты купли-продажи,Не указано / другой регион,Авторынок Полевской,чат/группа,https://t.me/auto_polevskoy,auto_polevskoy,4015,"да, это чат/группа",неизвестно,В открытой web-карточке условия публикации не указаны.,@takt1k,средний размер аудитории; фактическая активность постов/онлайн не проверена web-источником,не удалось проверить без Telegram API / просмотра t.me/s,🔧🚗 Узнайте о лучших предложениях на авторынке Полевского! Объявления по продаже автомобилей и запчастей ждут вас. Не упустите шанс - следите за новостями! 📩 @takt1k,tg-cat public search,https://tg-cat.com/@auto_polevskoy,https://tg-cat.com/?search=%D0%B0%D0%B2%D1%82%D0%BE%D1%80%D1%8B%D0%BD%D0%BE%D0%BA&type=supergroup&lang=en,авторынок
2026-07-05,Мототехника,Мототехника; Чаты купли-продажи,Не указано / другой регион,MOTODROM | МОТО БАРАХОЛКА ДНР ДОНЕЦК | ЧАТ,чат/группа,https://t.me/motodromdnr,motodromdnr,3944,"да, это чат/группа",неизвестно,В открытой web-карточке условия публикации не указаны.,не указаны в web-карточке,средний размер аудитории; фактическая активность постов/онлайн не проверена web-источником,не удалось проверить без Telegram API / просмотра t.me/s,,tg-cat public search,https://tg-cat.com/@motodromdnr,https://tg-cat.com/?search=%D0%BC%D0%BE%D1%82%D0%BE%20%D0%B1%D0%B0%D1%80%D0%B0%D1%85%D0%BE%D0%BB%D0%BA%D0%B0&type=supergroup&lang=en,мото барахолка
2026-07-05,Чаты купли-продажи,Чаты купли-продажи,Не указано / другой регион,Авто продажа Ireland,чат/группа,https://t.me/cars_ireland,cars_ireland,3904,"да, это чат/группа",неизвестно,В открытой web-карточке условия публикации не указаны.,не указаны в web-карточке,средний размер аудитории; фактическая активность постов/онлайн не проверена web-источником,не удалось проверить без Telegram API / просмотра t.me/s,,tg-cat public search,https://tg-cat.com/@cars_ireland,https://tg-cat.com/?search=%D0%BF%D1%80%D0%BE%D0%B4%D0%B0%D0%B6%D0%B0%20%D0%B0%D0%B2%D1%82%D0%BE&type=supergroup&lang=en,продажа авто
2026-07-05,Чаты купли-продажи,Чаты купли-продажи,Россия / не указано точнее,АВТОРЫНОК МАХАЧКАЛА,чат/группа,https://t.me/avtorinokdag05,avtorinokdag05,3903,"да, это чат/группа",неизвестно,В открытой web-карточке условия публикации не указаны.,не указаны в web-карточке,средний размер аудитории; фактическая активность постов/онлайн не проверена web-источником,не удалось проверить без Telegram API / просмотра t.me/s,"🚗 Добро пожаловать на авторынок Махачкала! ❗ Здесь вы найдете все правила покупки и продажи автомобилей по России. 📌 Не забудьте указать до 10 фото, подробное описание, город и контакты. Присоединяйтесь к нам и сдел",tg-cat public search,https://tg-cat.com/@avtorinokdag05,https://tg-cat.com/?search=%D0%B0%D0%B2%D1%82%D0%BE%D1%80%D1%8B%D0%BD%D0%BE%D0%BA&type=supergroup&lang=en,авторынок
2026-07-05,Чаты купли-продажи,Чаты купли-продажи,Не указано / другой регион,АВТОРЫНОК КАЗАНЬ АВТО ТАТАРСТАН,канал,https://t.me/avtotatarstan,avtotatarstan,3893,не удалось проверить web-источником,по согласованию / неясно,"Есть контакт/упоминание размещения, но бесплатность не подтверждена.",не указаны в web-карточке,средний размер аудитории; фактическая активность постов/онлайн не проверена web-источником,не удалось проверить без Telegram API / просмотра t.me/s,Добро пожаловать на канал «Авторыно́к Казань Авто Татарстан»! 🚗✨ Здесь вы найдете все самые свежие объявления о продаже автомобилей в Казани и Татарстане. Ищете новый автомобиль или хотите продать свой? Просто отправляйте свои объявления Админу,tg-cat public search,https://tg-cat.com/@avtotatarstan,https://tg-cat.com/?search=%D0%B0%D0%B2%D1%82%D0%BE%D1%80%D1%8B%D0%BD%D0%BE%D0%BA&type=channel&lang=en,авторынок
2026-07-05,Мототехника,Мототехника; Обмен автомобилей; Чаты купли-продажи,Не указано / другой регион,АВТО/МОТО/ВЕЛО/С|Х ТЕХНИКА🚘ПОКУПКА🛵 ПРОДАЖА 🛞ЗАПЧАСТИ Н...,чат/группа,https://t.me/avtoproddnr,avtoproddnr,3851,"да, это чат/группа",неизвестно,В открытой web-карточке условия публикации не указаны.,не указаны в web-карточке,средний размер аудитории; фактическая активность постов/онлайн не проверена web-источником,не удалось проверить без Telegram API / просмотра t.me/s,"Добро пожаловать в наше автомобильное и мотосообщество! 🚘🛵 Здесь, в группе, вас ждёт увлекательный мир покупки и продажи автомобилей, мотоциклов и запчастей в ДНР, ЛНР, Запорожской и Херсонской",tg-cat public search,https://tg-cat.com/@avtoproddnr,https://tg-cat.com/?search=%D0%BE%D0%B1%D0%BC%D0%B5%D0%BD%20%D0%B0%D0%B2%D1%82%D0%BE%D0%BC%D0%BE%D0%B1%D0%B8%D0%BB%D0%B5%D0%B9&type=supergroup&lang=en; https://tg-cat.com/?search=%D0%BF%D1%80%D0%BE%D0%B4%D0%B0%D0%B6%D0%B0%20%D0%BC%D0%BE%D1%82%D0%BE&type=supergroup&lang=en,обмен автомобилей; продажа мото
2026-07-05,Авторынки Москвы,Чаты купли-продажи,Не указано / другой регион,Grigoriy_avto |ВЫКУП/ПРОДАЖА/ПОДБОР авто,канал,https://t.me/Grigoriy_avto,Grigoriy_avto,3842,не удалось проверить web-источником,неизвестно,В открытой web-карточке условия публикации не указаны.,не указаны в web-карточке,средний размер аудитории; фактическая активность постов/онлайн не проверена web-источником,не удалось проверить без Telegram API / просмотра t.me/s,🚗 Добро пожаловать на канал Grigoriy_avto! Здесь вы найдете срочный выкуп и продажу автомобилей только с честной историей. Мы предлагаем профессиональный подбор и максимальную информацию о каждом авто. Не упустите возможность найти идеальное транспортное средство! Звоните,tg-cat public search,https://tg-cat.com/@Grigoriy_avto,https://tg-cat.com/?search=%D0%B0%D0%B2%D1%82%D0%BE%20%D0%BC%D0%BE%D1%81%D0%BA%D0%B2%D0%B0&type=channel&lang=en; https://tg-cat.com/?search=%D0%BF%D1%80%D0%BE%D0%B4%D0%B0%D0%B6%D0%B0%20%D0%B0%D0%B2%D1%82%D0%BE%20%D0%BC%D0%BE%D1%81%D0%BA%D0%B2%D0%B0&type=channel&lang=en; https://tg-cat.com/?search=%D0%BF%D1%80%D0%BE%D0%B4%D0%B0%D0%B6%D0%B0%20%D0%B0%D0%B2%D1%82%D0%BE&type=channel&lang=en,авто москва; продажа авто; продажа авто москва
2026-07-05,Чаты купли-продажи,Чаты купли-продажи,Не указано / другой регион,Авторынок Воронеж область,чат/группа,https://t.me/dpsvrn36,dpsvrn36,3797,"да, это чат/группа",неизвестно,В открытой web-карточке условия публикации не указаны.,не указаны в web-карточке,средний размер аудитории; фактическая активность постов/онлайн не проверена web-источником,не удалось проверить без Telegram API / просмотра t.me/s,,tg-cat public search,https://tg-cat.com/@dpsvrn36,https://tg-cat.com/?search=%D0%B0%D0%B2%D1%82%D0%BE%D1%80%D1%8B%D0%BD%D0%BE%D0%BA&type=supergroup&lang=en,авторынок
2026-07-05,Мототехника,Мототехника; Чаты купли-продажи,Не указано / другой регион,АВТО-МОТО рынок Скадовск,чат/группа,https://t.me/avtorinokskadovsk,avtorinokskadovsk,3794,"да, это чат/группа",неизвестно,В открытой web-карточке условия публикации не указаны.,не указаны в web-карточке,средний размер аудитории; фактическая активность постов/онлайн не проверена web-источником,не удалось проверить без Telegram API / просмотра t.me/s,,tg-cat public search,https://tg-cat.com/@avtorinokskadovsk,https://tg-cat.com/?search=%D0%BC%D0%BE%D1%82%D0%BE&type=supergroup&lang=en,мото
2026-07-05,Чаты купли-продажи,Чаты купли-продажи,Не указано / другой регион,Авторынок Новосибирск 154 ( Продажа авто 54 ),чат/группа,https://t.me/vykup_avto_nsk_54,vykup_avto_nsk_54,3794,"да, это чат/группа",неизвестно,В открытой web-карточке условия публикации не указаны.,не указаны в web-карточке,средний размер аудитории; фактическая активность постов/онлайн не проверена web-источником,не удалось проверить без Telegram API / просмотра t.me/s,"Добро пожаловать в авторынок Новосибирска 154! 🚗 Здесь вы сможете найти и продать любые автомобили без лишних хлопот — не нужно никаких документов, кредитов или запретов! Мы заботимся о том, чтобы правила были одинаковыми для всех участников, поэтому только автомобили",tg-cat public search,https://tg-cat.com/@vykup_avto_nsk_54,https://tg-cat.com/?search=%D0%BF%D1%80%D0%BE%D0%B4%D0%B0%D0%B6%D0%B0%20%D0%B0%D0%B2%D1%82%D0%BE&type=supergroup&lang=en,продажа авто
2026-07-05,Чаты купли-продажи,Чаты купли-продажи,Не указано / другой регион,KARBERI.RU- Подбор/Импорт/Продажа авто,канал,https://t.me/karberi_auto,karberi_auto,3677,не удалось проверить web-источником,неизвестно,В открытой web-карточке условия публикации не указаны.,не указаны в web-карточке,средний размер аудитории; фактическая активность постов/онлайн не проверена web-источником,не удалось проверить без Telegram API / просмотра t.me/s,"Добро пожаловать на канал KARBERI.RU — ваше надежное руководство в мире автомобилей! 🚗✨ Здесь мы поможем вам подобрать идеальное авто, проведем выездную диагностику и предложим лучшие условия для покупки или продажи вашего автомобиля. 💰 Хотите обновить свой",tg-cat public search,https://tg-cat.com/@karberi_auto,https://tg-cat.com/?search=%D0%BF%D1%80%D0%BE%D0%B4%D0%B0%D0%B6%D0%B0%20%D0%B0%D0%B2%D1%82%D0%BE&type=channel&lang=en,продажа авто
2026-07-05,Чаты купли-продажи,Чаты купли-продажи,Не указано / другой регион,Воронеж Авторынок,канал,https://t.me/auto_voronezh36,auto_voronezh36,3675,не удалось проверить web-источником,по согласованию / неясно,"Есть контакт/упоминание размещения, но бесплатность не подтверждена.",не указаны в web-карточке,средний размер аудитории; фактическая активность постов/онлайн не проверена web-источником,не удалось проверить без Telegram API / просмотра t.me/s,🌟 Добро пожаловать на канал «Воронеж Авторынок»! 🌟 Здесь вы найдете актуальные объявления и свежие новости авторынка Воронежа и Черноземья! 🚗💨 Хотите поделиться информацией или связаться с администрацией? Нап,tg-cat public search,https://tg-cat.com/@auto_voronezh36,https://tg-cat.com/?search=%D0%B0%D0%B2%D1%82%D0%BE%D1%80%D1%8B%D0%BD%D0%BE%D0%BA&type=channel&lang=en,авторынок
2026-07-05,Авто ниже рынка,Авто ниже рынка; Чаты купли-продажи,Не указано / другой регион,Перекупы 174 🤝💵,чат/группа,https://t.me/perekup7,perekup7,3657,"да, это чат/группа",неизвестно,В открытой web-карточке условия публикации не указаны.,не указаны в web-карточке,средний размер аудитории; фактическая активность постов/онлайн не проверена web-источником,не удалось проверить без Telegram API / просмотра t.me/s,"Группа ""Перекупы 174"" — это сообщество в Instagram, посвященное автомобилям, где публикуются предложения о продаже авто по низким ценам. Участники могут обсуждать и делиться информацией, связанных с автомобилями, без ограничений.",tg-cat public search,https://tg-cat.com/@perekup7,https://tg-cat.com/?search=%D0%B0%D0%B2%D1%82%D0%BE%20%D0%BF%D0%BE%20%D0%BD%D0%B8%D0%B7%D1%83%20%D1%80%D1%8B%D0%BD%D0%BA%D0%B0&type=supergroup&lang=en; https://tg-cat.com/?search=%D0%BF%D0%BE%20%D0%BD%D0%B8%D0%B7%D1%83%20%D1%80%D1%8B%D0%BD%D0%BA%D0%B0&type=supergroup&lang=en,авто по низу рынка; по низу рынка
2026-07-05,Мототехника,Мототехника; Чаты купли-продажи,Не указано / другой регион,🏍Мото 🏍барахолка🏍Мелитополь,чат/группа,https://t.me/melitopolmoto,melitopolmoto,3599,"да, это чат/группа",неизвестно,В открытой web-карточке условия публикации не указаны.,не указаны в web-карточке,средний размер аудитории; фактическая активность постов/онлайн не проверена web-источником,не удалось проверить без Telegram API / просмотра t.me/s,,tg-cat public search,https://tg-cat.com/@melitopolmoto,https://tg-cat.com/?search=%D0%BC%D0%BE%D1%82%D0%BE%20%D0%B1%D0%B0%D1%80%D0%B0%D1%85%D0%BE%D0%BB%D0%BA%D0%B0&type=supergroup&lang=en,мото барахолка
2026-07-05,Чаты купли-продажи,Чаты купли-продажи,Не указано / другой регион,МАЙАМИ АВТО ПРОДАЖА / АРЕНДА,чат/группа,https://t.me/auto_miami,auto_miami,3576,"да, это чат/группа",по согласованию / неясно,"Есть контакт/упоминание размещения, но бесплатность не подтверждена.",@theylon24,средний размер аудитории; фактическая активность постов/онлайн не проверена web-источником,не удалось проверить без Telegram API / просмотра t.me/s,"Группа ""МАЙАМИ АВТО ПРОДАЖА / АРЕНДА"" предлагает объявления о продаже, аренде, ремонте и услугах для автомобилей в Майами. Это канал номер один в регионе, администратор - @theylon24.",tg-cat public search,https://tg-cat.com/@auto_miami,https://tg-cat.com/?search=%D0%BF%D1%80%D0%BE%D0%B4%D0%B0%D0%B6%D0%B0%20%D0%B0%D0%B2%D1%82%D0%BE&type=supergroup&lang=en,продажа авто
2026-07-05,Мототехника,Мототехника; Чаты купли-продажи,Россия / не указано точнее,Продажа/покупка авто по России,чат/группа,https://t.me/auto_salerf,auto_salerf,3565,"да, это чат/группа",по согласованию / неясно,"Есть контакт/упоминание размещения, но бесплатность не подтверждена.","@admart1, @reklama_vchate",средний размер аудитории; фактическая активность постов/онлайн не проверена web-источником,не удалось проверить без Telegram API / просмотра t.me/s,"Группа для продажи и покупки автомобилей, мотоциклов и другой техники в России. Вопросы размещения рекламы можно адресовать @admart1. Правила группы находятся по ссылке, реклама в других группах - @reklama_vchate.",tg-cat public search,https://tg-cat.com/@auto_salerf,https://tg-cat.com/?search=%D0%BF%D1%80%D0%BE%D0%B4%D0%B0%D0%B6%D0%B0%20%D0%B0%D0%B2%D1%82%D0%BE&type=supergroup&lang=en; https://tg-cat.com/?search=%D0%BF%D1%80%D0%BE%D0%B4%D0%B0%D0%B6%D0%B0%20%D0%BC%D0%BE%D1%82%D0%BE&type=supergroup&lang=en,продажа авто; продажа мото
2026-07-05,Обмен автомобилей,Обмен автомобилей; Чаты купли-продажи,Не указано / другой регион,Азовский Авторынок🚘⚓ Продай авто (Донецк ДНР Мариуполь ...,чат/группа,https://t.me/azowavto,azowavto,3533,"да, это чат/группа",неизвестно,В открытой web-карточке условия публикации не указаны.,не указаны в web-карточке,средний размер аудитории; фактическая активность постов/онлайн не проверена web-источником,не удалось проверить без Telegram API / просмотра t.me/s,"Группа ""Азовский Авторынок"" предлагает купить, продать или обменять автомобили в Donetsk, Mariupol, Lugansk, Berdyansk, Primorsk, Krasnodar, Melitopol и Крым.",tg-cat public search,https://tg-cat.com/@azowavto,https://tg-cat.com/?search=%D0%BE%D0%B1%D0%BC%D0%B5%D0%BD%20%D0%B0%D0%B2%D1%82%D0%BE&type=supergroup&lang=en,обмен авто
2026-07-05,Мототехника,Мототехника; Обмен автомобилей; Чаты купли-продажи,Не указано / другой регион,Автобарахолка Острова Сахалин,чат/группа,https://t.me/avto_barakholkasakh,avto_barakholkasakh,3509,"да, это чат/группа",неизвестно,В открытой web-карточке условия публикации не указаны.,не указаны в web-карточке,средний размер аудитории; фактическая активность постов/онлайн не проверена web-источником,не удалось проверить без Telegram API / просмотра t.me/s,"🚗🌴 Автобарахолка Острова Сахалин! 🌴🚗 Присоединяйтесь к нам для продажи и обмена автомобилей, спецтехники и мотоциклов на Сахалине. Запчасти тоже в наличии! Обращаем",tg-cat public search,https://tg-cat.com/@avto_barakholkasakh,https://tg-cat.com/?search=%D0%BC%D0%BE%D1%82%D0%BE%D1%82%D0%B5%D1%85%D0%BD%D0%B8%D0%BA%D0%B0&type=supergroup&lang=en; https://tg-cat.com/?search=%D0%BE%D0%B1%D0%BC%D0%B5%D0%BD%20%D0%B0%D0%B2%D1%82%D0%BE%D0%BC%D0%BE%D0%B1%D0%B8%D0%BB%D0%B5%D0%B9&type=supergroup&lang=en,мототехника; обмен автомобилей
2026-07-05,Авто ниже рынка,Авто ниже рынка,Не указано / другой регион,Тачка за сотку Казань,канал,https://t.me/kazan_avto_100t,kazan_avto_100t,3509,не удалось проверить web-источником,неизвестно,В открытой web-карточке условия публикации не указаны.,не указаны в web-карточке,средний размер аудитории; фактическая активность постов/онлайн не проверена web-источником,не удалось проверить без Telegram API / просмотра t.me/s,"**Описание канала ""Тачка за сотку Казань""** Добро пожаловать на канал ""Тачка за сотку Казань""! Здесь вы найдете все необходимое для успешной продажи или покупки автомобиля в Казани. Мы предлагаем: ✅ Прямую продажу вашего авто",tg-cat public search,https://tg-cat.com/@kazan_avto_100t,https://tg-cat.com/?search=%D0%B0%D0%B2%D1%82%D0%BE%20%D0%BD%D0%B8%D0%B6%D0%B5%20%D1%80%D1%8B%D0%BD%D0%BA%D0%B0&type=channel&lang=en; https://tg-cat.com/?search=%D0%BD%D0%B8%D0%B6%D0%B5%20%D1%80%D1%8B%D0%BD%D0%BA%D0%B0%20%D0%B0%D0%B2%D1%82%D0%BE&type=channel&lang=en,авто ниже рынка; ниже рынка авто
2026-07-05,Обмен автомобилей,Обмен автомобилей; Чаты купли-продажи,Не указано / другой регион,Авторынок Алматы до 5млн тг,чат/группа,https://t.me/avtorynokalmaty5mln,avtorynokalmaty5mln,3499,"да, это чат/группа",неизвестно,В открытой web-карточке условия публикации не указаны.,не указаны в web-карточке,средний размер аудитории; фактическая активность постов/онлайн не проверена web-источником,не удалось проверить без Telegram API / просмотра t.me/s,"🚗 **Авторынок Алматы до 5 млн тг!** 🚗 Ищете, где купить, продать или обменять автомобиль в Алматы и области? Мы предлагаем полный спектр услуг! Запчасти и реклама — только без ссылок. Присоединяйтесь",tg-cat public search,https://tg-cat.com/@avtorynokalmaty5mln,https://tg-cat.com/?search=%D0%BE%D0%B1%D0%BC%D0%B5%D0%BD%20%D0%B0%D0%B2%D1%82%D0%BE%D0%BC%D0%BE%D0%B1%D0%B8%D0%BB%D0%B5%D0%B9&type=supergroup&lang=en,обмен автомобилей
2026-07-05,Чаты купли-продажи,Чаты купли-продажи,Не указано / другой регион,Авторынок Красноярск 24,чат/группа,https://t.me/avtorynok_krasnoyarsk_24,avtorynok_krasnoyarsk_24,3427,"да, это чат/группа",неизвестно,В открытой web-карточке условия публикации не указаны.,не указаны в web-карточке,средний размер аудитории; фактическая активность постов/онлайн не проверена web-источником,не удалось проверить без Telegram API / просмотра t.me/s,,tg-cat public search,https://tg-cat.com/@avtorynok_krasnoyarsk_24,https://tg-cat.com/?search=%D0%B0%D0%B2%D1%82%D0%BE%D1%80%D1%8B%D0%BD%D0%BE%D0%BA&type=supergroup&lang=en,авторынок
2026-07-05,Чаты купли-продажи,Чаты купли-продажи,Не указано / другой регион,"Авторынок , автобазар, авто барахолка Донецк Луганск, М...",чат/группа,https://t.me/avto_moto_donbass,avto_moto_donbass,3425,"да, это чат/группа",неизвестно,В открытой web-карточке условия публикации не указаны.,не указаны в web-карточке,средний размер аудитории; фактическая активность постов/онлайн не проверена web-источником,не удалось проверить без Telegram API / просмотра t.me/s,,tg-cat public search,https://tg-cat.com/@avto_moto_donbass,https://tg-cat.com/?search=%D0%B0%D0%B2%D1%82%D0%BE%20%D0%B1%D0%B0%D1%80%D0%B0%D1%85%D0%BE%D0%BB%D0%BA%D0%B0&type=supergroup&lang=en,авто барахолка
2026-07-05,Чаты купли-продажи,Чаты купли-продажи,Не указано / другой регион,"Авторынок поволжье Татарстан , Чувашии ,",чат/группа,https://t.me/avtorinok121,avtorinok121,3416,"да, это чат/группа",да / есть указание в описании,В описании есть слово “бесплатно/бесплатная”.,не указаны в web-карточке,средний размер аудитории; фактическая активность постов/онлайн не проверена web-источником,не удалось проверить без Telegram API / просмотра t.me/s,"Добро пожаловать на авторынок Чебоксары, Чувашия! 🚗✨ Здесь вы найдете первый авторынок в Чувашии, где размещение автомобилей абсолютно бесплатное. Наша платформа создана для удобства покупки и продажи автомобилей, где каждый может найти",tg-cat public search,https://tg-cat.com/@avtorinok121,https://tg-cat.com/?search=%D0%B0%D0%B2%D1%82%D0%BE%D1%80%D1%8B%D0%BD%D0%BE%D0%BA&type=supergroup&lang=en,авторынок
2026-07-05,Чаты купли-продажи,Чаты купли-продажи,Не указано / другой регион,Авто Барахолка «Движ Париж 86» ХМАО,чат/группа,https://t.me/baraholka_parizh_xmao,baraholka_parizh_xmao,3370,"да, это чат/группа",неизвестно,В открытой web-карточке условия публикации не указаны.,не указаны в web-карточке,средний размер аудитории; фактическая активность постов/онлайн не проверена web-источником,не удалось проверить без Telegram API / просмотра t.me/s,"Добро пожаловать в авто барахолку «Движ Париж 86» — идеальное место для всех автолюбителей Ханты-Мансийского автономного округа! Здесь каждый может найти то, что ищет, будь то автозапчасти, транспортные средства",tg-cat public search,https://tg-cat.com/@baraholka_parizh_xmao,https://tg-cat.com/?search=%D0%B0%D0%B2%D1%82%D0%BE%20%D0%B1%D0%B0%D1%80%D0%B0%D1%85%D0%BE%D0%BB%D0%BA%D0%B0&type=supergroup&lang=en,авто барахолка
2026-07-05,Авто ниже рынка,Авто ниже рынка; Мототехника; Чаты купли-продажи,Не указано / другой регион,Perekypchino_96 Chat,чат/группа,https://t.me/perekupchino_96,perekupchino_96,3335,"да, это чат/группа",по согласованию / неясно,"Есть контакт/упоминание размещения, но бесплатность не подтверждена.",не указаны в web-карточке,средний размер аудитории; фактическая активность постов/онлайн не проверена web-источником,не удалось проверить без Telegram API / просмотра t.me/s,"Чат Perekypchino_96 предназначен для перекупов. Здесь размещаются объявления строго ниже рыночной стоимости на авто, мото, колеса и запчасти. Участники должны уважать друг друга.",tg-cat public search,https://tg-cat.com/@perekupchino_96,https://tg-cat.com/?search=%D0%B0%D0%B2%D1%82%D0%BE%20%D0%BD%D0%B8%D0%B6%D0%B5%20%D1%80%D1%8B%D0%BD%D0%BA%D0%B0&type=supergroup&lang=en; https://tg-cat.com/?search=%D0%BD%D0%B8%D0%B6%D0%B5%20%D1%80%D1%8B%D0%BD%D0%BA%D0%B0%20%D0%B0%D0%B2%D1%82%D0%BE&type=supergroup&lang=en,авто ниже рынка; ниже рынка авто
2026-07-05,Мототехника,Мототехника; Чаты купли-продажи,Не указано / другой регион,"Барахолка BMW. Мотоциклы, Запчасти, Услуги. https://vk....",чат/группа,https://t.me/bmwmotorrad_baraholka,bmwmotorrad_baraholka,3323,"да, это чат/группа",по согласованию / неясно,"Есть контакт/упоминание размещения, но бесплатность не подтверждена.",не указаны в web-карточке,средний размер аудитории; фактическая активность постов/онлайн не проверена web-источником,не удалось проверить без Telegram API / просмотра t.me/s,"Группа ""Барахолка BMW"" предназначена для продажи мотоциклов, запчастей и услуг. Правила размещения объявлений: указывать название товара, прикреплять фото, указывать местонахождение, возможность доставки и стоимость. Ограничение — не более",tg-cat public search,https://tg-cat.com/@bmwmotorrad_baraholka,https://tg-cat.com/?search=%D0%BC%D0%BE%D1%82%D0%BE%D1%86%D0%B8%D0%BA%D0%BB%D1%8B&type=supergroup&lang=en,мотоциклы
2026-07-05,Мототехника,Мототехника; Чаты купли-продажи,Не указано / другой регион,Авто мото Приморск,чат/группа,https://t.me/avtomoto_prim,avtomoto_prim,3284,"да, это чат/группа",по согласованию / неясно,"Есть контакт/упоминание размещения, но бесплатность не подтверждена.",не указаны в web-карточке,средний размер аудитории; фактическая активность постов/онлайн не проверена web-источником,не удалось проверить без Telegram API / просмотра t.me/s,"🌟 Присоединяйтесь к группе ""Авто мото Приморск""! Здесь вы можете продавать и покупать авто, мото технику и запчасти. 🚗🛵 Напишите админу для размещения рекламы! Объявления не по теме будут удалены",tg-cat public search,https://tg-cat.com/@avtomoto_prim,https://tg-cat.com/?search=%D0%BC%D0%BE%D1%82%D0%BE%D1%82%D0%B5%D1%85%D0%BD%D0%B8%D0%BA%D0%B0&type=supergroup&lang=en; https://tg-cat.com/?search=%D0%BC%D0%BE%D1%82%D0%BE&type=supergroup&lang=en,мото; мототехника
2026-07-05,Чаты купли-продажи,Мототехника; Чаты купли-продажи,Не указано / другой регион,АВТОРЫНОК - КРЫМ на КОЛЁСАХ | Авто барахолка Крыма,чат/группа,https://t.me/crimea_drom,crimea_drom,3271,"да, это чат/группа",неизвестно,В открытой web-карточке условия публикации не указаны.,не указаны в web-карточке,средний размер аудитории; фактическая активность постов/онлайн не проверена web-источником,не удалось проверить без Telegram API / просмотра t.me/s,"Добро пожаловать в сообщество «АвторыноК - Крым на Колёсах»! 🚗 Здесь вы найдете всё, что связано с автомобилями, мотоциклами и велосипедами. Ищете купить, продать или обменять? У нас есть всё:",tg-cat public search,https://tg-cat.com/@crimea_drom,https://tg-cat.com/?search=%D0%B0%D0%B2%D1%82%D0%BE%20%D0%B1%D0%B0%D1%80%D0%B0%D1%85%D0%BE%D0%BB%D0%BA%D0%B0&type=supergroup&lang=en,авто барахолка
2026-07-05,Чаты купли-продажи,Чаты купли-продажи,Не указано / другой регион,АВТО БАРАХОЛКА СОЧИ 🚙,чат/группа,https://t.me/avtorinok_sochi,avtorinok_sochi,3225,"да, это чат/группа",да / есть указание в описании,В описании есть слово “бесплатно/бесплатная”.,не указаны в web-карточке,средний размер аудитории; фактическая активность постов/онлайн не проверена web-источником,не удалось проверить без Telegram API / просмотра t.me/s,Добро пожаловать в нашу уникальную Авто Барахолку Сочи! 🚙🙋🏻‍♂️ Здесь вы найдете отличные предложения по продаже б/у автозапчастей и автомобилей в самом сердце Сочи. Эта бесплатная группа создана для общения автол,tg-cat public search,https://tg-cat.com/@avtorinok_sochi,https://tg-cat.com/?search=%D0%B0%D0%B2%D1%82%D0%BE%20%D0%B1%D0%B0%D1%80%D0%B0%D1%85%D0%BE%D0%BB%D0%BA%D0%B0&type=supergroup&lang=en,авто барахолка
2026-07-05,Мототехника,Мототехника; Обмен автомобилей; Чаты купли-продажи,Не указано / другой регион,АВТО ГЕРМАНИЯ | AUTOS DEUTSCHLAND,чат/группа,https://t.me/avtomobili_germania,avtomobili_germania,3190,"да, это чат/группа",неизвестно,В открытой web-карточке условия публикации не указаны.,не указаны в web-карточке,средний размер аудитории; фактическая активность постов/онлайн не проверена web-источником,не удалось проверить без Telegram API / просмотра t.me/s,"🚗 Добро пожаловать в группу ""Авто Германия""! Здесь вы найдете всё о продаже и покупке авто и мото, ремонте, а также сможете обменяться опытом и оставить отзывы. Присоединяйтесь к нам для получения полезной информации и поддержки! 🇩🇪✨",tg-cat public search,https://tg-cat.com/@avtomobili_germania,https://tg-cat.com/?search=%D0%BE%D0%B1%D0%BC%D0%B5%D0%BD%20%D0%B0%D0%B2%D1%82%D0%BE&type=supergroup&lang=en; https://tg-cat.com/?search=%D0%BF%D1%80%D0%BE%D0%B4%D0%B0%D0%B6%D0%B0%20%D0%BC%D0%BE%D1%82%D0%BE&type=supergroup&lang=en,обмен авто; продажа мото
2026-07-05,Обмен автомобилей,Мототехника; Обмен автомобилей; Чаты купли-продажи,Не указано / другой регион,"АВТОРЫНОК 56 ОРЕНБУРГ И ОБЛАСТЬ (куплю, продам, обменяю...",чат/группа,https://t.me/auto_156,auto_156,3140,"да, это чат/группа",неизвестно,В открытой web-карточке условия публикации не указаны.,не указаны в web-карточке,средний размер аудитории; фактическая активность постов/онлайн не проверена web-источником,не удалось проверить без Telegram API / просмотра t.me/s,"Группа ""АВТОРЫНОК 56 ОРЕНБУРГ И ОБЛАСТЬ"" предназначена для покупки, продажи и обмена автомобилей, мотоциклов и запчастей. Убедитесь, что указываете цену и описание продаваемого товара",tg-cat public search,https://tg-cat.com/@auto_156,https://tg-cat.com/?search=%D0%BA%D1%83%D0%BF%D0%BB%D1%8E%20%D0%BF%D1%80%D0%BE%D0%B4%D0%B0%D0%BC%20%D0%B0%D0%B2%D1%82%D0%BE&type=supergroup&lang=en; https://tg-cat.com/?search=%D0%BE%D0%B1%D0%BC%D0%B5%D0%BD%20%D0%B0%D0%B2%D1%82%D0%BE&type=supergroup&lang=en,куплю продам авто; обмен авто
2026-07-05,Чаты купли-продажи,Чаты купли-продажи,Не указано / другой регион,Авто Барахолка Одесса,чат/группа,https://t.me/avtobaraxolkaodessa,avtobaraxolkaodessa,3012,"да, это чат/группа",неизвестно,В открытой web-карточке условия публикации не указаны.,не указаны в web-карточке,средний размер аудитории; фактическая активность постов/онлайн не проверена web-источником,не удалось проверить без Telegram API / просмотра t.me/s,"Добро пожаловать в Авто Барахолку Одесса! Здесь вы можете легко и быстро обмениваться объявлениями о продаже автомобилей. Главное правило простое: не загружайте чат лишними сообщениями – просто разместите свое объявление в одном сообщении, с фото или без",tg-cat public search,https://tg-cat.com/@avtobaraxolkaodessa,https://tg-cat.com/?search=%D0%B0%D0%B2%D1%82%D0%BE%20%D0%B1%D0%B0%D1%80%D0%B0%D1%85%D0%BE%D0%BB%D0%BA%D0%B0&type=supergroup&lang=en,авто барахолка
2026-07-05,Чаты купли-продажи,Чаты купли-продажи,Не указано / другой регион,"Авто Крым | Севастополь, Симферополь, Ялта, Евпатория, ...",чат/группа,https://t.me/krym_avto,krym_avto,3003,"да, это чат/группа",неизвестно,В открытой web-карточке условия публикации не указаны.,не указаны в web-карточке,средний размер аудитории; фактическая активность постов/онлайн не проверена web-источником,не удалось проверить без Telegram API / просмотра t.me/s,"Добро пожаловать в автосообщество Крыма! Здесь вы найдёте всё необходимое для покупки и продажи автомобилей в таких городах, как Севастополь, Симферополь, Ялта, Евпатория, Феодосия, Керч",tg-cat public search,https://tg-cat.com/@krym_avto,https://tg-cat.com/?search=%D0%BA%D1%83%D0%BF%D0%B8%D1%82%D1%8C%20%D0%BF%D1%80%D0%BE%D0%B4%D0%B0%D1%82%D1%8C%20%D0%B0%D0%B2%D1%82%D0%BE&type=supergroup&lang=en,купить продать авто
2026-07-05,Обмен автомобилей,Обмен автомобилей,Не указано / другой регион,Autoprodaja_05,канал,https://t.me/autoprodaja_05,autoprodaja_05,2993,не удалось проверить web-источником,неизвестно,В открытой web-карточке условия публикации не указаны.,не указаны в web-карточке,средний размер аудитории; фактическая активность постов/онлайн не проверена web-источником,не удалось проверить без Telegram API / просмотра t.me/s,🔴 Добро пожаловать на канал Autoprodaja_05! Здесь вы можете быстро и выгодно продать или обменять свой автомобиль. Мы предлагаем срочный выкуп и представляем только проверенные автомобили. Не упустите возможность — свяжитесь с нами по номеру 892,tg-cat public search,https://tg-cat.com/@autoprodaja_05,https://tg-cat.com/?search=%D0%BE%D0%B1%D0%BC%D0%B5%D0%BD%20%D0%B0%D0%B2%D1%82%D0%BE%D0%BC%D0%BE%D0%B1%D0%B8%D0%BB%D0%B5%D0%B9&type=channel&lang=en; https://tg-cat.com/?search=%D0%BE%D0%B1%D0%BC%D0%B5%D0%BD%20%D0%B0%D0%B2%D1%82%D0%BE&type=channel&lang=en,обмен авто; обмен автомобилей
2026-07-05,Чаты купли-продажи,Чаты купли-продажи,Не указано / другой регион,АВТОРЫНОК,канал,https://t.me/joinchat/MuLlq7M61OZlNjli,joinchat/MuLlq7M61OZlNjli,2959,не удалось проверить web-источником,неизвестно,В открытой web-карточке условия публикации не указаны.,не указаны в web-карточке,средний размер аудитории; фактическая активность постов/онлайн не проверена web-источником,не удалось проверить без Telegram API / просмотра t.me/s,,tg-cat public search,https://tg-cat.com/@joinchat/MuLlq7M61OZlNjli,https://tg-cat.com/?search=%D0%B0%D0%B2%D1%82%D0%BE%D1%80%D1%8B%D0%BD%D0%BE%D0%BA&type=channel&lang=en,авторынок
2026-07-05,Чаты купли-продажи,Чаты купли-продажи,Не указано / другой регион,avtomoskva.kg🇰🇬🇷🇺,канал,https://t.me/avtomoskvakg,avtomoskvakg,2892,не удалось проверить web-источником,неизвестно,В открытой web-карточке условия публикации не указаны.,не указаны в web-карточке,средний размер аудитории; фактическая активность постов/онлайн не проверена web-источником,не удалось проверить без Telegram API / просмотра t.me/s,Добро пожаловать на канал avtomoskva.kg! 🇰🇬🇷🇺 Здесь вы можете выгодно купить или продать автомобиль 🚙🚕🚗🛻🚚🚌🚛. Мы специализируемся на выкупе автомобилей и предлагаем уникальные,tg-cat public search,https://tg-cat.com/@avtomoskvakg,https://tg-cat.com/?search=%D0%BA%D1%83%D0%BF%D0%B8%D1%82%D1%8C%20%D0%BF%D1%80%D0%BE%D0%B4%D0%B0%D1%82%D1%8C%20%D0%B0%D0%B2%D1%82%D0%BE&type=channel&lang=en,купить продать авто
2026-07-05,Чаты купли-продажи,Мототехника; Чаты купли-продажи,Не указано / другой регион,🔥Мото~Авто/Куплю~Продам🔥Ростовская область 🌍и.тд,чат/группа,https://t.me/unantandilyan2002,unantandilyan2002,2862,"да, это чат/группа",неизвестно,В открытой web-карточке условия публикации не указаны.,не указаны в web-карточке,средний размер аудитории; фактическая активность постов/онлайн не проверена web-источником,не удалось проверить без Telegram API / просмотра t.me/s,,tg-cat public search,https://tg-cat.com/@unantandilyan2002,https://tg-cat.com/?search=%D0%BA%D1%83%D0%BF%D0%BB%D1%8E%20%D0%BF%D1%80%D0%BE%D0%B4%D0%B0%D0%BC%20%D0%B0%D0%B2%D1%82%D0%BE&type=supergroup&lang=en,куплю продам авто
2026-07-05,Мототехника,Мототехника; Чаты купли-продажи,Не указано / другой регион,Продажа МОТО ( ДНР - ЛНР ),чат/группа,https://t.me/moto_proday,moto_proday,2830,"да, это чат/группа",неизвестно,В открытой web-карточке условия публикации не указаны.,не указаны в web-карточке,средний размер аудитории; фактическая активность постов/онлайн не проверена web-источником,не удалось проверить без Telegram API / просмотра t.me/s,,tg-cat public search,https://tg-cat.com/@moto_proday,https://tg-cat.com/?search=%D0%BC%D0%BE%D1%82%D0%BE&type=supergroup&lang=en; https://tg-cat.com/?search=%D0%BF%D1%80%D0%BE%D0%B4%D0%B0%D0%B6%D0%B0%20%D0%BC%D0%BE%D1%82%D0%BE&type=supergroup&lang=en,мото; продажа мото
2026-07-05,Мототехника,Мототехника; Чаты купли-продажи,Не указано / другой регион,АВТОРЫНОК САХА СИРЭ ЯКУТСК СЕЛЬХОЗТЕХНИКИ АВТОМОБИЛИ МО...,чат/группа,https://t.me/avto_ykt_sakha,avto_ykt_sakha,2793,"да, это чат/группа",неизвестно,В открытой web-карточке условия публикации не указаны.,не указаны в web-карточке,средний размер аудитории; фактическая активность постов/онлайн не проверена web-источником,не удалось проверить без Telegram API / просмотра t.me/s,"Добро пожаловать на авторынок Саха Сирэ в Якутске! Здесь вы найдете широкий ассортимент автомобилей, мотоциклов и сельскохозяйственной техники. Откройте для себя мир надежного транспорта и инновационных решений для сельского хозяйства. Независимо от",tg-cat public search,https://tg-cat.com/@avto_ykt_sakha,https://tg-cat.com/?search=%D0%BC%D0%BE%D1%82%D0%BE%D1%86%D0%B8%D0%BA%D0%BB%D1%8B&type=supergroup&lang=en,мотоциклы
2026-07-05,Мототехника,Мототехника; Чаты купли-продажи,Не указано / другой регион,🚘 Приморск Авто Мото 🏍️ купи продай услуги сто рынок ба...,чат/группа,https://t.me/avtomotoprimorsk,avtomotoprimorsk,2782,"да, это чат/группа",неизвестно,В открытой web-карточке условия публикации не указаны.,не указаны в web-карточке,средний размер аудитории; фактическая активность постов/онлайн не проверена web-источником,не удалось проверить без Telegram API / просмотра t.me/s,Добро пожаловать в мир Приморск Авто Мото! 🚘🏍️ Здесь вы найдете всё необходимое для любителей автомобилей и мотоциклов – от продажи и покупки до услуг шиномонтажа и ремонта. Ищете новый скутер или деталь,tg-cat public search,https://tg-cat.com/@avtomotoprimorsk,https://tg-cat.com/?search=%D0%BA%D1%83%D0%BF%D0%B8%D1%82%D1%8C%20%D0%BF%D1%80%D0%BE%D0%B4%D0%B0%D1%82%D1%8C%20%D0%B0%D0%B2%D1%82%D0%BE&type=supergroup&lang=en; https://tg-cat.com/?search=%D0%BA%D1%83%D0%BF%D0%BB%D1%8E%20%D0%BF%D1%80%D0%BE%D0%B4%D0%B0%D0%BC%20%D0%B0%D0%B2%D1%82%D0%BE&type=supergroup&lang=en; https://tg-cat.com/?search=%D0%BC%D0%BE%D1%82%D0%BE%20%D0%B1%D0%B0%D1%80%D0%B0%D1%85%D0%BE%D0%BB%D0%BA%D0%B0&type=supergroup&lang=en,купить продать авто; куплю продам авто; мото барахолка
2026-07-05,Мототехника,Мототехника; Чаты купли-продажи,Не указано / другой регион,МотоМаркет ЛНР | ДНР Донбасс,чат/группа,https://t.me/motomarket_donbass,motomarket_donbass,2777,"да, это чат/группа",неизвестно,В открытой web-карточке условия публикации не указаны.,не указаны в web-карточке,средний размер аудитории; фактическая активность постов/онлайн не проверена web-источником,не удалось проверить без Telegram API / просмотра t.me/s,"МотоМаркет ЛНР | ДНР Донбасс — площадка для покупки и продажи мотоциклов, велосипедов, самокатов и запчастей.",tg-cat public search,https://tg-cat.com/@motomarket_donbass,https://tg-cat.com/?search=%D0%BC%D0%BE%D1%82%D0%BE%D1%82%D0%B5%D1%85%D0%BD%D0%B8%D0%BA%D0%B0&type=supergroup&lang=en,мототехника
2026-07-05,Мототехника,Мототехника; Чаты купли-продажи,Не указано / другой регион,Покатушки-базар,чат/группа,https://t.me/dragdriftbazar,dragdriftbazar,2754,"да, это чат/группа",неизвестно,В открытой web-карточке условия публикации не указаны.,не указаны в web-карточке,средний размер аудитории; фактическая активность постов/онлайн не проверена web-источником,не удалось проверить без Telegram API / просмотра t.me/s,"Добро пожаловать в мир Покатушки-базар! 🌟 Здесь собраны все любители авто- и мототехники, где купля-продажа становится захватывающим приключением. У нас вы найдете всё, что необходимо для наслаждения техническими видами спорта и актив",tg-cat public search,https://tg-cat.com/@dragdriftbazar,https://tg-cat.com/?search=%D0%BC%D0%BE%D1%82%D0%BE%D1%82%D0%B5%D1%85%D0%BD%D0%B8%D0%BA%D0%B0&type=supergroup&lang=en,мототехника
2026-07-05,Чаты купли-продажи,Мототехника; Чаты купли-продажи,Не указано / другой регион,ЗАПРЕТ РЕГИСТРАЦИИ | ПРОБЛЕМНЫЕ АВТО | ПРОДАЖА АВТО |,чат/группа,https://t.me/zapretreg,zapretreg,2703,"да, это чат/группа",неизвестно,В открытой web-карточке условия публикации не указаны.,не указаны в web-карточке,средний размер аудитории; фактическая активность постов/онлайн не проверена web-источником,не удалось проверить без Telegram API / просмотра t.me/s,"Добро пожаловать в наше сообщество, посвященное решить ваши автомобильные вопросы! 🚗💨 Если вы столкнулись с проблемами регистрации, ищете способы продажи автомобилей, мотоциклов, специальной техники или водного транспорта, то вы попали по адресу. Мы предлагаем",tg-cat public search,https://tg-cat.com/@zapretreg,https://tg-cat.com/?search=%D0%BF%D1%80%D0%BE%D0%B4%D0%B0%D0%B6%D0%B0%20%D0%B0%D0%B2%D1%82%D0%BE&type=supergroup&lang=en,продажа авто
2026-07-05,Чаты купли-продажи,Чаты купли-продажи,Не указано / другой регион,🚘Продажа авто Мариуполь,чат/группа,https://t.me/poisk_raboti_mrpl,poisk_raboti_mrpl,2641,"да, это чат/группа",неизвестно,В открытой web-карточке условия публикации не указаны.,не указаны в web-карточке,средний размер аудитории; фактическая активность постов/онлайн не проверена web-источником,не удалось проверить без Telegram API / просмотра t.me/s,,tg-cat public search,https://tg-cat.com/@poisk_raboti_mrpl,https://tg-cat.com/?search=%D0%BF%D1%80%D0%BE%D0%B4%D0%B0%D0%B6%D0%B0%20%D0%B0%D0%B2%D1%82%D0%BE&type=supergroup&lang=en,продажа авто
2026-07-05,Мототехника,Мототехника; Чаты купли-продажи,Россия / не указано точнее,Чат Барахолка Продажа Stunt СССР Скутер Rider Мото Питб...,чат/группа,https://t.me/moto_scooter_stunt_baraholka_ru,moto_scooter_stunt_baraholka_ru,2625,"да, это чат/группа",платно или частично платно,В описании есть указание на платную рекламу/размещение.,@tema_olegovich,средний размер аудитории; фактическая активность постов/онлайн не проверена web-источником,не удалось проверить без Telegram API / просмотра t.me/s,"Чат Барахолка для продажи скутеров, мотоциклов и питбайков в РФ. Для вопросов о разблокировке обращаться к @tema_olegovich (услуга платная).",tg-cat public search,https://tg-cat.com/@moto_scooter_stunt_baraholka_ru,https://tg-cat.com/?search=%D0%BC%D0%BE%D1%82%D0%BE%20%D0%B1%D0%B0%D1%80%D0%B0%D1%85%D0%BE%D0%BB%D0%BA%D0%B0&type=supergroup&lang=en; https://tg-cat.com/?search=%D0%BF%D1%80%D0%BE%D0%B4%D0%B0%D0%B6%D0%B0%20%D0%BC%D0%BE%D1%82%D0%BE&type=supergroup&lang=en,мото барахолка; продажа мото
2026-07-05,Чаты купли-продажи,Чаты купли-продажи,Не указано / другой регион,Мариуполь Авторынок,чат/группа,https://t.me/mariupol_avtorynok,mariupol_avtorynok,2613,"да, это чат/группа",неизвестно,В открытой web-карточке условия публикации не указаны.,не указаны в web-карточке,средний размер аудитории; фактическая активность постов/онлайн не проверена web-источником,не удалось проверить без Telegram API / просмотра t.me/s,"Добро пожаловать в чат «Мариуполь Авторынок»! 🚗 Здесь вы найдете всё, что нужно для успешной покупки или продажи автомобиля. Мы обсуждаем актуальные новости автопрома, делимся свежими объявлениями и выгодными предложениями. Не пропустите",tg-cat public search,https://tg-cat.com/@mariupol_avtorynok,https://tg-cat.com/?search=%D0%B0%D0%B2%D1%82%D0%BE%D1%80%D1%8B%D0%BD%D0%BE%D0%BA&type=supergroup&lang=en,авторынок
2026-07-05,Чаты купли-продажи,Чаты купли-продажи,Не указано / другой регион,Продажа авто Дагестан,чат/группа,https://t.me/prodazha_auto_rd,prodazha_auto_rd,2581,"да, это чат/группа",неизвестно,В открытой web-карточке условия публикации не указаны.,не указаны в web-карточке,средний размер аудитории; фактическая активность постов/онлайн не проверена web-источником,не удалось проверить без Telegram API / просмотра t.me/s,"Добро пожаловать в наше сообщество по продаже автомобилей в Дагестане! Здесь вы сможете найти идеальный автомобиль, не тратя время на лишние ссылки и ненужные рекламные объявления. Мы приглашаем вас делиться только объявлениями о продаже автомобилей, чтобы каждый мог",tg-cat public search,https://tg-cat.com/@prodazha_auto_rd,https://tg-cat.com/?search=%D0%BF%D1%80%D0%BE%D0%B4%D0%B0%D0%B6%D0%B0%20%D0%B0%D0%B2%D1%82%D0%BE&type=supergroup&lang=en,продажа авто
2026-07-05,Чаты купли-продажи,Чаты купли-продажи,Не указано / другой регион,Авто базар в Томске. Покупка|Продажа|Аренда|Ремонт|Услу...,чат/группа,https://t.me/avto_tomsk_tk,avto_tomsk_tk,2518,"да, это чат/группа",неизвестно,В открытой web-карточке условия публикации не указаны.,не указаны в web-карточке,средний размер аудитории; фактическая активность постов/онлайн не проверена web-источником,не удалось проверить без Telegram API / просмотра t.me/s,"Добро пожаловать на Авто базар в Томске – ваше идеальное место для всех автомобильных нужд! Здесь вы можете выгодно купить или продать автомобили, найти запчасти и воспользоваться услугами по аренде и ремонту. У нас собрано множество предложений от частных",tg-cat public search,https://tg-cat.com/@avto_tomsk_tk,https://tg-cat.com/?search=%D0%BA%D1%83%D0%BF%D0%B8%D1%82%D1%8C%20%D0%BF%D1%80%D0%BE%D0%B4%D0%B0%D1%82%D1%8C%20%D0%B0%D0%B2%D1%82%D0%BE&type=supergroup&lang=en,купить продать авто
2026-07-05,Мототехника,Мототехника; Чаты купли-продажи,Не указано / другой регион,Мото барахолка Купи | Продай,канал,https://t.me/MyMotoBazar,MyMotoBazar,2510,не удалось проверить web-источником,неизвестно,В открытой web-карточке условия публикации не указаны.,не указаны в web-карточке,средний размер аудитории; фактическая активность постов/онлайн не проверена web-источником,не удалось проверить без Telegram API / просмотра t.me/s,"🔥 Добро пожаловать в мото барахолку ""Купи | Продай""! Здесь вы можете свободно продавать, покупать, обменивать и дарить всё, что связано с миром мотоцикла. Присоединяйтесь к нашему сообществу,",tg-cat public search,https://tg-cat.com/@MyMotoBazar,https://tg-cat.com/?search=%D0%BC%D0%BE%D1%82%D0%BE%20%D0%B1%D0%B0%D1%80%D0%B0%D1%85%D0%BE%D0%BB%D0%BA%D0%B0&type=channel&lang=en; https://tg-cat.com/?search=%D0%BC%D0%BE%D1%82%D0%BE&type=channel&lang=en; https://tg-cat.com/?search=%D0%BF%D1%80%D0%BE%D0%B4%D0%B0%D0%B6%D0%B0%20%D0%BC%D0%BE%D1%82%D0%BE&type=channel&lang=en,мото; мото барахолка; продажа мото
2026-07-05,Чаты купли-продажи,Чаты купли-продажи,Не указано / другой регион,Продать Авто Украина 🇺🇦 | Купить Авто Украина 🇺🇦 | Авто...,чат/группа,https://t.me/evro_avtobazar_ua,evro_avtobazar_ua,2485,"да, это чат/группа",неизвестно,В открытой web-карточке условия публикации не указаны.,не указаны в web-карточке,средний размер аудитории; фактическая активность постов/онлайн не проверена web-источником,не удалось проверить без Telegram API / просмотра t.me/s,,tg-cat public search,https://tg-cat.com/@evro_avtobazar_ua,https://tg-cat.com/?search=%D0%BA%D1%83%D0%BF%D0%B8%D1%82%D1%8C%20%D0%BF%D1%80%D0%BE%D0%B4%D0%B0%D1%82%D1%8C%20%D0%B0%D0%B2%D1%82%D0%BE&type=supergroup&lang=en,купить продать авто
2026-07-05,Обмен автомобилей,Мототехника; Обмен автомобилей; Чаты купли-продажи,Россия / не указано точнее,Купить продать по России 🇷🇺,чат/группа,https://t.me/avtoprodaga1,avtoprodaga1,2481,"да, это чат/группа",неизвестно,В открытой web-карточке условия публикации не указаны.,не указаны в web-карточке,средний размер аудитории; фактическая активность постов/онлайн не проверена web-источником,не удалось проверить без Telegram API / просмотра t.me/s,"Добро пожаловать в наше сообщество! 🚗✨ Здесь, на нашей онлайн-площадке «Купить продать по России», вы найдете идеальное место для покупки, продажи и обмена автомобилей и мотоциклов по всей стране. 🤝🇷🇺 Мы объединяем",tg-cat public search,https://tg-cat.com/@avtoprodaga1,https://tg-cat.com/?search=%D0%BE%D0%B1%D0%BC%D0%B5%D0%BD%20%D0%B0%D0%B2%D1%82%D0%BE%D0%BC%D0%BE%D0%B1%D0%B8%D0%BB%D0%B5%D0%B9&type=supergroup&lang=en,обмен автомобилей
2026-07-05,Чаты купли-продажи,Чаты купли-продажи,Не указано / другой регион,АВТО БАРАХОЛКА ДУБНА/КИМРЫ/ТАЛДОМ,чат/группа,https://t.me/autobaraholkadubna,autobaraholkadubna,2468,"да, это чат/группа",неизвестно,В открытой web-карточке условия публикации не указаны.,не указаны в web-карточке,средний размер аудитории; фактическая активность постов/онлайн не проверена web-источником,не удалось проверить без Telegram API / просмотра t.me/s,🌟 Добро пожаловать в нашу дружную автобарохолку Дубна/Кимры/Талдом! 🚗✨ Здесь вы сможете найти всё для своих автомобильных нужд: от продажи автомобилей до запчастей по привлекательным ценам! Не упустите возможность,tg-cat public search,https://tg-cat.com/@autobaraholkadubna,https://tg-cat.com/?search=%D0%B0%D0%B2%D1%82%D0%BE%20%D0%B1%D0%B0%D1%80%D0%B0%D1%85%D0%BE%D0%BB%D0%BA%D0%B0&type=supergroup&lang=en,авто барахолка
2026-07-05,Чаты купли-продажи,Чаты купли-продажи,Не указано / другой регион,АВТО Барахолка Маркообразные,чат/группа,https://t.me/barakholka0,barakholka0,2461,"да, это чат/группа",неизвестно,В открытой web-карточке условия публикации не указаны.,@toyotamark2,средний размер аудитории; фактическая активность постов/онлайн не проверена web-источником,не удалось проверить без Telegram API / просмотра t.me/s,"🚗✨ Не пропустите ОТЛИЧНЫЕ предложения на АВТО Барахолке Маркообразные! 😍 Канал @toyotamark2 ждет вас с выгодными сделками. Помните, перед покупкой всегда проверяйте надежность",tg-cat public search,https://tg-cat.com/@barakholka0,https://tg-cat.com/?search=%D0%B0%D0%B2%D1%82%D0%BE%20%D0%B1%D0%B0%D1%80%D0%B0%D1%85%D0%BE%D0%BB%D0%BA%D0%B0&type=supergroup&lang=en,авто барахолка
2026-07-05,Чаты купли-продажи,Чаты купли-продажи,Не указано / другой регион,"Барахолка авто Свердловская область,Екатеринбург,Нижний...",канал,https://t.me/autorinok_66,autorinok_66,2461,не удалось проверить web-источником,неизвестно,В открытой web-карточке условия публикации не указаны.,не указаны в web-карточке,средний размер аудитории; фактическая активность постов/онлайн не проверена web-источником,не удалось проверить без Telegram API / просмотра t.me/s,"**Описание канала:** Добро пожаловать на нашу барахолку авто в Свердловской области! Здесь вы найдете самые актуальные предложения автомобилей из Екатеринбурга, Нижнего Тагила и других городов региона. Каждый день мы публикуем новые варианты с контактными ном",tg-cat public search,https://tg-cat.com/@autorinok_66,https://tg-cat.com/?search=%D0%B0%D0%B2%D1%82%D0%BE%20%D0%B1%D0%B0%D1%80%D0%B0%D1%85%D0%BE%D0%BB%D0%BA%D0%B0&type=channel&lang=en,авто барахолка
2026-07-05,Мототехника,Мототехника; Чаты купли-продажи,Не указано / другой регион,АВТОРЫНОК ЭЛИСТА КАЛМЫКИЯ 08,чат/группа,https://t.me/avtorinok08,avtorinok08,2421,"да, это чат/группа",неизвестно,В открытой web-карточке условия публикации не указаны.,не указаны в web-карточке,средний размер аудитории; фактическая активность постов/онлайн не проверена web-источником,не удалось проверить без Telegram API / просмотра t.me/s,"Добро пожаловать на авторынок Элисты, Калмыкия! Здесь вы найдете все, что связано с автомобилями и мототехникой. 🚗💨 Мы предлагаем широкий выбор автомобилей, мотоциклов и запасных частей, чтобы удовлетворить потребности каждого автол",tg-cat public search,https://tg-cat.com/@avtorinok08,https://tg-cat.com/?search=%D0%BC%D0%BE%D1%82%D0%BE%D1%82%D0%B5%D1%85%D0%BD%D0%B8%D0%BA%D0%B0&type=supergroup&lang=en,мототехника
2026-07-05,Обмен автомобилей,Авто ниже рынка; Обмен автомобилей; Чаты купли-продажи,Не указано / другой регион,АВТОРЫНОК УФА БАШКОРТОСТАН ПЕРЕКУПЫ,чат/группа,https://t.me/avto_702,avto_702,2398,"да, это чат/группа",неизвестно,В открытой web-карточке условия публикации не указаны.,не указаны в web-карточке,средний размер аудитории; фактическая активность постов/онлайн не проверена web-источником,не удалось проверить без Telegram API / просмотра t.me/s,"Добро пожаловать в динамичное сообщество «Авторыно́к Уфа Башкортостан Перекупы»! 🚗💨 Здесь вы найдете все, что нужно для успешной покупки и продажи автомобилей: от новых до битых авто, обмена и разборки.",tg-cat public search,https://tg-cat.com/@avto_702,https://tg-cat.com/?search=%D0%BE%D0%B1%D0%BC%D0%B5%D0%BD%20%D0%B0%D0%B2%D1%82%D0%BE%D0%BC%D0%BE%D0%B1%D0%B8%D0%BB%D0%B5%D0%B9&type=supergroup&lang=en; https://tg-cat.com/?search=%D0%BE%D0%B1%D0%BC%D0%B5%D0%BD%20%D0%B0%D0%B2%D1%82%D0%BE&type=supergroup&lang=en,обмен авто; обмен автомобилей
2026-07-05,Чаты купли-продажи,Чаты купли-продажи,Не указано / другой регион,"БИШКЕК АВТОРЫНОК 🅐︎🅥︎🅣︎🅞︎ 🅱︎🅸︎🆂︎🅷︎🅺︎🅴︎🅺︎ , Бишкек автор...",чат/группа,https://t.me/avtobishkekosh,avtobishkekosh,2396,"да, это чат/группа",неизвестно,В открытой web-карточке условия публикации не указаны.,не указаны в web-карточке,средний размер аудитории; фактическая активность постов/онлайн не проверена web-источником,не удалось проверить без Telegram API / просмотра t.me/s,"Добро пожаловать на БИШКЕК АВТОРЫНОК! 🚗✨ Здесь вы найдете все необходимое для комфортного общения на тему автомобилей. Мы предлагаем широкий выбор услуг: это и продажа, и покупка авто, аренда, а также продажа запчаст",tg-cat public search,https://tg-cat.com/@avtobishkekosh,https://tg-cat.com/?search=%D0%BA%D1%83%D0%BF%D0%BB%D1%8E%20%D0%BF%D1%80%D0%BE%D0%B4%D0%B0%D0%BC%20%D0%B0%D0%B2%D1%82%D0%BE&type=supergroup&lang=en,куплю продам авто
2026-07-05,Чаты купли-продажи,Чаты купли-продажи,Не указано / другой регион,Красивые номера 54 rus,канал,https://t.me/runomer54,runomer54,2392,не удалось проверить web-источником,неизвестно,В открытой web-карточке условия публикации не указаны.,@runomerbot,средний размер аудитории; фактическая активность постов/онлайн не проверена web-источником,не удалось проверить без Telegram API / просмотра t.me/s,"Добро пожаловать на канал ""Красивые номера 54rus""! Здесь вы можете купить или продать красивый номер для вашего автомобиля в Новосибирской области. Если вы хотите разместить объявление, воспользуйтесь нашим удобным ботом @runomerbot. Для вопросов и поддержки обращ",tg-cat public search,https://tg-cat.com/@runomer54,https://tg-cat.com/?search=%D0%BA%D1%83%D0%BF%D0%B8%D1%82%D1%8C%20%D0%BF%D1%80%D0%BE%D0%B4%D0%B0%D1%82%D1%8C%20%D0%B0%D0%B2%D1%82%D0%BE&type=channel&lang=en,купить продать авто
2026-07-05,Мототехника,Мототехника; Чаты купли-продажи,Не указано / другой регион,ПРОДАЖА АВТО И МОТО. ЗАПЧАСТИ. ПРИМОРСКИЙ КРАЙ.,чат/группа,https://t.me/vy9w7zihzeuxmjni,vy9w7zihzeuxmjni,2363,"да, это чат/группа",неизвестно,В открытой web-карточке условия публикации не указаны.,не указаны в web-карточке,средний размер аудитории; фактическая активность постов/онлайн не проверена web-источником,не удалось проверить без Telegram API / просмотра t.me/s,"Добро пожаловать в наше сообщество, посвященное продаже автомобилей и мотоциклов в Приморском крае! Здесь вы найдете все, что нужно для автолюбителей: от качественной техники до оригинальных запчастей. Мы предлагаем широкий выбор автомобилей и мотоцик",tg-cat public search,https://tg-cat.com/@vy9w7zihzeuxmjni,https://tg-cat.com/?search=%D0%BC%D0%BE%D1%82%D0%BE&type=supergroup&lang=en; https://tg-cat.com/?search=%D0%BF%D1%80%D0%BE%D0%B4%D0%B0%D0%B6%D0%B0%20%D0%B0%D0%B2%D1%82%D0%BE&type=supergroup&lang=en; https://tg-cat.com/?search=%D0%BF%D1%80%D0%BE%D0%B4%D0%B0%D0%B6%D0%B0%20%D0%BC%D0%BE%D1%82%D0%BE&type=supergroup&lang=en,мото; продажа авто; продажа мото
2026-07-05,Чаты купли-продажи,Мототехника; Чаты купли-продажи,Не указано / другой регион,📢АВТО-МОТО РЫНОК МАРИУПОЛЬ📢 КУПЛЮ|ПРОДАМ,чат/группа,https://t.me/avtomoto_mariupol,avtomoto_mariupol,2360,"да, это чат/группа",неизвестно,В открытой web-карточке условия публикации не указаны.,не указаны в web-карточке,средний размер аудитории; фактическая активность постов/онлайн не проверена web-источником,не удалось проверить без Telegram API / просмотра t.me/s,"📢АВТО-МОТО РЫНОК МАРИУПОЛЬ📢 - платформа для покупки, продажи и обмена автомобилей, спецтехники и мотоциклов. Также предлагаются аксессуары, шины-диски, автострахование и",tg-cat public search,https://tg-cat.com/@avtomoto_mariupol,https://tg-cat.com/?search=%D0%BA%D1%83%D0%BF%D0%BB%D1%8E%20%D0%BF%D1%80%D0%BE%D0%B4%D0%B0%D0%BC%20%D0%B0%D0%B2%D1%82%D0%BE&type=supergroup&lang=en,куплю продам авто
2026-07-05,Мототехника,Мототехника,Не указано / другой регион,Motolife.ru,канал,https://t.me/motolifeRu,motolifeRu,2346,не удалось проверить web-источником,неизвестно,В открытой web-карточке условия публикации не указаны.,не указаны в web-карточке,средний размер аудитории; фактическая активность постов/онлайн не проверена web-источником,не удалось проверить без Telegram API / просмотра t.me/s,🚴‍♂️ Добро пожаловать на Motolife.ru! Здесь вы найдете захватывающий мир мотоциклов — от эксклюзивных моделей с аукционов до актуальных предложений в наличии. Следите за новостями нашей компании и не стесняй,tg-cat public search,https://tg-cat.com/@motolifeRu,https://tg-cat.com/?search=%D0%BC%D0%BE%D1%82%D0%BE%D1%86%D0%B8%D0%BA%D0%BB%D1%8B&type=channel&lang=en,мотоциклы
2026-07-05,Чаты купли-продажи,Чаты купли-продажи,Не указано / другой регион,Авторынок Ростов | Продажа авто,канал,https://t.me/avtorynok_rosto,avtorynok_rosto,2323,не удалось проверить web-источником,неизвестно,В открытой web-карточке условия публикации не указаны.,@avt_61,средний размер аудитории; фактическая активность постов/онлайн не проверена web-источником,не удалось проверить без Telegram API / просмотра t.me/s,"🚗 Добро пожаловать в группу ""Авторынок Ростов"" в Телеграм! Здесь вы найдете лучшие предложения по продаже автомобилей в Ростове-на-Дону. Хотите продать свой авто? Просто пишите нам: @avt_61. Присоединяйтесь и наход",tg-cat public search,https://tg-cat.com/@avtorynok_rosto,https://tg-cat.com/?search=%D0%B0%D0%B2%D1%82%D0%BE%D1%80%D1%8B%D0%BD%D0%BE%D0%BA&type=channel&lang=en; https://tg-cat.com/?search=%D0%BF%D1%80%D0%BE%D0%B4%D0%B0%D0%B6%D0%B0%20%D0%B0%D0%B2%D1%82%D0%BE&type=channel&lang=en,авторынок; продажа авто
2026-07-05,Чаты купли-продажи,Чаты купли-продажи,Не указано / другой регион,Авто Продажа RU🇷🇺,чат/группа,https://t.me/auto_prodam77,auto_prodam77,2319,"да, это чат/группа",неизвестно,В открытой web-карточке условия публикации не указаны.,не указаны в web-карточке,средний размер аудитории; фактическая активность постов/онлайн не проверена web-источником,не удалось проверить без Telegram API / просмотра t.me/s,,tg-cat public search,https://tg-cat.com/@auto_prodam77,https://tg-cat.com/?search=%D0%BF%D1%80%D0%BE%D0%B4%D0%B0%D0%B6%D0%B0%20%D0%B0%D0%B2%D1%82%D0%BE&type=supergroup&lang=en,продажа авто
2026-07-05,Чаты купли-продажи,Чаты купли-продажи,Не указано / другой регион,Авторынок Воронеж,канал,https://t.me/avt36,avt36,2315,не удалось проверить web-источником,неизвестно,В открытой web-карточке условия публикации не указаны.,@avt_36,средний размер аудитории; фактическая активность постов/онлайн не проверена web-источником,не удалось проверить без Telegram API / просмотра t.me/s,"🔧 Добро пожаловать на канал «Авторынок Воронеж»! Здесь вы найдете объявления только от собственников автомобилей. 🚗 Обменивайтесь опытом, публикуйте свои предложения и задавайте вопросы в нашем чате @avt_36. Не упустите",tg-cat public search,https://tg-cat.com/@avt36,https://tg-cat.com/?search=%D0%B0%D0%B2%D1%82%D0%BE%D1%80%D1%8B%D0%BD%D0%BE%D0%BA&type=channel&lang=en,авторынок
2026-07-05,Мототехника,Мототехника; Чаты купли-продажи,Не указано / другой регион,Авторынок Магнитогорска,чат/группа,https://t.me/avtomgn174,avtomgn174,2310,"да, это чат/группа",по согласованию / неясно,"Есть контакт/упоминание размещения, но бесплатность не подтверждена.",не указаны в web-карточке,средний размер аудитории; фактическая активность постов/онлайн не проверена web-источником,не удалось проверить без Telegram API / просмотра t.me/s,"🚗✨ Добро пожаловать в группу «Авторынок Магнитогорска»! Здесь вы сможете легко разместить объявления о продаже автомобилей и мототехники. Напоминаем, что размещение ссылок на другие сообщества запрещено. Присоединяйтесь и находите лучших",tg-cat public search,https://tg-cat.com/@avtomgn174,https://tg-cat.com/?search=%D0%BC%D0%BE%D1%82%D0%BE%D1%82%D0%B5%D1%85%D0%BD%D0%B8%D0%BA%D0%B0&type=supergroup&lang=en,мототехника
2026-07-05,Чаты купли-продажи,Чаты купли-продажи,Не указано / другой регион,Авторынок Сочи,канал,https://t.me/sochi_avtorynok,sochi_avtorynok,2298,не удалось проверить web-источником,неизвестно,В открытой web-карточке условия публикации не указаны.,не указаны в web-карточке,средний размер аудитории; фактическая активность постов/онлайн не проверена web-источником,не удалось проверить без Telegram API / просмотра t.me/s,,tg-cat public search,https://tg-cat.com/@sochi_avtorynok,https://tg-cat.com/?search=%D0%B0%D0%B2%D1%82%D0%BE%D1%80%D1%8B%D0%BD%D0%BE%D0%BA&type=channel&lang=en,авторынок
2026-07-05,Чаты купли-продажи,Чаты купли-продажи,Не указано / другой регион,Красивые номера 66rus,канал,https://t.me/runomer66,runomer66,2281,не удалось проверить web-источником,неизвестно,В открытой web-карточке условия публикации не указаны.,не указаны в web-карточке,средний размер аудитории; фактическая активность постов/онлайн не проверена web-источником,не удалось проверить без Telegram API / просмотра t.me/s,"🌟 Добро пожаловать на наш канал ""Красивые номера 66rus""! 🚗✨ Здесь вы сможете выгодно купить или продать уникальный номер для вашего автомобиля в Екатеринбурге и области. Нужен номер, который подчеркнет вашу индивидуальность? Или вы хотите продать",tg-cat public search,https://tg-cat.com/@runomer66,https://tg-cat.com/?search=%D0%BA%D1%83%D0%BF%D0%B8%D1%82%D1%8C%20%D0%BF%D1%80%D0%BE%D0%B4%D0%B0%D1%82%D1%8C%20%D0%B0%D0%B2%D1%82%D0%BE&type=channel&lang=en,купить продать авто
2026-07-05,Чаты купли-продажи,Чаты купли-продажи,Не указано / другой регион,Авто Барахолка Крым,канал,https://t.me/avto_baraholka_crimea,avto_baraholka_crimea,2205,не удалось проверить web-источником,неизвестно,В открытой web-карточке условия публикации не указаны.,не указаны в web-карточке,средний размер аудитории; фактическая активность постов/онлайн не проверена web-источником,не удалось проверить без Telegram API / просмотра t.me/s,"🌟 Добро пожаловать на Авто Барахолку Крыма! 🌟 Здесь вы можете легко и быстро покупать и продавать автомобили, находить выгодные предложения и общаться с единомышленниками. Не упустите шанс стать частью нашей дружной автомобильной семьи!",tg-cat public search,https://tg-cat.com/@avto_baraholka_crimea,https://tg-cat.com/?search=%D0%B0%D0%B2%D1%82%D0%BE%20%D0%B1%D0%B0%D1%80%D0%B0%D1%85%D0%BE%D0%BB%D0%BA%D0%B0&type=channel&lang=en,авто барахолка
2026-07-05,Чаты купли-продажи,Мототехника; Чаты купли-продажи,Не указано / другой регион,АВТО БАРАХОЛКА 👀,чат/группа,https://t.me/avtomobili_mlt,avtomobili_mlt,2195,"да, это чат/группа",неизвестно,В открытой web-карточке условия публикации не указаны.,не указаны в web-карточке,средний размер аудитории; фактическая активность постов/онлайн не проверена web-источником,не удалось проверить без Telegram API / просмотра t.me/s,"👀 АВТО БАРАХОЛКА! 🚗🛵 Присоединяйтесь к нам, чтобы увидеть все запчасти, машины, мотоциклы, велосипеды и мопеды! Будем рады всем!",tg-cat public search,https://tg-cat.com/@avtomobili_mlt,https://tg-cat.com/?search=%D0%B0%D0%B2%D1%82%D0%BE%20%D0%B1%D0%B0%D1%80%D0%B0%D1%85%D0%BE%D0%BB%D0%BA%D0%B0&type=supergroup&lang=en,авто барахолка
2026-07-05,Чаты купли-продажи,Чаты купли-продажи,Не указано / другой регион,Авторынок Тульская область,канал,https://t.me/tula_avto,tula_avto,2187,не удалось проверить web-источником,неизвестно,В открытой web-карточке условия публикации не указаны.,"@redaktortot, @chpgorod",средний размер аудитории; фактическая активность постов/онлайн не проверена web-источником,не удалось проверить без Telegram API / просмотра t.me/s,"Добро пожаловать на канал ""Авторынок Тула""! 🚗 Здесь купить, продать или обменять автомобиль стало проще простого! Присылайте свои объявления и находите авто мечты. Связь с нами: @redaktortot и @chpgorod.",tg-cat public search,https://tg-cat.com/@tula_avto,https://tg-cat.com/?search=%D0%B0%D0%B2%D1%82%D0%BE%D1%80%D1%8B%D0%BD%D0%BE%D0%BA&type=channel&lang=en; https://tg-cat.com/?search=%D0%BA%D1%83%D0%BF%D0%B8%D1%82%D1%8C%20%D0%BF%D1%80%D0%BE%D0%B4%D0%B0%D1%82%D1%8C%20%D0%B0%D0%B2%D1%82%D0%BE&type=channel&lang=en,авторынок; купить продать авто
2026-07-05,Чаты купли-продажи,Чаты купли-продажи,Не указано / другой регион,Продажа авто Владивосток,чат/группа,https://t.me/gemagogi,gemagogi,2112,"да, это чат/группа",неизвестно,В открытой web-карточке условия публикации не указаны.,не указаны в web-карточке,средний размер аудитории; фактическая активность постов/онлайн не проверена web-источником,не удалось проверить без Telegram API / просмотра t.me/s,,tg-cat public search,https://tg-cat.com/@gemagogi,https://tg-cat.com/?search=%D0%BF%D1%80%D0%BE%D0%B4%D0%B0%D0%B6%D0%B0%20%D0%B0%D0%B2%D1%82%D0%BE&type=supergroup&lang=en,продажа авто
2026-07-05,Чаты купли-продажи,Чаты купли-продажи,Не указано / другой регион,Авторынок Польша 🇵🇱,чат/группа,https://t.me/wawa_car,wawa_car,2111,"да, это чат/группа",неизвестно,В открытой web-карточке условия публикации не указаны.,не указаны в web-карточке,средний размер аудитории; фактическая активность постов/онлайн не проверена web-источником,не удалось проверить без Telegram API / просмотра t.me/s,"Добро пожаловать на увлекательный авторынок Польши! 🇵🇱 Здесь вы найдете все о лучших предложениях и увлекательных новинках в мире автомобилей. Наша цель - обеспечить максимальную безопасность сделок, и мы гордимся тем, что являемся номер",tg-cat public search,https://tg-cat.com/@wawa_car,https://tg-cat.com/?search=%D0%B0%D0%B2%D1%82%D0%BE%D1%80%D1%8B%D0%BD%D0%BE%D0%BA&type=supergroup&lang=en,авторынок
2026-07-05,Чаты купли-продажи,Чаты купли-продажи,Не указано / другой регион,аВТорынок Водители Ташкента,канал,https://t.me/vtsale,vtsale,2065,не удалось проверить web-источником,неизвестно,В открытой web-карточке условия публикации не указаны.,не указаны в web-карточке,средний размер аудитории; фактическая активность постов/онлайн не проверена web-источником,не удалось проверить без Telegram API / просмотра t.me/s,"Добро пожаловать на канал «аВТорынок Водители Ташкента»! 🚗✨ Здесь вы найдете самые свежие и актуальные объявления о купле-продаже автомобилей, запчастей, аксессуаров и комплектующих для вашего авто. Мы создаем",tg-cat public search,https://tg-cat.com/@vtsale,https://tg-cat.com/?search=%D0%B0%D0%B2%D1%82%D0%BE%D1%80%D1%8B%D0%BD%D0%BE%D0%BA&type=channel&lang=en,авторынок
2026-07-05,Чаты купли-продажи,Чаты купли-продажи,Не указано / другой регион,Продажа авто 🚗🚗🚗Луганская обл 🔥🔥🔥,чат/группа,https://t.me/avto_lyg,avto_lyg,2064,"да, это чат/группа",неизвестно,В открытой web-карточке условия публикации не указаны.,не указаны в web-карточке,средний размер аудитории; фактическая активность постов/онлайн не проверена web-источником,не удалось проверить без Telegram API / просмотра t.me/s,,tg-cat public search,https://tg-cat.com/@avto_lyg,https://tg-cat.com/?search=%D0%BF%D1%80%D0%BE%D0%B4%D0%B0%D0%B6%D0%B0%20%D0%B0%D0%B2%D1%82%D0%BE&type=supergroup&lang=en,продажа авто
2026-07-05,Авто ниже рынка,Авто ниже рынка,Не указано / другой регион,Aвто Аукцион | Ниже рынка,канал,https://t.me/AvtoAukzion,AvtoAukzion,2061,не удалось проверить web-источником,неизвестно,В открытой web-карточке условия публикации не указаны.,не указаны в web-карточке,средний размер аудитории; фактическая активность постов/онлайн не проверена web-источником,не удалось проверить без Telegram API / просмотра t.me/s,"🚘 Добро пожаловать на канал ""Авто Аукцион""! Здесь вы найдете автомобили по ценам ниже рыночных! 👨🏻‍⚖️ Мы - лизинговая компания, специализирующаяся на продаже автомобилей, которые клиенты не смогли выкупить",tg-cat public search,https://tg-cat.com/@AvtoAukzion,https://tg-cat.com/?search=%D0%B0%D0%B2%D1%82%D0%BE%20%D0%BD%D0%B8%D0%B6%D0%B5%20%D1%80%D1%8B%D0%BD%D0%BA%D0%B0&type=channel&lang=en; https://tg-cat.com/?search=%D0%BD%D0%B8%D0%B6%D0%B5%20%D1%80%D1%8B%D0%BD%D0%BA%D0%B0%20%D0%B0%D0%B2%D1%82%D0%BE&type=channel&lang=en,авто ниже рынка; ниже рынка авто
2026-07-05,Чаты купли-продажи,Чаты купли-продажи,Не указано / другой регион,Авторынок Краснодара,канал,https://t.me/niz_rynka_krasnodar,niz_rynka_krasnodar,2056,не удалось проверить web-источником,неизвестно,В открытой web-карточке условия публикации не указаны.,не указаны в web-карточке,средний размер аудитории; фактическая активность постов/онлайн не проверена web-источником,не удалось проверить без Telegram API / просмотра t.me/s,"**Авторынок Краснодара** - ваш надежный путеводитель по миру автомобилей в Краснодаре и Краснодарском крае! Здесь вы найдете автомобили по адекватным ценам, а также сможете легко разместить свои объявления. Присоединяйтесь к нашему сообществу",tg-cat public search,https://tg-cat.com/@niz_rynka_krasnodar,https://tg-cat.com/?search=%D0%B0%D0%B2%D1%82%D0%BE%D1%80%D1%8B%D0%BD%D0%BE%D0%BA&type=channel&lang=en,авторынок
2026-07-05,Обмен автомобилей,Обмен автомобилей; Чаты купли-продажи,Россия / не указано точнее,АВТОРЫНОК АНАПА И ВЕСЬ КРАСНОДАРСКИЙ КРАЙ,чат/группа,https://t.me/automarketanapa,automarketanapa,2048,"да, это чат/группа",неизвестно,В открытой web-карточке условия публикации не указаны.,не указаны в web-карточке,средний размер аудитории; фактическая активность постов/онлайн не проверена web-источником,не удалось проверить без Telegram API / просмотра t.me/s,"🌟 Добро пожаловать в мир автомобилей Анапы и всего Краснодарского края! 🌊🚘 Здесь вы найдете все актуальные объявления о продаже, покупке, обмене и аренде автомобилей в таких прекрасных уголах, как Анапа, Новороссийск и Геленджик.",tg-cat public search,https://tg-cat.com/@automarketanapa,https://tg-cat.com/?search=%D0%BE%D0%B1%D0%BC%D0%B5%D0%BD%20%D0%B0%D0%B2%D1%82%D0%BE%D0%BC%D0%BE%D0%B1%D0%B8%D0%BB%D0%B5%D0%B9&type=supergroup&lang=en,обмен автомобилей
2026-07-05,Чаты купли-продажи,Чаты купли-продажи,Не указано / другой регион,АВТОРЫНОК |26,канал,https://t.me/autorynok26,autorynok26,2047,не удалось проверить web-источником,неизвестно,В открытой web-карточке условия публикации не указаны.,не указаны в web-карточке,средний размер аудитории; фактическая активность постов/онлайн не проверена web-источником,не удалось проверить без Telegram API / просмотра t.me/s,"Добро пожаловать на канал АВТОРЫНОК! Здесь вы найдете актуальные объявления о продаже автомобилей: марки, объемы, годы выпуска, пробег и цены. Просто обратитесь с информацией о вашем авто, и мы поможем вам продать или купить автомобиль мечты",tg-cat public search,https://tg-cat.com/@autorynok26,https://tg-cat.com/?search=%D0%B0%D0%B2%D1%82%D0%BE%D1%80%D1%8B%D0%BD%D0%BE%D0%BA&type=channel&lang=en,авторынок
2026-07-05,Чаты купли-продажи,Чаты купли-продажи,Не указано / другой регион,Автомобильный мир Донбасса,канал,https://t.me/joinchat/BjSRrxU3NxwzOTky,joinchat/BjSRrxU3NxwzOTky,2041,не удалось проверить web-источником,неизвестно,В открытой web-карточке условия публикации не указаны.,не указаны в web-карточке,средний размер аудитории; фактическая активность постов/онлайн не проверена web-источником,не удалось проверить без Telegram API / просмотра t.me/s,"Добро пожаловать в «Автомобильный мир Донбасса»! 🚗✨ Здесь вы можете купить или продать запчасти и автомобили, а также узнать крутые лайфхаки для автовладельцев. Мы делимся актуальной информацией о новых правилах дорож",tg-cat public search,https://tg-cat.com/@joinchat/BjSRrxU3NxwzOTky,https://tg-cat.com/?search=%D0%BA%D1%83%D0%BF%D0%B8%D1%82%D1%8C%20%D0%BF%D1%80%D0%BE%D0%B4%D0%B0%D1%82%D1%8C%20%D0%B0%D0%B2%D1%82%D0%BE&type=channel&lang=en,купить продать авто
2026-07-05,Чаты купли-продажи,Чаты купли-продажи,Не указано / другой регион,Авторынок Омск,канал,https://t.me/avtorynok_omsk,avtorynok_omsk,2039,не удалось проверить web-источником,да / есть указание в описании,В описании есть слово “бесплатно/бесплатная”.,не указаны в web-карточке,средний размер аудитории; фактическая активность постов/онлайн не проверена web-источником,не удалось проверить без Telegram API / просмотра t.me/s,"🚗 Добро пожаловать на канал ""Авторынок Омск""! Здесь вы найдете бесплатные объявления о продаже автомобилей, обменах и многом другом. Поделитесь своим опытом и присоединяйтесь к нашему чату для общения с другими автолюбителями! 📲 Не",tg-cat public search,https://tg-cat.com/@avtorynok_omsk,https://tg-cat.com/?search=%D0%B0%D0%B2%D1%82%D0%BE%D1%80%D1%8B%D0%BD%D0%BE%D0%BA&type=channel&lang=en,авторынок
2026-07-05,Авто ниже рынка,Авто ниже рынка; Чаты купли-продажи,Не указано / другой регион,АВТО НИЖЕ РЫНКА | ТАТАРСТАН,чат/группа,https://t.me/kazanavto116,kazanavto116,2021,"да, это чат/группа",по согласованию / неясно,"Есть контакт/упоминание размещения, но бесплатность не подтверждена.",@EasyCar116,средний размер аудитории; фактическая активность постов/онлайн не проверена web-источником,не удалось проверить без Telegram API / просмотра t.me/s,"Группа ""Авто ниже рынка"" в Татарстане предлагает продажу автомобилей по низким ценам. Правила находятся в закреплённом сообщении. Администратор: @EasyCar116.",tg-cat public search,https://tg-cat.com/@kazanavto116,https://tg-cat.com/?search=%D0%B0%D0%B2%D1%82%D0%BE%20%D0%BD%D0%B8%D0%B6%D0%B5%20%D1%80%D1%8B%D0%BD%D0%BA%D0%B0&type=supergroup&lang=en; https://tg-cat.com/?search=%D0%B0%D0%B2%D1%82%D0%BE%20%D0%BF%D0%BE%20%D0%BD%D0%B8%D0%B7%D1%83%20%D1%80%D1%8B%D0%BD%D0%BA%D0%B0&type=supergroup&lang=en; https://tg-cat.com/?search=%D0%BD%D0%B8%D0%B6%D0%B5%20%D1%80%D1%8B%D0%BD%D0%BA%D0%B0%20%D0%B0%D0%B2%D1%82%D0%BE&type=supergroup&lang=en; https://tg-cat.com/?search=%D0%BF%D0%BE%20%D0%BD%D0%B8%D0%B7%D1%83%20%D1%80%D1%8B%D0%BD%D0%BA%D0%B0&type=supergroup&lang=en,авто ниже рынка; авто по низу рынка; ниже рынка авто; по низу рынка
2026-07-05,Чаты купли-продажи,Чаты купли-продажи,Не указано / другой регион,Автоброкер Клуб Маркет,канал,https://t.me/AutoBroker_club,AutoBroker_club,1979,не удалось проверить web-источником,неизвестно,В открытой web-карточке условия публикации не указаны.,@ab_club_bot,средний размер аудитории; фактическая активность постов/онлайн не проверена web-источником,не удалось проверить без Telegram API / просмотра t.me/s,🚗 Добро пожаловать в Автоброкер Клуб Маркет! Открытая площадка по продаже автомобилей в Самаре. Здесь вы можете легко и быстро купить авто своей мечты! Для оформления заявки обращайтесь к нашему боту @ab_club_bot или звоните по номер,tg-cat public search,https://tg-cat.com/@AutoBroker_club,https://tg-cat.com/?search=%D0%BA%D1%83%D0%BF%D0%B8%D1%82%D1%8C%20%D0%BF%D1%80%D0%BE%D0%B4%D0%B0%D1%82%D1%8C%20%D0%B0%D0%B2%D1%82%D0%BE&type=channel&lang=en,купить продать авто
2026-07-05,Чаты купли-продажи,Чаты купли-продажи,Не указано / другой регион,Авторынок ДНР ЛНР,канал,https://t.me/joinchat/uOPDow3J2AwxOTg6,joinchat/uOPDow3J2AwxOTg6,1975,не удалось проверить web-источником,неизвестно,В открытой web-карточке условия публикации не указаны.,не указаны в web-карточке,средний размер аудитории; фактическая активность постов/онлайн не проверена web-источником,не удалось проверить без Telegram API / просмотра t.me/s,🚗 Добро пожаловать на канал «Авторынок Донецк ДНР»! Здесь вы найдете самую актуальную доску объявлений по продаже автомобилей в Донецке и ДНР. Ищите и публикуйте предложения о продаже автомобилей от собственников. Присоединя,tg-cat public search,https://tg-cat.com/@joinchat/uOPDow3J2AwxOTg6,https://tg-cat.com/?search=%D0%B0%D0%B2%D1%82%D0%BE%D1%80%D1%8B%D0%BD%D0%BE%D0%BA&type=channel&lang=en,авторынок
2026-07-05,Чаты купли-продажи,Чаты купли-продажи,Не указано / другой регион,"Авторазбор, Выкуп и продажа Авто в Юрге",канал,https://t.me/avtorazbor777,avtorazbor777,1945,не удалось проверить web-источником,неизвестно,В открытой web-карточке условия публикации не указаны.,не указаны в web-карточке,средний размер аудитории; фактическая активность постов/онлайн не проверена web-источником,не удалось проверить без Telegram API / просмотра t.me/s,"Добро пожаловать в АвтоРазбор 777 – ваш надежный партнер в мире б/у автозапчастей! 🚗✨ Мы предлагаем широкий ассортимент запчастей как для отечественных, так и для иностранных автомобилей. Наша команда не только предоставляет качественные детали, но и",tg-cat public search,https://tg-cat.com/@avtorazbor777,https://tg-cat.com/?search=%D0%BF%D1%80%D0%BE%D0%B4%D0%B0%D0%B6%D0%B0%20%D0%B0%D0%B2%D1%82%D0%BE&type=channel&lang=en,продажа авто
2026-07-05,Чаты купли-продажи,Чаты купли-продажи,Не указано / другой регион,Выкуп- продажа любых авто,чат/группа,https://t.me/vikypprodazhaavto,vikypprodazhaavto,1940,"да, это чат/группа",неизвестно,В открытой web-карточке условия публикации не указаны.,не указаны в web-карточке,средний размер аудитории; фактическая активность постов/онлайн не проверена web-источником,не удалось проверить без Telegram API / просмотра t.me/s,"🚗 Добро пожаловать в уникальное сообщество, где ваши автомобильные мечты становятся реальностью! Мы предлагаем выкуп и продажу любых автомобилей — от новых до проблемных. Наша команда экспертов готова помочь вам на каждом этапе: будь то автоломбард,",tg-cat public search,https://tg-cat.com/@vikypprodazhaavto,https://tg-cat.com/?search=%D0%BF%D1%80%D0%BE%D0%B4%D0%B0%D0%B6%D0%B0%20%D0%B0%D0%B2%D1%82%D0%BE&type=supergroup&lang=en,продажа авто
2026-07-05,Мототехника,Мототехника; Чаты купли-продажи,Не указано / другой регион,МОТО БАРАХОЛКА Сочи,чат/группа,https://t.me/moto_vsochi,moto_vsochi,1935,"да, это чат/группа",да / есть указание в описании,В описании есть слово “бесплатно/бесплатная”.,не указаны в web-карточке,средний размер аудитории; фактическая активность постов/онлайн не проверена web-источником,не удалось проверить без Telegram API / просмотра t.me/s,"Добро пожаловать в МОТО БАРАХОЛКУ Сочи! 🏍️ Здесь вы можете выгодно продать или купить мототовары без лишних затрат – размещение абсолютно БЕСПЛАТНО! 🎉 Пожалуйста, соблюдайте правила нашей",tg-cat public search,https://tg-cat.com/@moto_vsochi,https://tg-cat.com/?search=%D0%BC%D0%BE%D1%82%D0%BE%20%D0%B1%D0%B0%D1%80%D0%B0%D1%85%D0%BE%D0%BB%D0%BA%D0%B0&type=supergroup&lang=en; https://tg-cat.com/?search=%D0%BC%D0%BE%D1%82%D0%BE&type=supergroup&lang=en,мото; мото барахолка
2026-07-05,Чаты купли-продажи,Чаты купли-продажи,Не указано / другой регион,Авторынок РД,канал,https://t.me/auto_prodaja_rd,auto_prodaja_rd,1934,не удалось проверить web-источником,неизвестно,В открытой web-карточке условия публикации не указаны.,не указаны в web-карточке,средний размер аудитории; фактическая активность постов/онлайн не проверена web-источником,не удалось проверить без Telegram API / просмотра t.me/s,,tg-cat public search,https://tg-cat.com/@auto_prodaja_rd,https://tg-cat.com/?search=%D0%B0%D0%B2%D1%82%D0%BE%D1%80%D1%8B%D0%BD%D0%BE%D0%BA&type=channel&lang=en,авторынок
2026-07-05,Чаты купли-продажи,Чаты купли-продажи,Не указано / другой регион,Продажа Авто Донецк,чат/группа,https://t.me/prodayavtodnr,prodayavtodnr,1883,"да, это чат/группа",неизвестно,В открытой web-карточке условия публикации не указаны.,не указаны в web-карточке,средний размер аудитории; фактическая активность постов/онлайн не проверена web-источником,не удалось проверить без Telegram API / просмотра t.me/s,,tg-cat public search,https://tg-cat.com/@prodayavtodnr,https://tg-cat.com/?search=%D0%BF%D1%80%D0%BE%D0%B4%D0%B0%D0%B6%D0%B0%20%D0%B0%D0%B2%D1%82%D0%BE&type=supergroup&lang=en,продажа авто
2026-07-05,Мототехника,Мототехника; Чаты купли-продажи,Не указано / другой регион,🇷🇺Продажа Авто/Мото запчасти⚡️ЗАПОРОЖСКАЯ ОБЛ,чат/группа,https://t.me/motoprodizp23,motoprodizp23,1865,"да, это чат/группа",неизвестно,В открытой web-карточке условия публикации не указаны.,не указаны в web-карточке,средний размер аудитории; фактическая активность постов/онлайн не проверена web-источником,не удалось проверить без Telegram API / просмотра t.me/s,🌟 Добро пожаловать в наше сообщество! 🌟 Вы ищете качественные авто и мото запчасти? 🚗🏍️ Вам по адресу! Мы рады представить вам уникальную площадку для покупки и продажи мопедов и запчастей в Запорож,tg-cat public search,https://tg-cat.com/@motoprodizp23,https://tg-cat.com/?search=%D0%BF%D1%80%D0%BE%D0%B4%D0%B0%D0%B6%D0%B0%20%D0%BC%D0%BE%D1%82%D0%BE&type=supergroup&lang=en,продажа мото
2026-07-05,Мототехника,Мототехника; Чаты купли-продажи,Не указано / другой регион,Мопедисты | Мото-Объявления | Барахолка | Алматы,чат/группа,https://t.me/kazakhstan_moto,kazakhstan_moto,1862,"да, это чат/группа",неизвестно,В открытой web-карточке условия публикации не указаны.,не указаны в web-карточке,средний размер аудитории; фактическая активность постов/онлайн не проверена web-источником,не удалось проверить без Telegram API / просмотра t.me/s,,tg-cat public search,https://tg-cat.com/@kazakhstan_moto,https://tg-cat.com/?search=%D0%BC%D0%BE%D1%82%D0%BE%20%D0%B1%D0%B0%D1%80%D0%B0%D1%85%D0%BE%D0%BB%D0%BA%D0%B0&type=supergroup&lang=en,мото барахолка
2026-07-05,Чаты купли-продажи,Чаты купли-продажи,Не указано / другой регион,Продать авто? ЛЕГКО👍🏻,чат/группа,https://t.me/profi_cars,profi_cars,1857,"да, это чат/группа",неизвестно,В открытой web-карточке условия публикации не указаны.,не указаны в web-карточке,средний размер аудитории; фактическая активность постов/онлайн не проверена web-источником,не удалось проверить без Telegram API / просмотра t.me/s,"Добро пожаловать в нашу группу, где продажа авто становится легким и увлекательным процессом! 🚗✨ Здесь вы можете легко создать объявление о продаже своего автомобиля, добавив всего 5 друзей. Мы рады помочь вам расширить вашу аудиторию и сделать ваш опыт по продаже автомобиля",tg-cat public search,https://tg-cat.com/@profi_cars,https://tg-cat.com/?search=%D0%BF%D1%80%D0%BE%D0%B4%D0%B0%D0%B6%D0%B0%20%D0%B0%D0%B2%D1%82%D0%BE&type=supergroup&lang=en,продажа авто
2026-07-05,Чаты купли-продажи,Чаты купли-продажи,Не указано / другой регион,Базар Донецк АВТО БАРАХОЛКА | ОБЪЯВЛЕНИЯ РАБОТА,чат/группа,https://t.me/bazardn,bazardn,1855,"да, это чат/группа",неизвестно,В открытой web-карточке условия публикации не указаны.,не указаны в web-карточке,средний размер аудитории; фактическая активность постов/онлайн не проверена web-источником,не удалось проверить без Telegram API / просмотра t.me/s,,tg-cat public search,https://tg-cat.com/@bazardn,https://tg-cat.com/?search=%D0%B0%D0%B2%D1%82%D0%BE%20%D0%B1%D0%B0%D1%80%D0%B0%D1%85%D0%BE%D0%BB%D0%BA%D0%B0&type=supergroup&lang=en,авто барахолка
2026-07-05,Чаты купли-продажи,Мототехника; Чаты купли-продажи,Россия / не указано точнее,Авторынок Челябинск,чат/группа,https://t.me/avtorynok_chelyabinsk,avtorynok_chelyabinsk,1841,"да, это чат/группа",неизвестно,В открытой web-карточке условия публикации не указаны.,не указаны в web-карточке,средний размер аудитории; фактическая активность постов/онлайн не проверена web-источником,не удалось проверить без Telegram API / просмотра t.me/s,"Группа посвящена виртуальному авторынку в Челябинске, где обсуждаются автомобили и мотоциклы в России. Запрещены ссылки на сторонние ресурсы и пересылка материалов из других каналов и групп.",tg-cat public search,https://tg-cat.com/@avtorynok_chelyabinsk,https://tg-cat.com/?search=%D0%B0%D0%B2%D1%82%D0%BE%D1%80%D1%8B%D0%BD%D0%BE%D0%BA&type=supergroup&lang=en,авторынок
2026-07-05,Мототехника,Мототехника; Чаты купли-продажи,Не указано / другой регион,АВТО/МОТО/ВЕЛО- БАРАХОЛКА по Башкирии-Уфа в приоритете✌...,чат/группа,https://t.me/avto_moto_baraholka,avto_moto_baraholka,1814,"да, это чат/группа",неизвестно,В открытой web-карточке условия публикации не указаны.,не указаны в web-карточке,средний размер аудитории; фактическая активность постов/онлайн не проверена web-источником,не удалось проверить без Telegram API / просмотра t.me/s,"🚗🏍️🚲 Не пропустите! Присоединяйтесь к нашей АВТО/МОТО/ВЕЛО барохолке в Башкирии и Уфе! Делитесь с друзьями, чем больше участников – тем больше выгодных предложений!",tg-cat public search,https://tg-cat.com/@avto_moto_baraholka,https://tg-cat.com/?search=%D0%BC%D0%BE%D1%82%D0%BE%20%D0%B1%D0%B0%D1%80%D0%B0%D1%85%D0%BE%D0%BB%D0%BA%D0%B0&type=supergroup&lang=en,мото барахолка
2026-07-05,Чаты купли-продажи,Чаты купли-продажи,Не указано / другой регион,Продать Авто В Украине 🇺🇦 | Купить Авто В Украине 🇺🇦 | ...,чат/группа,https://t.me/avto_ria_ukraine,avto_ria_ukraine,1796,"да, это чат/группа",неизвестно,В открытой web-карточке условия публикации не указаны.,не указаны в web-карточке,средний размер аудитории; фактическая активность постов/онлайн не проверена web-источником,не удалось проверить без Telegram API / просмотра t.me/s,,tg-cat public search,https://tg-cat.com/@avto_ria_ukraine,https://tg-cat.com/?search=%D0%BA%D1%83%D0%BF%D0%B8%D1%82%D1%8C%20%D0%BF%D1%80%D0%BE%D0%B4%D0%B0%D1%82%D1%8C%20%D0%B0%D0%B2%D1%82%D0%BE&type=supergroup&lang=en,купить продать авто
2026-07-05,Чаты купли-продажи,Чаты купли-продажи,Не указано / другой регион,Продажа АВТО Тюмень,чат/группа,https://t.me/tmn_avto,tmn_avto,1763,"да, это чат/группа",неизвестно,В открытой web-карточке условия публикации не указаны.,не указаны в web-карточке,средний размер аудитории; фактическая активность постов/онлайн не проверена web-источником,не удалось проверить без Telegram API / просмотра t.me/s,,tg-cat public search,https://tg-cat.com/@tmn_avto,https://tg-cat.com/?search=%D0%BF%D1%80%D0%BE%D0%B4%D0%B0%D0%B6%D0%B0%20%D0%B0%D0%B2%D1%82%D0%BE&type=supergroup&lang=en,продажа авто
2026-07-05,Обмен автомобилей,Обмен автомобилей; Чаты купли-продажи,Не указано / другой регион,🇷🇺AUTO.RU ONLINE🇷🇺,чат/группа,https://t.me/autoruperekup,autoruperekup,1737,"да, это чат/группа",неизвестно,В открытой web-карточке условия публикации не указаны.,не указаны в web-карточке,средний размер аудитории; фактическая активность постов/онлайн не проверена web-источником,не удалось проверить без Telegram API / просмотра t.me/s,"🚗 Добро пожаловать в сообщество AUTO.RU ONLINE! 🇷🇺 Мы рады видеть вас здесь – в месте, где автомобили находят своих владельцев! Наша платформа предлагает удобный подбор, продажу и обмен автомобилей, а также проверку по VIN. У",tg-cat public search,https://tg-cat.com/@autoruperekup,https://tg-cat.com/?search=%D0%BA%D1%83%D0%BF%D0%B8%D1%82%D1%8C%20%D0%BF%D1%80%D0%BE%D0%B4%D0%B0%D1%82%D1%8C%20%D0%B0%D0%B2%D1%82%D0%BE&type=supergroup&lang=en; https://tg-cat.com/?search=%D0%BE%D0%B1%D0%BC%D0%B5%D0%BD%20%D0%B0%D0%B2%D1%82%D0%BE%D0%BC%D0%BE%D0%B1%D0%B8%D0%BB%D0%B5%D0%B9&type=supergroup&lang=en; https://tg-cat.com/?search=%D0%BE%D0%B1%D0%BC%D0%B5%D0%BD%20%D0%B0%D0%B2%D1%82%D0%BE&type=supergroup&lang=en,купить продать авто; обмен авто; обмен автомобилей
2026-07-05,Авто ниже рынка,Авто ниже рынка,Не указано / другой регион,Данияр Калашников (Ленивый перекуп),канал,https://t.me/prodam_otdam_spizdiy,prodam_otdam_spizdiy,1725,не удалось проверить web-источником,неизвестно,В открытой web-карточке условия публикации не указаны.,не указаны в web-карточке,средний размер аудитории; фактическая активность постов/онлайн не проверена web-источником,не удалось проверить без Telegram API / просмотра t.me/s,"🚗✨ Добро пожаловать на канал Данияра Калашникова, известного как Ленивый перекуп! Здесь вы найдете 🚘 выгодные предложения на автомобили по низким ценам на рынке. Мы предлагаем выкуп авто в любом состоянии и поможем вам продать вашу",tg-cat public search,https://tg-cat.com/@prodam_otdam_spizdiy,https://tg-cat.com/?search=%D0%B0%D0%B2%D1%82%D0%BE%20%D0%BF%D0%BE%20%D0%BD%D0%B8%D0%B7%D1%83%20%D1%80%D1%8B%D0%BD%D0%BA%D0%B0&type=channel&lang=en; https://tg-cat.com/?search=%D0%BF%D0%BE%20%D0%BD%D0%B8%D0%B7%D1%83%20%D1%80%D1%8B%D0%BD%D0%BA%D0%B0&type=channel&lang=en,авто по низу рынка; по низу рынка
2026-07-05,Чаты купли-продажи,Чаты купли-продажи,Не указано / другой регион,PDDok | Автозаконы 2022 | Новости,канал,https://t.me/pddok,pddok,1660,не удалось проверить web-источником,неизвестно,В открытой web-карточке условия публикации не указаны.,не указаны в web-карточке,средний размер аудитории; фактическая активность постов/онлайн не проверена web-источником,не удалось проверить без Telegram API / просмотра t.me/s,"🌟 Добро пожаловать на канал PDDok! 🌟 Здесь вы найдете самые последние изменения в правилах дорожного движения, свежие новости о штрафах и советы по оформлению и купле-продаже автомобилей. Мы предоставляем подробные статьи и актуальные материалы, которые помогут вам",tg-cat public search,https://tg-cat.com/@pddok,https://tg-cat.com/?search=%D0%BA%D1%83%D0%BF%D0%B8%D1%82%D1%8C%20%D0%BF%D1%80%D0%BE%D0%B4%D0%B0%D1%82%D1%8C%20%D0%B0%D0%B2%D1%82%D0%BE&type=channel&lang=en; https://tg-cat.com/?search=%D0%BA%D1%83%D0%BF%D0%BB%D1%8E%20%D0%BF%D1%80%D0%BE%D0%B4%D0%B0%D0%BC%20%D0%B0%D0%B2%D1%82%D0%BE&type=channel&lang=en,купить продать авто; куплю продам авто
2026-07-05,Обмен автомобилей,Мототехника; Обмен автомобилей; Чаты купли-продажи,Не указано / другой регион,Уфа Авторынок РБ,чат/группа,https://t.me/avto_ufa_102,avto_ufa_102,1644,"да, это чат/группа",неизвестно,В открытой web-карточке условия публикации не указаны.,не указаны в web-карточке,средний размер аудитории; фактическая активность постов/онлайн не проверена web-источником,не удалось проверить без Telegram API / просмотра t.me/s,"🚗🌟 Присоединяйтесь к нашей группе ""Уфа Авторынок РБ""! Здесь вы сможете купить, продать или обменять автомобили, мотоциклы и спецтехнику в Уфе и по всему региону. Не упустите возможность найти идеальный",tg-cat public search,https://tg-cat.com/@avto_ufa_102,https://tg-cat.com/?search=%D0%BE%D0%B1%D0%BC%D0%B5%D0%BD%20%D0%B0%D0%B2%D1%82%D0%BE%D0%BC%D0%BE%D0%B1%D0%B8%D0%BB%D0%B5%D0%B9&type=supergroup&lang=en,обмен автомобилей
2026-07-05,Чаты купли-продажи,Чаты купли-продажи,Не указано / другой регион,КАЗАНЬ АВТО | КУПИТЬ ПРОДАТЬ,чат/группа,https://t.me/kazanauto116,kazanauto116,1620,"да, это чат/группа",неизвестно,В открытой web-карточке условия публикации не указаны.,не указаны в web-карточке,средний размер аудитории; фактическая активность постов/онлайн не проверена web-источником,не удалось проверить без Telegram API / просмотра t.me/s,"Добро пожаловать в чат ""Казань Авто""! Здесь вы можете без труда купить или продать автомобиль, находя выгодные предложения и общения с единомышленниками. Наша площадка строго соблюдает правила: мы не допускаем рекламы, ссылок, оскорблений,",tg-cat public search,https://tg-cat.com/@kazanauto116,https://tg-cat.com/?search=%D0%BA%D1%83%D0%BF%D0%B8%D1%82%D1%8C%20%D0%BF%D1%80%D0%BE%D0%B4%D0%B0%D1%82%D1%8C%20%D0%B0%D0%B2%D1%82%D0%BE&type=supergroup&lang=en; https://tg-cat.com/?search=%D0%BF%D1%80%D0%BE%D0%B4%D0%B0%D0%B6%D0%B0%20%D0%B0%D0%B2%D1%82%D0%BE&type=supergroup&lang=en,купить продать авто; продажа авто
2026-07-05,Мототехника,Мототехника,Не указано / другой регион,"Евгений | n8n, Make, AI Автоматизации",канал,https://t.me/motochoice,motochoice,1589,не удалось проверить web-источником,неизвестно,В открытой web-карточке условия публикации не указаны.,не указаны в web-карточке,средний размер аудитории; фактическая активность постов/онлайн не проверена web-источником,не удалось проверить без Telegram API / просмотра t.me/s,"Привет, мотоциклисты! 🏍️ Добро пожаловать на канал MotoChoice 🇨🇭! Здесь вы найдете все о лучших мотоциклах из Швейцарии. Мы привозим только самые качественные и надежные байки под заказ, чтобы вы",tg-cat public search,https://tg-cat.com/@motochoice,https://tg-cat.com/?search=%D0%BC%D0%BE%D1%82%D0%BE&type=channel&lang=en,мото
2026-07-05,Чаты купли-продажи,Чаты купли-продажи,Не указано / другой регион,Иркутск DROM продажа авто,чат/группа,https://t.me/drom_irk,drom_irk,1566,"да, это чат/группа",неизвестно,В открытой web-карточке условия публикации не указаны.,не указаны в web-карточке,средний размер аудитории; фактическая активность постов/онлайн не проверена web-источником,не удалось проверить без Telegram API / просмотра t.me/s,"Добро пожаловать в нашу группу продажи автомобилей в Иркутске на DROM! Здесь вы найдете идеальное место для покупки и продажи авто в Иркутске и Иркутской области. Подавайте свои объявления, делитесь фотографиями и находите своего будущего железного друга! Прис",tg-cat public search,https://tg-cat.com/@drom_irk,https://tg-cat.com/?search=%D0%BF%D1%80%D0%BE%D0%B4%D0%B0%D0%B6%D0%B0%20%D0%B0%D0%B2%D1%82%D0%BE&type=supergroup&lang=en,продажа авто
2026-07-05,Мототехника,Мототехника; Чаты купли-продажи,Не указано / другой регион,🚗🇬🇪 Продажа | Покупка АВТО в Грузии 🇬🇪 გაყიდვა | მანქან...,чат/группа,https://t.me/sell_buy_car_georgia,sell_buy_car_georgia,1565,"да, это чат/группа",неизвестно,В открытой web-карточке условия публикации не указаны.,не указаны в web-карточке,средний размер аудитории; фактическая активность постов/онлайн не проверена web-источником,не удалось проверить без Telegram API / просмотра t.me/s,"🌟 Добро пожаловать в наше сообщество автолюбителей Грузии! 🇬🇪🚗 Здесь вы найдете всё для покупки и продажи автомобилей, мотоциклов и их компонентов. Неважно, ищете ли вы новую машину в Тбилиси",tg-cat public search,https://tg-cat.com/@sell_buy_car_georgia,https://tg-cat.com/?search=%D0%BA%D1%83%D0%BF%D0%B8%D1%82%D1%8C%20%D0%BF%D1%80%D0%BE%D0%B4%D0%B0%D1%82%D1%8C%20%D0%B0%D0%B2%D1%82%D0%BE&type=supergroup&lang=en; https://tg-cat.com/?search=%D0%BF%D1%80%D0%BE%D0%B4%D0%B0%D0%B6%D0%B0%20%D0%BC%D0%BE%D1%82%D0%BE&type=supergroup&lang=en,купить продать авто; продажа мото
2026-07-05,Чаты купли-продажи,Чаты купли-продажи,Не указано / другой регион,Авторынок / Н.Новгород,канал,https://t.me/auto_52,auto_52,1534,не удалось проверить web-источником,неизвестно,В открытой web-карточке условия публикации не указаны.,@Autom,средний размер аудитории; фактическая активность постов/онлайн не проверена web-источником,не удалось проверить без Telegram API / просмотра t.me/s,"🌟 Добро пожаловать на наш канал ""Авторынок - Н.Новгород""! 🚗 Здесь вы найдете все о покупке и продаже автомобилей в Нижнем Новгороде. Ищете новый авто или хотите объявить о продаже? Мы готовы помочь! Подайте объявление через @Autom",tg-cat public search,https://tg-cat.com/@auto_52,https://tg-cat.com/?search=%D0%B0%D0%B2%D1%82%D0%BE%D1%80%D1%8B%D0%BD%D0%BE%D0%BA&type=channel&lang=en,авторынок
2026-07-05,Обмен автомобилей,Обмен автомобилей; Чаты купли-продажи,Не указано / другой регион,Продажа Аренда Покупка Недвижимости и авто в Узбекистан...,чат/группа,https://t.me/nedvijimostuzb1,nedvijimostuzb1,1531,"да, это чат/группа",по согласованию / неясно,"Есть контакт/упоминание размещения, но бесплатность не подтверждена.",не указаны в web-карточке,средний размер аудитории; фактическая активность постов/онлайн не проверена web-источником,не удалось проверить без Telegram API / просмотра t.me/s,"Группа по продаже, аренде и покупке недвижимости и автомобилей в Узбекистане. Ежедневно обновляемая база от собственников, предлагает более 5000 вариантов. Темы: продажа, покупка, ипотека, аренда, обмен. Администратор: @n",tg-cat public search,https://tg-cat.com/@nedvijimostuzb1,https://tg-cat.com/?search=%D0%BA%D1%83%D0%BF%D0%BB%D1%8F%20%D0%BF%D1%80%D0%BE%D0%B4%D0%B0%D0%B6%D0%B0%20%D0%BE%D0%B1%D0%BC%D0%B5%D0%BD%20%D0%B0%D0%B2%D1%82%D0%BE&type=supergroup&lang=en,купля продажа обмен авто
2026-07-05,Мототехника,Мототехника; Чаты купли-продажи,Не указано / другой регион,МОТОБАРАХОЛКА,чат/группа,https://t.me/mttomlt,mttomlt,1524,"да, это чат/группа",неизвестно,В открытой web-карточке условия публикации не указаны.,не указаны в web-карточке,средний размер аудитории; фактическая активность постов/онлайн не проверена web-источником,не удалось проверить без Telegram API / просмотра t.me/s,"Добро пожаловать в ""Мото барахолка"" – уникальное сообщество для истинных ценителей мототехники в Мелитополе и окрестностях! Здесь вы сможете найти всё, что связано с миром мотоциклов: от запчастей до",tg-cat public search,https://tg-cat.com/@mttomlt,https://tg-cat.com/?search=%D0%BC%D0%BE%D1%82%D0%BE%20%D0%B1%D0%B0%D1%80%D0%B0%D1%85%D0%BE%D0%BB%D0%BA%D0%B0&type=supergroup&lang=en,мото барахолка
2026-07-05,Обмен автомобилей,Обмен автомобилей,Не указано / другой регион,СОЮЗ-АВТО,канал,https://t.me/sa22ru,sa22ru,1516,не удалось проверить web-источником,неизвестно,В открытой web-карточке условия публикации не указаны.,не указаны в web-карточке,средний размер аудитории; фактическая активность постов/онлайн не проверена web-источником,не удалось проверить без Telegram API / просмотра t.me/s,"Добро пожаловать на канал СОЮЗ-АВТО! 🚗 Если вы ищете идеальный автомобиль или хотите выгодно обменять старый на новый — вы попали по адресу! У нас вы найдете широкий выбор из более чем 400 автомобилей в наличии, а также услуги автокред",tg-cat public search,https://tg-cat.com/@sa22ru,https://tg-cat.com/?search=%D0%BE%D0%B1%D0%BC%D0%B5%D0%BD%20%D0%B0%D0%B2%D1%82%D0%BE%D0%BC%D0%BE%D0%B1%D0%B8%D0%BB%D0%B5%D0%B9&type=channel&lang=en,обмен автомобилей
2026-07-05,Чаты купли-продажи,Чаты купли-продажи,Не указано / другой регион,Авторынок / Псков,канал,https://t.me/auto_60,auto_60,1511,не удалось проверить web-источником,неизвестно,В открытой web-карточке условия публикации не указаны.,не указаны в web-карточке,средний размер аудитории; фактическая активность постов/онлайн не проверена web-источником,не удалось проверить без Telegram API / просмотра t.me/s,,tg-cat public search,https://tg-cat.com/@auto_60,https://tg-cat.com/?search=%D0%B0%D0%B2%D1%82%D0%BE%D1%80%D1%8B%D0%BD%D0%BE%D0%BA&type=channel&lang=en,авторынок
2026-07-05,Обмен автомобилей,Обмен автомобилей; Чаты купли-продажи,Не указано / другой регион,ОБЪЯВЛЕНИЕ И РЕКЛАМА ДАГЕСТАНА,чат/группа,https://t.me/ajlabazaravito,ajlabazaravito,1493,"да, это чат/группа",неизвестно,В открытой web-карточке условия публикации не указаны.,не указаны в web-карточке,средний размер аудитории; фактическая активность постов/онлайн не проверена web-источником,не удалось проверить без Telegram API / просмотра t.me/s,"Ищете лучшие предложения в Дагестане? Объявления и реклама на любой вкус: покупка, продажа, обмен и аренда товаров! Недвижимость, автомобили, скот, птицы и промышленные товары – все это ждет вас здесь! Узнайте",tg-cat public search,https://tg-cat.com/@ajlabazaravito,https://tg-cat.com/?search=%D0%BE%D0%B1%D0%BC%D0%B5%D0%BD%20%D0%B0%D0%B2%D1%82%D0%BE%D0%BC%D0%BE%D0%B1%D0%B8%D0%BB%D0%B5%D0%B9&type=supergroup&lang=en,обмен автомобилей
2026-07-05,Авто ниже рынка,Авто ниже рынка; Мототехника; Чаты купли-продажи,Не указано / другой регион,Рынок Адекватных Цен🫰🏽,чат/группа,https://t.me/dogonyy,dogonyy,1489,"да, это чат/группа",неизвестно,В открытой web-карточке условия публикации не указаны.,не указаны в web-карточке,средний размер аудитории; фактическая активность постов/онлайн не проверена web-источником,не удалось проверить без Telegram API / просмотра t.me/s,"Добро пожаловать в наше уникальное сообщество ""Рынок Адекватных Цен""! 🫰🏽 Здесь вы найдете всё для покупки и продажи автомобилей и мотоциклов по самым привлекательным ценам! 🚘✨ Наша площадка охватывает Республику",tg-cat public search,https://tg-cat.com/@dogonyy,https://tg-cat.com/?search=%D0%B0%D0%B2%D1%82%D0%BE%20%D0%BF%D0%BE%20%D0%BD%D0%B8%D0%B7%D1%83%20%D1%80%D1%8B%D0%BD%D0%BA%D0%B0&type=supergroup&lang=en; https://tg-cat.com/?search=%D0%BF%D0%BE%20%D0%BD%D0%B8%D0%B7%D1%83%20%D1%80%D1%8B%D0%BD%D0%BA%D0%B0&type=supergroup&lang=en,авто по низу рынка; по низу рынка
2026-07-05,Мототехника,Мототехника; Чаты купли-продажи,Не указано / другой регион,АВТО 🚘 АЛЬМЕТЬЕВСК | Авторынок Автомобили Мототехника З...,чат/группа,https://t.me/almetauto,almetauto,1481,"да, это чат/группа",неизвестно,В открытой web-карточке условия публикации не указаны.,не указаны в web-карточке,средний размер аудитории; фактическая активность постов/онлайн не проверена web-источником,не удалось проверить без Telegram API / просмотра t.me/s,"Добро пожаловать в сообщество «АВТО Альметьевск»! 🚘 Здесь вы найдёте всё, что связано с автомобилями и мототехникой: продажа автомобилей, запчастей, аксессуаров, шин и дисков. Мы объединяем люб",tg-cat public search,https://tg-cat.com/@almetauto,https://tg-cat.com/?search=%D0%BC%D0%BE%D1%82%D0%BE%D1%82%D0%B5%D1%85%D0%BD%D0%B8%D0%BA%D0%B0&type=supergroup&lang=en,мототехника
2026-07-05,Чаты купли-продажи,Чаты купли-продажи,Не указано / другой регион,Авто Продажа Атырау,чат/группа,https://t.me/avtoatyrau,avtoatyrau,1472,"да, это чат/группа",неизвестно,В открытой web-карточке условия публикации не указаны.,не указаны в web-карточке,средний размер аудитории; фактическая активность постов/онлайн не проверена web-источником,не удалось проверить без Telegram API / просмотра t.me/s,,tg-cat public search,https://tg-cat.com/@avtoatyrau,https://tg-cat.com/?search=%D0%BF%D1%80%D0%BE%D0%B4%D0%B0%D0%B6%D0%B0%20%D0%B0%D0%B2%D1%82%D0%BE&type=supergroup&lang=en,продажа авто
2026-07-05,Чаты купли-продажи,Чаты купли-продажи,Не указано / другой регион,Авторынок Альметьевска,канал,https://t.me/avto_almet,avto_almet,1461,не удалось проверить web-источником,по согласованию / неясно,"Есть контакт/упоминание размещения, но бесплатность не подтверждена.",не указаны в web-карточке,средний размер аудитории; фактическая активность постов/онлайн не проверена web-источником,не удалось проверить без Telegram API / просмотра t.me/s,🚗 Авторынок Альметьевска — твое решение для быстрой и безпроблемной продажи авто! 🛻 Размещай объявления и находи своих покупателей легко! Переходи по ссылке: https://vk.com/avto_almet.,tg-cat public search,https://tg-cat.com/@avto_almet,https://tg-cat.com/?search=%D0%B0%D0%B2%D1%82%D0%BE%D1%80%D1%8B%D0%BD%D0%BE%D0%BA&type=channel&lang=en,авторынок
2026-07-05,Обмен автомобилей,Обмен автомобилей; Чаты купли-продажи,Не указано / другой регион,Авто Рынок ПМР,чат/группа,https://t.me/avto_rinok_pmrr,avto_rinok_pmrr,1455,"да, это чат/группа",неизвестно,В открытой web-карточке условия публикации не указаны.,не указаны в web-карточке,средний размер аудитории; фактическая активность постов/онлайн не проверена web-источником,не удалось проверить без Telegram API / просмотра t.me/s,"🌟 Откройте для себя мир авто в Приднестровье! 🚗 Присоединяйтесь к Авторынку ПМР и найдите лучшие предложения для покупки, продажи или обмена автомобилей. Ваш идеальный автомобиль ждет вас! 💥",tg-cat public search,https://tg-cat.com/@avto_rinok_pmrr,https://tg-cat.com/?search=%D0%BE%D0%B1%D0%BC%D0%B5%D0%BD%20%D0%B0%D0%B2%D1%82%D0%BE%D0%BC%D0%BE%D0%B1%D0%B8%D0%BB%D0%B5%D0%B9&type=supergroup&lang=en,обмен автомобилей
2026-07-05,Чаты купли-продажи,Чаты купли-продажи,Не указано / другой регион,УФА АВТО | КУПИТЬ ПРОДАТЬ,чат/группа,https://t.me/ufa02auto,ufa02auto,1455,"да, это чат/группа",по согласованию / неясно,"Есть контакт/упоминание размещения, но бесплатность не подтверждена.",не указаны в web-карточке,средний размер аудитории; фактическая активность постов/онлайн не проверена web-источником,не удалось проверить без Telegram API / просмотра t.me/s,"Группа УФА АВТО предназначена для покупки и продажи автомобилей. Запрещены реклама, оскорбления, нецензурная лексика, политические и религиозные обсуждения. За нарушение правил предусмотрен бан. Администратор: @bor",tg-cat public search,https://tg-cat.com/@ufa02auto,https://tg-cat.com/?search=%D0%BA%D1%83%D0%BF%D0%B8%D1%82%D1%8C%20%D0%BF%D1%80%D0%BE%D0%B4%D0%B0%D1%82%D1%8C%20%D0%B0%D0%B2%D1%82%D0%BE&type=supergroup&lang=en; https://tg-cat.com/?search=%D0%BF%D1%80%D0%BE%D0%B4%D0%B0%D0%B6%D0%B0%20%D0%B0%D0%B2%D1%82%D0%BE&type=supergroup&lang=en,купить продать авто; продажа авто
2026-07-05,Чаты купли-продажи,Чаты купли-продажи,Не указано / другой регион,Купить продать авто. В Калачинске,чат/группа,https://t.me/bibika55rus,bibika55rus,1451,"да, это чат/группа",неизвестно,В открытой web-карточке условия публикации не указаны.,не указаны в web-карточке,средний размер аудитории; фактическая активность постов/онлайн не проверена web-источником,не удалось проверить без Telegram API / просмотра t.me/s,,tg-cat public search,https://tg-cat.com/@bibika55rus,https://tg-cat.com/?search=%D0%BA%D1%83%D0%BF%D0%B8%D1%82%D1%8C%20%D0%BF%D1%80%D0%BE%D0%B4%D0%B0%D1%82%D1%8C%20%D0%B0%D0%B2%D1%82%D0%BE&type=supergroup&lang=en,купить продать авто
2026-07-05,Авто ниже рынка,Авто ниже рынка; Чаты купли-продажи,Не указано / другой регион,БОРТЖУРНАЛ | АВТОРЫНОК - продать / купить / срочный вык...,чат/группа,https://t.me/autojournalrf_store,autojournalrf_store,1444,"да, это чат/группа",неизвестно,В открытой web-карточке условия публикации не указаны.,не указаны в web-карточке,средний размер аудитории; фактическая активность постов/онлайн не проверена web-источником,не удалось проверить без Telegram API / просмотра t.me/s,"🚗💰 Ищете, где выгодно купить или продать автомобиль? Бортжурнал ""Авторынок"" предлагает срочный автовыкуп и объявления о продаже авто по лучшим ценам! Присоединяйтесь к нам для выгодных предложений и сотрудничества",tg-cat public search,https://tg-cat.com/@autojournalrf_store,https://tg-cat.com/?search=%D0%B0%D0%B2%D1%82%D0%BE%20%D0%BF%D0%BE%20%D0%BD%D0%B8%D0%B7%D1%83%20%D1%80%D1%8B%D0%BD%D0%BA%D0%B0&type=supergroup&lang=en; https://tg-cat.com/?search=%D0%BF%D0%BE%20%D0%BD%D0%B8%D0%B7%D1%83%20%D1%80%D1%8B%D0%BD%D0%BA%D0%B0&type=supergroup&lang=en,авто по низу рынка; по низу рынка
2026-07-05,Мототехника,Мототехника; Чаты купли-продажи,Не указано / другой регион,⚙️Мото Барахолка⚙️Запорожской Области⚙️,чат/группа,https://t.me/motttomlt,motttomlt,1430,"да, это чат/группа",неизвестно,В открытой web-карточке условия публикации не указаны.,не указаны в web-карточке,средний размер аудитории; фактическая активность постов/онлайн не проверена web-источником,не удалось проверить без Telegram API / просмотра t.me/s,🚴‍♂️⚡️ Присоединяйтесь к Мото Барахолке Запорожской Области! 🏍️ Здесь вы сможете купить или продать мото-технику и запчасти. Не забудьте соблюдать правила: каждое объявление должно,tg-cat public search,https://tg-cat.com/@motttomlt,https://tg-cat.com/?search=%D0%BC%D0%BE%D1%82%D0%BE%20%D0%B1%D0%B0%D1%80%D0%B0%D1%85%D0%BE%D0%BB%D0%BA%D0%B0&type=supergroup&lang=en,мото барахолка
2026-07-05,Чаты купли-продажи,Чаты купли-продажи,Не указано / другой регион,"ВАРШАВА АВТО 🚘. Аренда, Купля, Продажа",чат/группа,https://t.me/autowawahelp,autowawahelp,1426,"да, это чат/группа",неизвестно,В открытой web-карточке условия публикации не указаны.,не указаны в web-карточке,средний размер аудитории; фактическая активность постов/онлайн не проверена web-источником,не удалось проверить без Telegram API / просмотра t.me/s,,tg-cat public search,https://tg-cat.com/@autowawahelp,https://tg-cat.com/?search=%D0%BA%D1%83%D0%BF%D0%BB%D1%8E%20%D0%BF%D1%80%D0%BE%D0%B4%D0%B0%D0%BC%20%D0%B0%D0%B2%D1%82%D0%BE&type=supergroup&lang=en,куплю продам авто
2026-07-05,Мототехника,Мототехника; Чаты купли-продажи,Не указано / другой регион,"Мото-Барахолка Токмак, Молочанск, Мелитополь, Бердянск",чат/группа,https://t.me/mototokmak,mototokmak,1421,"да, это чат/группа",неизвестно,В открытой web-карточке условия публикации не указаны.,не указаны в web-карточке,средний размер аудитории; фактическая активность постов/онлайн не проверена web-источником,не удалось проверить без Telegram API / просмотра t.me/s,"🚴‍♂️ Присоединяйтесь к обсуждению мото-техники на Барахолке в Токмаке, Молочанске, Мелитополе и Бердянске! Здесь можно найти всё для настоящих мотолюбителей.",tg-cat public search,https://tg-cat.com/@mototokmak,https://tg-cat.com/?search=%D0%BC%D0%BE%D1%82%D0%BE%20%D0%B1%D0%B0%D1%80%D0%B0%D1%85%D0%BE%D0%BB%D0%BA%D0%B0&type=supergroup&lang=en; https://tg-cat.com/?search=%D0%BC%D0%BE%D1%82%D0%BE%D1%82%D0%B5%D1%85%D0%BD%D0%B8%D0%BA%D0%B0&type=supergroup&lang=en,мото барахолка; мототехника
2026-07-05,Авто ниже рынка,Авто ниже рынка; Чаты купли-продажи,Россия / не указано точнее,АВТОРЫНОК ПЕРЕКУПЫ ТВЕРЬ,чат/группа,https://t.me/perecuptver,perecuptver,1420,"да, это чат/группа",неизвестно,В открытой web-карточке условия публикации не указаны.,не указаны в web-карточке,средний размер аудитории; фактическая активность постов/онлайн не проверена web-источником,не удалось проверить без Telegram API / просмотра t.me/s,"Добро пожаловать на нашу площадку ""Авторыинок Перекупы Тверь""! 🚗 Здесь вы найдете выгодные предложения по продаже автомобилей ниже рыночной цены! Мы предлагаем вам уникальную возможность приобрести авто с зазором от первых цен в России. Неважно,",tg-cat public search,https://tg-cat.com/@perecuptver,https://tg-cat.com/?search=%D0%B0%D0%B2%D1%82%D0%BE%20%D0%BD%D0%B8%D0%B6%D0%B5%20%D1%80%D1%8B%D0%BD%D0%BA%D0%B0&type=supergroup&lang=en; https://tg-cat.com/?search=%D0%BD%D0%B8%D0%B6%D0%B5%20%D1%80%D1%8B%D0%BD%D0%BA%D0%B0%20%D0%B0%D0%B2%D1%82%D0%BE&type=supergroup&lang=en,авто ниже рынка; ниже рынка авто
2026-07-05,Обмен автомобилей,Обмен автомобилей; Чаты купли-продажи,Не указано / другой регион,🇷🇺AVTOBARAHOLKA RUS🇷🇺,чат/группа,https://t.me/tachkiz,tachkiz,1395,"да, это чат/группа",неизвестно,В открытой web-карточке условия публикации не указаны.,не указаны в web-карточке,средний размер аудитории; фактическая активность постов/онлайн не проверена web-источником,не удалось проверить без Telegram API / просмотра t.me/s,"Добро пожаловать в мир AVTOBARAHOLKA RUS – вашего надежного помощника в мире автомобилей! Здесь вы сможете совершать покупки, продажи и обмены 🚗, а также находить всё необходимое для вашего авто: шины, диски, запчасти и аксесс",tg-cat public search,https://tg-cat.com/@tachkiz,https://tg-cat.com/?search=%D0%BE%D0%B1%D0%BC%D0%B5%D0%BD%20%D0%B0%D0%B2%D1%82%D0%BE%D0%BC%D0%BE%D0%B1%D0%B8%D0%BB%D0%B5%D0%B9&type=supergroup&lang=en,обмен автомобилей
2026-07-05,Мототехника,Мототехника; Чаты купли-продажи,Не указано / другой регион,"Продажа мото техники, экипировки, запчастей и аксессуар...",чат/группа,https://t.me/avitomoto,avitomoto,1391,"да, это чат/группа",неизвестно,В открытой web-карточке условия публикации не указаны.,не указаны в web-карточке,средний размер аудитории; фактическая активность постов/онлайн не проверена web-источником,не удалось проверить без Telegram API / просмотра t.me/s,Добро пожаловать в наше сообщество мотоциклистов и энтузиастов! Здесь вы найдете все для своего железного друга: от продажи мото техники и экипировки до запчастей и аксессуаров. У нас дурная изобилие объявлений и,tg-cat public search,https://tg-cat.com/@avitomoto,https://tg-cat.com/?search=%D0%BF%D1%80%D0%BE%D0%B4%D0%B0%D0%B6%D0%B0%20%D0%BC%D0%BE%D1%82%D0%BE&type=supergroup&lang=en,продажа мото
2026-07-05,Чаты купли-продажи,Чаты купли-продажи,Не указано / другой регион,Продажа авто Псков &quot;Барахолка&quot;,чат/группа,https://t.me/pskovgo60,pskovgo60,1364,"да, это чат/группа",неизвестно,В открытой web-карточке условия публикации не указаны.,не указаны в web-карточке,средний размер аудитории; фактическая активность постов/онлайн не проверена web-источником,не удалось проверить без Telegram API / просмотра t.me/s,,tg-cat public search,https://tg-cat.com/@pskovgo60,https://tg-cat.com/?search=%D0%B0%D0%B2%D1%82%D0%BE%20%D0%B1%D0%B0%D1%80%D0%B0%D1%85%D0%BE%D0%BB%D0%BA%D0%B0&type=supergroup&lang=en,авто барахолка
2026-07-05,Чаты купли-продажи,Чаты купли-продажи,Не указано / другой регион,Авто Кубань123/ бесплатные объявления о продаже автомоб...,канал,https://t.me/avtokyban123,avtokyban123,1360,не удалось проверить web-источником,да / есть указание в описании,В описании есть слово “бесплатно/бесплатная”.,не указаны в web-карточке,средний размер аудитории; фактическая активность постов/онлайн не проверена web-источником,не удалось проверить без Telegram API / просмотра t.me/s,🌟 Добро пожаловать в Авто Кубань123! 🌟 Это ваш надежный источник бесплатных объявлений о продаже автомобилей. В нашей группе вы можете легко разместить свое объявление о продаже или покупки автомобиля. 🚗 Хотите продать свой автомобиль? Просто поделитесь информа,tg-cat public search,https://tg-cat.com/@avtokyban123,https://tg-cat.com/?search=%D0%BF%D1%80%D0%BE%D0%B4%D0%B0%D0%B6%D0%B0%20%D0%B0%D0%B2%D1%82%D0%BE&type=channel&lang=en,продажа авто
2026-07-05,Чаты купли-продажи,Авто ниже рынка; Чаты купли-продажи,Не указано / другой регион,НИЖЕ РЫНКА УФА РБ🔥,канал,https://t.me/ufavito,ufavito,1347,не удалось проверить web-источником,неизвестно,В открытой web-карточке условия публикации не указаны.,не указаны в web-карточке,средний размер аудитории; фактическая активность постов/онлайн не проверена web-источником,не удалось проверить без Telegram API / просмотра t.me/s,"🔖 Добро пожаловать на канал ""НИЖЕ РЫНКА УФА РБ""! 🔖 🔥 Здесь мы занимаемся продажей и покупкой автомобилей в Уфе и Республике Башкортостан! 🔥 Если вы ищете, где выгодно продать свое",tg-cat public search,https://tg-cat.com/@ufavito,https://tg-cat.com/?search=%D0%BA%D1%83%D0%BF%D0%B8%D1%82%D1%8C%20%D0%BF%D1%80%D0%BE%D0%B4%D0%B0%D1%82%D1%8C%20%D0%B0%D0%B2%D1%82%D0%BE&type=channel&lang=en,купить продать авто
2026-07-05,Чаты купли-продажи,Чаты купли-продажи,Не указано / другой регион,Авто-Барахолка Белогорск,чат/группа,https://t.me/avtobaraholkabelogorsk,avtobaraholkabelogorsk,1336,"да, это чат/группа",неизвестно,В открытой web-карточке условия публикации не указаны.,не указаны в web-карточке,средний размер аудитории; фактическая активность постов/онлайн не проверена web-источником,не удалось проверить без Telegram API / просмотра t.me/s,,tg-cat public search,https://tg-cat.com/@avtobaraholkabelogorsk,https://tg-cat.com/?search=%D0%B0%D0%B2%D1%82%D0%BE%20%D0%B1%D0%B0%D1%80%D0%B0%D1%85%D0%BE%D0%BB%D0%BA%D0%B0&type=supergroup&lang=en,авто барахолка
2026-07-05,Чаты купли-продажи,Чаты купли-продажи,Не указано / другой регион,АВТО ПРОДАЖА,канал,https://t.me/AVTO_PRODAZJA,AVTO_PRODAZJA,1326,не удалось проверить web-источником,неизвестно,В открытой web-карточке условия публикации не указаны.,не указаны в web-карточке,средний размер аудитории; фактическая активность постов/онлайн не проверена web-источником,не удалось проверить без Telegram API / просмотра t.me/s,,tg-cat public search,https://tg-cat.com/@AVTO_PRODAZJA,https://tg-cat.com/?search=%D0%BF%D1%80%D0%BE%D0%B4%D0%B0%D0%B6%D0%B0%20%D0%B0%D0%B2%D1%82%D0%BE&type=channel&lang=en,продажа авто
2026-07-05,Обмен автомобилей,Обмен автомобилей,Не указано / другой регион,Луидор Эксперт - коммерческие и легковые авто с пробего...,канал,https://t.me/luidorexpert,luidorexpert,1263,не удалось проверить web-источником,неизвестно,В открытой web-карточке условия публикации не указаны.,не указаны в web-карточке,средний размер аудитории; фактическая активность постов/онлайн не проверена web-источником,не удалось проверить без Telegram API / просмотра t.me/s,"**Описание канала: Луидор Эксперт** Добро пожаловать на канал Луидор Эксперт! 🚗✨ Мы — ваш надежный партнер в мире автомобилей с пробегом. Независимо от того, ищете ли вы выгодный выкуп, обмен или продаж",tg-cat public search,https://tg-cat.com/@luidorexpert,https://tg-cat.com/?search=%D0%BE%D0%B1%D0%BC%D0%B5%D0%BD%20%D0%B0%D0%B2%D1%82%D0%BE%D0%BC%D0%BE%D0%B1%D0%B8%D0%BB%D0%B5%D0%B9&type=channel&lang=en,обмен автомобилей
2026-07-05,Чаты купли-продажи,Чаты купли-продажи,Не указано / другой регион,АВТО БАРАХОЛКА Мостовской,чат/группа,https://t.me/avtomoto_mostovske,avtomoto_mostovske,1248,"да, это чат/группа",да / есть указание в описании,В описании есть слово “бесплатно/бесплатная”.,не указаны в web-карточке,средний размер аудитории; фактическая активность постов/онлайн не проверена web-источником,не удалось проверить без Telegram API / просмотра t.me/s,"Добро пожаловать в «АВТО БАРАХОЛКУ Мостовской»! 🚗✨ Здесь вы найдете идеальное место для покупки и продажи б/у автозапчастей и автомобилей. Наша бесплатная группа создана для всех, кто хочет выгодно",tg-cat public search,https://tg-cat.com/@avtomoto_mostovske,https://tg-cat.com/?search=%D0%B0%D0%B2%D1%82%D0%BE%20%D0%B1%D0%B0%D1%80%D0%B0%D1%85%D0%BE%D0%BB%D0%BA%D0%B0&type=supergroup&lang=en,авто барахолка
2026-07-05,Авторынки Москвы,Чаты купли-продажи,Не указано / другой регион,Купить Авто с пробегом Продажа машина бу # Марки kia ки...,чат/группа,https://t.me/avto_kupit,avto_kupit,1248,"да, это чат/группа",неизвестно,В открытой web-карточке условия публикации не указаны.,не указаны в web-карточке,средний размер аудитории; фактическая активность постов/онлайн не проверена web-источником,не удалось проверить без Telegram API / просмотра t.me/s,"✨ Хотите приобрести подержанное авто? 🚗 В нашем чате вы найдете все, что нужно для успешной покупки! Мы предлагаем широкий выбор автомобилей с пробегом от популярных марок, таких как Киа, Хендай, Рено и Лада. 🌆 Независ",tg-cat public search,https://tg-cat.com/@avto_kupit,https://tg-cat.com/?search=%D0%BA%D1%83%D0%BF%D0%B8%D1%82%D1%8C%20%D0%BF%D1%80%D0%BE%D0%B4%D0%B0%D1%82%D1%8C%20%D0%B0%D0%B2%D1%82%D0%BE&type=supergroup&lang=en; https://tg-cat.com/?search=%D0%BF%D1%80%D0%BE%D0%B4%D0%B0%D0%B6%D0%B0%20%D0%B0%D0%B2%D1%82%D0%BE%20%D0%BC%D0%BE%D1%81%D0%BA%D0%B2%D0%B0&type=supergroup&lang=en,купить продать авто; продажа авто москва
2026-07-05,Мототехника,Мототехника; Чаты купли-продажи,Не указано / другой регион,🚗Авто мото рынок Кунашира🛻,чат/группа,https://t.me/avtomotoKunashir,avtomotoKunashir,1247,"да, это чат/группа",неизвестно,В открытой web-карточке условия публикации не указаны.,не указаны в web-карточке,средний размер аудитории; фактическая активность постов/онлайн не проверена web-источником,не удалось проверить без Telegram API / просмотра t.me/s,,tg-cat public search,https://tg-cat.com/@avtomotoKunashir,https://tg-cat.com/?search=%D0%BC%D0%BE%D1%82%D0%BE&type=supergroup&lang=en; https://tg-cat.com/?search=%D0%BF%D1%80%D0%BE%D0%B4%D0%B0%D0%B6%D0%B0%20%D0%BC%D0%BE%D1%82%D0%BE&type=supergroup&lang=en,мото; продажа мото
2026-07-05,Мототехника,Мототехника; Чаты купли-продажи,Не указано / другой регион,Авторынок Красноярск,канал,https://t.me/krasnoyarsk_24avto,krasnoyarsk_24avto,1238,не удалось проверить web-источником,неизвестно,В открытой web-карточке условия публикации не указаны.,@geo_krsk,средний размер аудитории; фактическая активность постов/онлайн не проверена web-источником,не удалось проверить без Telegram API / просмотра t.me/s,"Добро пожаловать на ""Авторынок Красноярск""! Здесь вы найдете всё для покупки и продажи автомобилей и мотоциклов, а также запчастей и сервисного обслуживания. 🚜🚗🛵 У вас есть вопросы? Пишите @geo_krsk!",tg-cat public search,https://tg-cat.com/@krasnoyarsk_24avto,https://tg-cat.com/?search=%D0%B0%D0%B2%D1%82%D0%BE%D1%80%D1%8B%D0%BD%D0%BE%D0%BA&type=channel&lang=en; https://tg-cat.com/?search=%D0%BC%D0%BE%D1%82%D0%BE&type=channel&lang=en; https://tg-cat.com/?search=%D0%BF%D1%80%D0%BE%D0%B4%D0%B0%D0%B6%D0%B0%20%D0%BC%D0%BE%D1%82%D0%BE&type=channel&lang=en,авторынок; мото; продажа мото
2026-07-05,Чаты купли-продажи,Чаты купли-продажи,Россия / не указано точнее,АВТОРЫНОК ВОЛГОГРАД ВОЛЖСКИЙ АСТРАХАНЬ,канал,https://t.me/avto45678,avto45678,1237,не удалось проверить web-источником,неизвестно,В открытой web-карточке условия публикации не указаны.,@AVTO_Z,средний размер аудитории; фактическая активность постов/онлайн не проверена web-источником,не удалось проверить без Telegram API / просмотра t.me/s,"🚗 **Автоплощадка Волгоград, Волжский, Астрахань** 🌟 Ищете, где выгодно купить или продать автомобиль в России? Мы здесь, чтобы помочь! Подайте объявление и получите максимальную выгоду: @AVTO_Z",tg-cat public search,https://tg-cat.com/@avto45678,https://tg-cat.com/?search=%D0%BA%D1%83%D0%BF%D0%B8%D1%82%D1%8C%20%D0%BF%D1%80%D0%BE%D0%B4%D0%B0%D1%82%D1%8C%20%D0%B0%D0%B2%D1%82%D0%BE&type=channel&lang=en,купить продать авто
2026-07-05,Чаты купли-продажи,Чаты купли-продажи,Не указано / другой регион,Продажа авто в Германии NRW,чат/группа,https://t.me/prodamavtonrw,prodamavtonrw,1208,"да, это чат/группа",неизвестно,В открытой web-карточке условия публикации не указаны.,не указаны в web-карточке,средний размер аудитории; фактическая активность постов/онлайн не проверена web-источником,не удалось проверить без Telegram API / просмотра t.me/s,,tg-cat public search,https://tg-cat.com/@prodamavtonrw,https://tg-cat.com/?search=%D0%BF%D1%80%D0%BE%D0%B4%D0%B0%D0%B6%D0%B0%20%D0%B0%D0%B2%D1%82%D0%BE&type=supergroup&lang=en,продажа авто
2026-07-05,Чаты купли-продажи,Чаты купли-продажи,Не указано / другой регион,Куплю-продам авто номера|Саратов и область,чат/группа,https://t.me/avtonomera64,avtonomera64,1207,"да, это чат/группа",неизвестно,В открытой web-карточке условия публикации не указаны.,не указаны в web-карточке,средний размер аудитории; фактическая активность постов/онлайн не проверена web-источником,не удалось проверить без Telegram API / просмотра t.me/s,,tg-cat public search,https://tg-cat.com/@avtonomera64,https://tg-cat.com/?search=%D0%BA%D1%83%D0%BF%D0%BB%D1%8E%20%D0%BF%D1%80%D0%BE%D0%B4%D0%B0%D0%BC%20%D0%B0%D0%B2%D1%82%D0%BE&type=supergroup&lang=en,куплю продам авто
2026-07-05,Чаты купли-продажи,Чаты купли-продажи,Не указано / другой регион,Абхаз 🚘 Авто,канал,https://t.me/abkhaziaauto,abkhaziaauto,1205,не удалось проверить web-источником,неизвестно,В открытой web-карточке условия публикации не указаны.,не указаны в web-карточке,средний размер аудитории; фактическая активность постов/онлайн не проверена web-источником,не удалось проверить без Telegram API / просмотра t.me/s,"🌟 Добро пожаловать на канал «Абхаз 🚘 Авто»! Здесь вы найдете лучшие предложения по покупке и продаже автомобилей, а также возможность снять или сдать недвижимость в живописной Абхазии. Не упустите шанс найти свой идеальный транспорт или комфортное жилье",tg-cat public search,https://tg-cat.com/@abkhaziaauto,https://tg-cat.com/?search=%D0%BA%D1%83%D0%BF%D0%B8%D1%82%D1%8C%20%D0%BF%D1%80%D0%BE%D0%B4%D0%B0%D1%82%D1%8C%20%D0%B0%D0%B2%D1%82%D0%BE&type=channel&lang=en,купить продать авто
2026-07-05,Чаты купли-продажи,Чаты купли-продажи,Не указано / другой регион,Продам/куплю авто,чат/группа,https://t.me/eurobandasale,eurobandasale,1205,"да, это чат/группа",неизвестно,В открытой web-карточке условия публикации не указаны.,не указаны в web-карточке,средний размер аудитории; фактическая активность постов/онлайн не проверена web-источником,не удалось проверить без Telegram API / просмотра t.me/s,,tg-cat public search,https://tg-cat.com/@eurobandasale,https://tg-cat.com/?search=%D0%BA%D1%83%D0%BF%D0%BB%D1%8E%20%D0%BF%D1%80%D0%BE%D0%B4%D0%B0%D0%BC%20%D0%B0%D0%B2%D1%82%D0%BE&type=supergroup&lang=en,куплю продам авто
2026-07-05,Чаты купли-продажи,Чаты купли-продажи,Не указано / другой регион,АВТОРЫНОК САНКТ-ПЕТЕРБУРГ,канал,https://t.me/avtorynok_sanktpeterburg,avtorynok_sanktpeterburg,1194,не удалось проверить web-источником,неизвестно,В открытой web-карточке условия публикации не указаны.,не указаны в web-карточке,средний размер аудитории; фактическая активность постов/онлайн не проверена web-источником,не удалось проверить без Telegram API / просмотра t.me/s,"Добро пожаловать на канал «Авторыночек Санкт-Петербург»! 🚗✨ Здесь вы найдете идеальные предложения для покупки, продажи или обмена автомобилей. Наша цель — сделать процесс максимально простым и удобным для вас! Хотите продать свою машину или найти новую? Мы пом",tg-cat public search,https://tg-cat.com/@avtorynok_sanktpeterburg,https://tg-cat.com/?search=%D0%BA%D1%83%D0%BF%D0%B8%D1%82%D1%8C%20%D0%BF%D1%80%D0%BE%D0%B4%D0%B0%D1%82%D1%8C%20%D0%B0%D0%B2%D1%82%D0%BE&type=channel&lang=en,купить продать авто
2026-07-05,Чаты купли-продажи,Чаты купли-продажи,Не указано / другой регион,АВТОРЫНОК КАЗАНЬ ПРОДАМ КУПЛЮ АРЕНДА РЫНОК АВТО АВТОМОБ...,чат/группа,https://t.me/avtokazan2022,avtokazan2022,1182,"да, это чат/группа",неизвестно,В открытой web-карточке условия публикации не указаны.,не указаны в web-карточке,средний размер аудитории; фактическая активность постов/онлайн не проверена web-источником,не удалось проверить без Telegram API / просмотра t.me/s,"Группа посвящена продаже и покупке автомобилей, аренде, а также запчастям в Казани и соседних городах, таких как Набережные Челны, Альметьевск, Бугуруслан и Елабуга.",tg-cat public search,https://tg-cat.com/@avtokazan2022,https://tg-cat.com/?search=%D0%BA%D1%83%D0%BF%D0%BB%D1%8E%20%D0%BF%D1%80%D0%BE%D0%B4%D0%B0%D0%BC%20%D0%B0%D0%B2%D1%82%D0%BE&type=supergroup&lang=en,куплю продам авто
2026-07-05,Мототехника,Мототехника; Чаты купли-продажи,Не указано / другой регион,МОТОЦИКЛЫ МОПЕДЫ,чат/группа,https://t.me/motogid,motogid,1131,"да, это чат/группа",неизвестно,В открытой web-карточке условия публикации не указаны.,@ua_b,средний размер аудитории; фактическая активность постов/онлайн не проверена web-источником,не удалось проверить без Telegram API / просмотра t.me/s,"Добро пожаловать в увлекательный мир мотоциклов и мопедов! Здесь вы найдете все необходимое для тех, кто ценит скорость и свободу передвижения. Хочется поделиться своими объявлениями? Легко! Просто добавьте их через @ua_b",tg-cat public search,https://tg-cat.com/@motogid,https://tg-cat.com/?search=%D0%BC%D0%BE%D1%82%D0%BE%D1%86%D0%B8%D0%BA%D0%BB%D1%8B&type=supergroup&lang=en,мотоциклы
2026-07-05,Обмен автомобилей,Обмен автомобилей; Чаты купли-продажи,Не указано / другой регион,АВТО УФА КУПИТЬ ПРОДАТЬ,чат/группа,https://t.me/automobileufa,automobileufa,1126,"да, это чат/группа",неизвестно,В открытой web-карточке условия публикации не указаны.,не указаны в web-карточке,средний размер аудитории; фактическая активность постов/онлайн не проверена web-источником,не удалось проверить без Telegram API / просмотра t.me/s,Добро пожаловать на АВТОРЫНОК УФА – ваше идеальное место для покупки и продажи автомобилей! 🚗💨 Здесь вы можете легко найти свою мечту на четырех колесах или выгодно продать свой автомобиль. Мы предлагаем широкий выбор: от новых машин до бит,tg-cat public search,https://tg-cat.com/@automobileufa,https://tg-cat.com/?search=%D0%BA%D1%83%D0%BF%D0%B8%D1%82%D1%8C%20%D0%BF%D1%80%D0%BE%D0%B4%D0%B0%D1%82%D1%8C%20%D0%B0%D0%B2%D1%82%D0%BE&type=supergroup&lang=en; https://tg-cat.com/?search=%D0%BE%D0%B1%D0%BC%D0%B5%D0%BD%20%D0%B0%D0%B2%D1%82%D0%BE%D0%BC%D0%BE%D0%B1%D0%B8%D0%BB%D0%B5%D0%B9&type=supergroup&lang=en; https://tg-cat.com/?search=%D0%BE%D0%B1%D0%BC%D0%B5%D0%BD%20%D0%B0%D0%B2%D1%82%D0%BE&type=supergroup&lang=en; https://tg-cat.com/?search=%D0%BF%D1%80%D0%BE%D0%B4%D0%B0%D0%B6%D0%B0%20%D0%B0%D0%B2%D1%82%D0%BE&type=supergroup&lang=en,купить продать авто; обмен авто; обмен автомобилей; продажа авто
2026-07-05,Мототехника,Мототехника; Чаты купли-продажи,Не указано / другой регион,Авто мото Турции,чат/группа,https://t.me/avtoturkey,avtoturkey,1115,"да, это чат/группа",неизвестно,В открытой web-карточке условия публикации не указаны.,@visit_turkey_ru,средний размер аудитории; фактическая активность постов/онлайн не проверена web-источником,не удалось проверить без Telegram API / просмотра t.me/s,"Группа ""Авто мото Турции"" посвящена продаже и покупке автомобилей и мототехники в Турции, а также общению на эти темы. Здесь обсуждаются автозапчасти и тюнинг. Для рекламы можно обращаться к @visit_turkey_ru.",tg-cat public search,https://tg-cat.com/@avtoturkey,https://tg-cat.com/?search=%D0%BC%D0%BE%D1%82%D0%BE%D1%82%D0%B5%D1%85%D0%BD%D0%B8%D0%BA%D0%B0&type=supergroup&lang=en,мототехника
2026-07-05,Чаты купли-продажи,Мототехника; Чаты купли-продажи,Россия / не указано точнее,АВТОРЫНОК РФ,чат/группа,https://t.me/avtorynok_rf,avtorynok_rf,1100,"да, это чат/группа",неизвестно,В открытой web-карточке условия публикации не указаны.,не указаны в web-карточке,средний размер аудитории; фактическая активность постов/онлайн не проверена web-источником,не удалось проверить без Telegram API / просмотра t.me/s,"🚗💰 Ищете, где купить или продать авто? На нашем авторынке ""Авто-Мото"" вы найдете легковые автомобили, мотоциклы, шины и запчасти! Заходите к нам и выберите лучшее предложение! Связь 👉",tg-cat public search,https://tg-cat.com/@avtorynok_rf,https://tg-cat.com/?search=%D0%B0%D0%B2%D1%82%D0%BE%D1%80%D1%8B%D0%BD%D0%BE%D0%BA&type=supergroup&lang=en,авторынок
2026-07-05,Чаты купли-продажи,Чаты купли-продажи,Не указано / другой регион,Продажа авто спб,чат/группа,https://t.me/autosalo,autosalo,1100,"да, это чат/группа",неизвестно,В открытой web-карточке условия публикации не указаны.,не указаны в web-карточке,средний размер аудитории; фактическая активность постов/онлайн не проверена web-источником,не удалось проверить без Telegram API / просмотра t.me/s,,tg-cat public search,https://tg-cat.com/@autosalo,https://tg-cat.com/?search=%D0%BF%D1%80%D0%BE%D0%B4%D0%B0%D0%B6%D0%B0%20%D0%B0%D0%B2%D1%82%D0%BE&type=supergroup&lang=en,продажа авто
2026-07-05,Чаты купли-продажи,Чаты купли-продажи,Не указано / другой регион,Мопеды-Авто Одесса купить продать,чат/группа,https://t.me/moneg_og_3,moneg_og_3,1099,"да, это чат/группа",неизвестно,В открытой web-карточке условия публикации не указаны.,не указаны в web-карточке,средний размер аудитории; фактическая активность постов/онлайн не проверена web-источником,не удалось проверить без Telegram API / просмотра t.me/s,"🚦💥 Присоединяйтесь к нашему чату ""Мопеды-Авто Одесса""! Здесь вы можете купить и продать мопеды, автомобили и запчасти. Помните правила: уважение — в приоритете, обсуждаем только темы по",tg-cat public search,https://tg-cat.com/@moneg_og_3,https://tg-cat.com/?search=%D0%BA%D1%83%D0%BF%D0%B8%D1%82%D1%8C%20%D0%BF%D1%80%D0%BE%D0%B4%D0%B0%D1%82%D1%8C%20%D0%B0%D0%B2%D1%82%D0%BE&type=supergroup&lang=en,купить продать авто
2026-07-05,Мототехника,Мототехника,Не указано / другой регион,МОТО БАЗАР,канал,https://t.me/motobazar_pro,motobazar_pro,1096,не удалось проверить web-источником,неизвестно,В открытой web-карточке условия публикации не указаны.,не указаны в web-карточке,средний размер аудитории; фактическая активность постов/онлайн не проверена web-источником,не удалось проверить без Telegram API / просмотра t.me/s,**МОТО БАЗАР** - ваше идеальное место для обмена информацией о мототехнике! Здесь вы можете найти все: от продажи и покупки мотоциклов до обсуждения деталей и новинок мира двухколесного транспорта. Хотите поделиться интересным постом,tg-cat public search,https://tg-cat.com/@motobazar_pro,https://tg-cat.com/?search=%D0%BC%D0%BE%D1%82%D0%BE&type=channel&lang=en,мото
2026-07-05,Авто ниже рынка,Авто ниже рынка; Чаты купли-продажи,Не указано / другой регион,🔥Авто (&#33;&#33;&#33;Ниже рынка&#33;&#33;&#33;)🔥,чат/группа,https://t.me/carsales24,carsales24,1094,"да, это чат/группа",неизвестно,В открытой web-карточке условия публикации не указаны.,не указаны в web-карточке,средний размер аудитории; фактическая активность постов/онлайн не проверена web-источником,не удалось проверить без Telegram API / просмотра t.me/s,🔥 Добро пожаловать в нашу уникальную группу по продаже и покупке автомобилей! 🚗 Здесь вы найдете авто с ценами ниже рыночных и предложения по самым первым ценам! 🇷🇺 Мы предлагаем широкий выбор: от автомобилей на разбор и битых до кредитных и лиз,tg-cat public search,https://tg-cat.com/@carsales24,https://tg-cat.com/?search=%D0%B0%D0%B2%D1%82%D0%BE%20%D0%BD%D0%B8%D0%B6%D0%B5%20%D1%80%D1%8B%D0%BD%D0%BA%D0%B0&type=supergroup&lang=en; https://tg-cat.com/?search=%D0%BD%D0%B8%D0%B6%D0%B5%20%D1%80%D1%8B%D0%BD%D0%BA%D0%B0%20%D0%B0%D0%B2%D1%82%D0%BE&type=supergroup&lang=en,авто ниже рынка; ниже рынка авто
2026-07-05,Мототехника,Мототехника,Не указано / другой регион,🏍ЮГ-МОТО / 🏎АВТО МЕЛИТОПОЛЬ,канал,https://t.me/melauto,melauto,1087,не удалось проверить web-источником,неизвестно,В открытой web-карточке условия публикации не указаны.,не указаны в web-карточке,средний размер аудитории; фактическая активность постов/онлайн не проверена web-источником,не удалось проверить без Telegram API / просмотра t.me/s,"Добро пожаловать на наш канал ""Продажа автомобилей Мелитополь""! Здесь вы найдете широкий выбор автомобилей, мотоциклов и квадроциклов. Мы расположены в сердце Мелитополя, на проспекте Богдана Хмельницкого 103/",tg-cat public search,https://tg-cat.com/@melauto,https://tg-cat.com/?search=%D0%BC%D0%BE%D1%82%D0%BE&type=channel&lang=en,мото
2026-07-05,Чаты купли-продажи,Чаты купли-продажи,Не указано / другой регион,🛞Авто-Барахолка Губкинский|89🛞,чат/группа,https://t.me/avtobaraholka89,avtobaraholka89,1079,"да, это чат/группа",неизвестно,В открытой web-карточке условия публикации не указаны.,не указаны в web-карточке,средний размер аудитории; фактическая активность постов/онлайн не проверена web-источником,не удалось проверить без Telegram API / просмотра t.me/s,,tg-cat public search,https://tg-cat.com/@avtobaraholka89,https://tg-cat.com/?search=%D0%B0%D0%B2%D1%82%D0%BE%20%D0%B1%D0%B0%D1%80%D0%B0%D1%85%D0%BE%D0%BB%D0%BA%D0%B0&type=supergroup&lang=en,авто барахолка
2026-07-05,Обмен автомобилей,Обмен автомобилей; Чаты купли-продажи,Не указано / другой регион,АВТОРЫНОК : КУПЦЫ УКРАИНА,чат/группа,https://t.me/avtomerchants,avtomerchants,1064,"да, это чат/группа",неизвестно,В открытой web-карточке условия публикации не указаны.,не указаны в web-карточке,средний размер аудитории; фактическая активность постов/онлайн не проверена web-источником,не удалось проверить без Telegram API / просмотра t.me/s,,tg-cat public search,https://tg-cat.com/@avtomerchants,https://tg-cat.com/?search=%D0%BE%D0%B1%D0%BC%D0%B5%D0%BD%20%D0%B0%D0%B2%D1%82%D0%BE%D0%BC%D0%BE%D0%B1%D0%B8%D0%BB%D0%B5%D0%B9&type=supergroup&lang=en,обмен автомобилей
2026-07-05,Чаты купли-продажи,Чаты купли-продажи,Не указано / другой регион,Купить / продать гос авто номера Адыгея Майкоп,чат/группа,https://t.me/nomeraadygeya,nomeraadygeya,1043,"да, это чат/группа",неизвестно,В открытой web-карточке условия публикации не указаны.,не указаны в web-карточке,средний размер аудитории; фактическая активность постов/онлайн не проверена web-источником,не удалось проверить без Telegram API / просмотра t.me/s,"Добро пожаловать в наше дружное сообщество, посвящённое покупке и продаже государственных автомобильных номеров в живописной Республике Адыгея, городе Майкоп! 🌟 Здесь вы найдёте красивые номера для вашего автомобиля, которые подчеркнут вашу индивидуальность и стиль",tg-cat public search,https://tg-cat.com/@nomeraadygeya,https://tg-cat.com/?search=%D0%BA%D1%83%D0%BF%D0%B8%D1%82%D1%8C%20%D0%BF%D1%80%D0%BE%D0%B4%D0%B0%D1%82%D1%8C%20%D0%B0%D0%B2%D1%82%D0%BE&type=supergroup&lang=en,купить продать авто
2026-07-05,Чаты купли-продажи,Чаты купли-продажи,Не указано / другой регион,Продажа авто Краснодар|СБ-АВТО,канал,https://t.me/buycarpro,buycarpro,1030,не удалось проверить web-источником,неизвестно,В открытой web-карточке условия публикации не указаны.,не указаны в web-карточке,средний размер аудитории; фактическая активность постов/онлайн не проверена web-источником,не удалось проверить без Telegram API / просмотра t.me/s,"Канал «СБ-АВТО» — ваш надежный источник по продаже автомобилей в Краснодаре! 🚗 Здесь вы найдете самые выгодные предложения с НДС, а также получите профессиональную консультацию по подбору авто из Кореи, Европы и Китая. Следите за нашими инс",tg-cat public search,https://tg-cat.com/@buycarpro,https://tg-cat.com/?search=%D0%BF%D1%80%D0%BE%D0%B4%D0%B0%D0%B6%D0%B0%20%D0%B0%D0%B2%D1%82%D0%BE&type=channel&lang=en,продажа авто
2026-07-05,Чаты купли-продажи,Чаты купли-продажи,Не указано / другой регион,Авторынок ЛНР | Авто Луганск,канал,https://t.me/avtorinok_181,avtorinok_181,1028,не удалось проверить web-источником,да / есть указание в описании,В описании есть слово “бесплатно/бесплатная”.,не указаны в web-карточке,средний размер аудитории; фактическая активность постов/онлайн не проверена web-источником,не удалось проверить без Telegram API / просмотра t.me/s,📢 Добро пожаловать на Авторынок ЛНР! 🚗 Здесь вы найдете самые актуальные объявления о продаже автомобилей в Луганске и Донецке. Бесплатные объявления с ценами и контактами – всё это просто и удобно! Не упустите возможность стать счастливым,tg-cat public search,https://tg-cat.com/@avtorinok_181,https://tg-cat.com/?search=%D0%B0%D0%B2%D1%82%D0%BE%D1%80%D1%8B%D0%BD%D0%BE%D0%BA&type=channel&lang=en,авторынок
2026-07-05,Чаты купли-продажи,Чаты купли-продажи,Не указано / другой регион,АВТО БАРАХОЛКА ОДЕССА,чат/группа,https://t.me/avto_odessaa,avto_odessaa,1010,"да, это чат/группа",неизвестно,В открытой web-карточке условия публикации не указаны.,не указаны в web-карточке,средний размер аудитории; фактическая активность постов/онлайн не проверена web-источником,не удалось проверить без Telegram API / просмотра t.me/s,,tg-cat public search,https://tg-cat.com/@avto_odessaa,https://tg-cat.com/?search=%D0%B0%D0%B2%D1%82%D0%BE%20%D0%B1%D0%B0%D1%80%D0%B0%D1%85%D0%BE%D0%BB%D0%BA%D0%B0&type=supergroup&lang=en,авто барахолка
2026-07-05,Обмен автомобилей,Обмен автомобилей; Чаты купли-продажи,Не указано / другой регион,Авторынок Якутска и Районы,чат/группа,https://t.me/autoyakutsk,autoyakutsk,1010,"да, это чат/группа",неизвестно,В открытой web-карточке условия публикации не указаны.,не указаны в web-карточке,средний размер аудитории; фактическая активность постов/онлайн не проверена web-источником,не удалось проверить без Telegram API / просмотра t.me/s,"🔥 Узнайте все о авторынке Якутска и окрестных районах! Присоединяйтесь к группе купли-продажи автомобилей: покупка, продажа, обмен и аренда – всё в одном месте! 🚗💨 Не упустите шанс! 👉",tg-cat public search,https://tg-cat.com/@autoyakutsk,https://tg-cat.com/?search=%D0%BE%D0%B1%D0%BC%D0%B5%D0%BD%20%D0%B0%D0%B2%D1%82%D0%BE%D0%BC%D0%BE%D0%B1%D0%B8%D0%BB%D0%B5%D0%B9&type=supergroup&lang=en,обмен автомобилей
2026-07-05,Обмен автомобилей,Мототехника; Обмен автомобилей; Чаты купли-продажи,Не указано / другой регион,🚗Авто-Мото-Вело-РынокМариуполь🏍,чат/группа,https://t.me/avtomotovelomariupol,avtomotovelomariupol,1007,"да, это чат/группа",да / есть указание в описании,В описании есть слово “бесплатно/бесплатная”.,не указаны в web-карточке,средний размер аудитории; фактическая активность постов/онлайн не проверена web-источником,не удалось проверить без Telegram API / просмотра t.me/s,Группа Авто-Мото-Вело-Рынок в Мариуполе посвящена обмену информацией о продаже и покупке транспортных средств и запчастей. Частные объявления бесплатны. Запрещен спам. Для размещения коммерческих объявлений следует обратиться к администра,tg-cat public search,https://tg-cat.com/@avtomotovelomariupol,https://tg-cat.com/?search=%D0%BA%D1%83%D0%BF%D0%BB%D1%8F%20%D0%BF%D1%80%D0%BE%D0%B4%D0%B0%D0%B6%D0%B0%20%D0%BE%D0%B1%D0%BC%D0%B5%D0%BD%20%D0%B0%D0%B2%D1%82%D0%BE&type=supergroup&lang=en,купля продажа обмен авто
2026-07-05,Обмен автомобилей,Обмен автомобилей,Не указано / другой регион,Авторынок ДНР/ЛНР,канал,https://t.me/AutoMarketDPR,AutoMarketDPR,1006,не удалось проверить web-источником,неизвестно,В открытой web-карточке условия публикации не указаны.,не указаны в web-карточке,средний размер аудитории; фактическая активность постов/онлайн не проверена web-источником,не удалось проверить без Telegram API / просмотра t.me/s,🚗 **АвтоМагнит ДНР/ЛНР** - ваш надежный помощник в мире автомобилей! Здесь вы найдете лучшие предложения по продаже и обмену авто в Донецкой области. Не упустите шанс разместить свое объявление или прорекламировать свой авто – пиш,tg-cat public search,https://tg-cat.com/@AutoMarketDPR,https://tg-cat.com/?search=%D0%BE%D0%B1%D0%BC%D0%B5%D0%BD%20%D0%B0%D0%B2%D1%82%D0%BE%D0%BC%D0%BE%D0%B1%D0%B8%D0%BB%D0%B5%D0%B9&type=channel&lang=en; https://tg-cat.com/?search=%D0%BE%D0%B1%D0%BC%D0%B5%D0%BD%20%D0%B0%D0%B2%D1%82%D0%BE&type=channel&lang=en,обмен авто; обмен автомобилей
2026-07-05,Чаты купли-продажи,Чаты купли-продажи,Не указано / другой регион,Авторынок Донецк ДНР,канал,https://t.me/autorynok_dnr_russia,autorynok_dnr_russia,1006,не удалось проверить web-источником,неизвестно,В открытой web-карточке условия публикации не указаны.,не указаны в web-карточке,средний размер аудитории; фактическая активность постов/онлайн не проверена web-источником,не удалось проверить без Telegram API / просмотра t.me/s,🚗 Авторынок Донецка (ДНР) — это ваш шанс продать или купить автомобиль легко и быстро! Присоединяйтесь к самому крупному авторынку в Telegram и откройте для себя лучшие предложения в ДНР и ЛНР! 🔥🇷🇺,tg-cat public search,https://tg-cat.com/@autorynok_dnr_russia,https://tg-cat.com/?search=%D0%B0%D0%B2%D1%82%D0%BE%D1%80%D1%8B%D0%BD%D0%BE%D0%BA&type=channel&lang=en,авторынок
2026-07-05,Чаты купли-продажи,Чаты купли-продажи,Не указано / другой регион,Легкові Авто Купля/Продаж🇺🇦UBC,чат/группа,https://t.me/buysellcarubc,buysellcarubc,1001,"да, это чат/группа",неизвестно,В открытой web-карточке условия публикации не указаны.,не указаны в web-карточке,средний размер аудитории; фактическая активность постов/онлайн не проверена web-источником,не удалось проверить без Telegram API / просмотра t.me/s,,tg-cat public search,https://tg-cat.com/@buysellcarubc,https://tg-cat.com/?search=%D0%BA%D1%83%D0%BF%D0%BB%D1%8E%20%D0%BF%D1%80%D0%BE%D0%B4%D0%B0%D0%BC%20%D0%B0%D0%B2%D1%82%D0%BE&type=supergroup&lang=en,куплю продам авто
2026-07-05,Чаты купли-продажи,Чаты купли-продажи,Не указано / другой регион,"Авто под такси #тпч team / аренда, продажа, покупка",канал,https://t.me/spb_renta,spb_renta,997,не удалось проверить web-источником,неизвестно,В открытой web-карточке условия публикации не указаны.,@supp,малый размер аудитории; фактическая активность постов/онлайн не проверена web-источником,не удалось проверить без Telegram API / просмотра t.me/s,"🚖 Добро пожаловать на канал ""Авто под такси #тпч team""! Здесь вы найдете лучшие предложения по аренде, продаже и покупке автомобилей для такси как от частников, так и от парков. Хотите добавить свое авто в нашу базу? Пишите @supp",tg-cat public search,https://tg-cat.com/@spb_renta,https://tg-cat.com/?search=%D0%BF%D1%80%D0%BE%D0%B4%D0%B0%D0%B6%D0%B0%20%D0%B0%D0%B2%D1%82%D0%BE&type=channel&lang=en,продажа авто
2026-07-05,Мототехника,Мототехника; Чаты купли-продажи,Не указано / другой регион,МоТо БараХолка МСФ,чат/группа,https://t.me/motobaraholka_msf,motobaraholka_msf,989,"да, это чат/группа",неизвестно,В открытой web-карточке условия публикации не указаны.,не указаны в web-карточке,малый размер аудитории; фактическая активность постов/онлайн не проверена web-источником,не удалось проверить без Telegram API / просмотра t.me/s,,tg-cat public search,https://tg-cat.com/@motobaraholka_msf,https://tg-cat.com/?search=%D0%BC%D0%BE%D1%82%D0%BE%20%D0%B1%D0%B0%D1%80%D0%B0%D1%85%D0%BE%D0%BB%D0%BA%D0%B0&type=supergroup&lang=en,мото барахолка
2026-07-05,Чаты купли-продажи,Чаты купли-продажи,Не указано / другой регион,"👉 Автобазар, объявления. Купить/продать автомобиль в Ук...",чат/группа,https://t.me/avtobazarinua,avtobazarinua,982,"да, это чат/группа",неизвестно,В открытой web-карточке условия публикации не указаны.,не указаны в web-карточке,малый размер аудитории; фактическая активность постов/онлайн не проверена web-источником,не удалось проверить без Telegram API / просмотра t.me/s,,tg-cat public search,https://tg-cat.com/@avtobazarinua,https://tg-cat.com/?search=%D0%BA%D1%83%D0%BF%D0%B8%D1%82%D1%8C%20%D0%BF%D1%80%D0%BE%D0%B4%D0%B0%D1%82%D1%8C%20%D0%B0%D0%B2%D1%82%D0%BE&type=supergroup&lang=en,купить продать авто
2026-07-05,Мототехника,Мототехника; Чаты купли-продажи,Не указано / другой регион,СССР МОТО БАРАХОЛКА🏍️🏍️,чат/группа,https://t.me/mlt_doraholka,mlt_doraholka,978,"да, это чат/группа",неизвестно,В открытой web-карточке условия публикации не указаны.,не указаны в web-карточке,малый размер аудитории; фактическая активность постов/онлайн не проверена web-источником,не удалось проверить без Telegram API / просмотра t.me/s,,tg-cat public search,https://tg-cat.com/@mlt_doraholka,https://tg-cat.com/?search=%D0%BC%D0%BE%D1%82%D0%BE%20%D0%B1%D0%B0%D1%80%D0%B0%D1%85%D0%BE%D0%BB%D0%BA%D0%B0&type=supergroup&lang=en; https://tg-cat.com/?search=%D0%BC%D0%BE%D1%82%D0%BE&type=supergroup&lang=en; https://tg-cat.com/?search=%D0%BF%D1%80%D0%BE%D0%B4%D0%B0%D0%B6%D0%B0%20%D0%BC%D0%BE%D1%82%D0%BE&type=supergroup&lang=en,мото; мото барахолка; продажа мото
2026-07-05,Мототехника,Мототехника; Чаты купли-продажи,Не указано / другой регион,Мото барахолка Сочи🌴,чат/группа,https://t.me/motoshopsochi,motoshopsochi,977,"да, это чат/группа",неизвестно,В открытой web-карточке условия публикации не указаны.,не указаны в web-карточке,малый размер аудитории; фактическая активность постов/онлайн не проверена web-источником,не удалось проверить без Telegram API / просмотра t.me/s,,tg-cat public search,https://tg-cat.com/@motoshopsochi,https://tg-cat.com/?search=%D0%BC%D0%BE%D1%82%D0%BE%20%D0%B1%D0%B0%D1%80%D0%B0%D1%85%D0%BE%D0%BB%D0%BA%D0%B0&type=supergroup&lang=en,мото барахолка
2026-07-05,Обмен автомобилей,Мототехника; Обмен автомобилей; Чаты купли-продажи,Не указано / другой регион,Авто 🚗 Донецк Макеевка ДНР DNR: купи/продай/обмен/разбо...,чат/группа,https://t.me/dn_avto,dn_avto,976,"да, это чат/группа",неизвестно,В открытой web-карточке условия публикации не указаны.,не указаны в web-карточке,малый размер аудитории; фактическая активность постов/онлайн не проверена web-источником,не удалось проверить без Telegram API / просмотра t.me/s,"Группа ""Донецк Авто"" предлагает услуги по купле, продаже и обмену автомобилей, мотоциклов и велосипедов, а также запчастей и услуг по ремонту и шиномонтажу в Донецке и Макеевке ДНР. Также присутств",tg-cat public search,https://tg-cat.com/@dn_avto,https://tg-cat.com/?search=%D0%BA%D1%83%D0%BF%D0%BB%D1%8E%20%D0%BF%D1%80%D0%BE%D0%B4%D0%B0%D0%BC%20%D0%B0%D0%B2%D1%82%D0%BE&type=supergroup&lang=en; https://tg-cat.com/?search=%D0%BE%D0%B1%D0%BC%D0%B5%D0%BD%20%D0%B0%D0%B2%D1%82%D0%BE&type=supergroup&lang=en,куплю продам авто; обмен авто
2026-07-05,Мототехника,Мототехника; Чаты купли-продажи,Не указано / другой регион,САМУИ аренда байка мотоцикла продажа,чат/группа,https://t.me/zglobalmoto,zglobalmoto,964,"да, это чат/группа",неизвестно,В открытой web-карточке условия публикации не указаны.,не указаны в web-карточке,малый размер аудитории; фактическая активность постов/онлайн не проверена web-источником,не удалось проверить без Telegram API / просмотра t.me/s,🌟 Добро пожаловать в мир захватывающих путешествий на Самуи и Пангане! 🌟 Ищете идеальный байк или мотоцикл для незабываемых прогулок по этим живописным островам? Мы рады предложить вам аренду,tg-cat public search,https://tg-cat.com/@zglobalmoto,https://tg-cat.com/?search=%D0%BC%D0%BE%D1%82%D0%BE%D1%86%D0%B8%D0%BA%D0%BB%D1%8B&type=supergroup&lang=en,мотоциклы
2026-07-05,Чаты купли-продажи,Чаты купли-продажи,Не указано / другой регион,"MW &quot;Банки&quot;, Одежда Купля-Продажа, амуниция, п...",чат/группа,https://t.me/mwamun,mwamun,950,"да, это чат/группа",неизвестно,В открытой web-карточке условия публикации не указаны.,не указаны в web-карточке,малый размер аудитории; фактическая активность постов/онлайн не проверена web-источником,не удалось проверить без Telegram API / просмотра t.me/s,"Ищете всё для охоты и активного отдыха? В нашем чате обсуждаем куплю-продажу одежды, амуниции, охотничьих товаров и автотехники! Присоединяйтесь к нам, чтобы найти всё необходимое для успешной ох",tg-cat public search,https://tg-cat.com/@mwamun,https://tg-cat.com/?search=%D0%BA%D1%83%D0%BF%D0%BB%D1%8E%20%D0%BF%D1%80%D0%BE%D0%B4%D0%B0%D0%BC%20%D0%B0%D0%B2%D1%82%D0%BE&type=supergroup&lang=en,куплю продам авто
2026-07-05,Чаты купли-продажи,Чаты купли-продажи,Не указано / другой регион,Продажа Авто и номеров,канал,https://t.me/prodajaavtoinomerov,prodajaavtoinomerov,944,не удалось проверить web-источником,неизвестно,В открытой web-карточке условия публикации не указаны.,не указаны в web-карточке,малый размер аудитории; фактическая активность постов/онлайн не проверена web-источником,не удалось проверить без Telegram API / просмотра t.me/s,"👋 Привет всем автолюбителям! Добро пожаловать на наш канал, где мечты о собственном автомобиле становятся реальностью! 🚘 Мы специализируемся на продаже и покупке авто, а также на блатных номерах, которые добавят уникальности вашему транспорт",tg-cat public search,https://tg-cat.com/@prodajaavtoinomerov,https://tg-cat.com/?search=%D0%BF%D1%80%D0%BE%D0%B4%D0%B0%D0%B6%D0%B0%20%D0%B0%D0%B2%D1%82%D0%BE&type=channel&lang=en,продажа авто
2026-07-05,Мототехника,Мототехника; Обмен автомобилей; Чаты купли-продажи,Не указано / другой регион,КУПИТЬ/ ПРОДАТЬ НОМЕРА (ГРЗ) ТАТАРСТАН. ГРУППА ТОП1 РТ.,чат/группа,https://t.me/top_nomber_one,top_nomber_one,943,"да, это чат/группа",неизвестно,В открытой web-карточке условия публикации не указаны.,не указаны в web-карточке,малый размер аудитории; фактическая активность постов/онлайн не проверена web-источником,не удалось проверить без Telegram API / просмотра t.me/s,"Добро пожаловать в сообщество «Купить/Продать нумера (ГРЗ) Татарстан» — ваша первая остановка для всех, кто заинтересован в приобретении, продаже или обмене автомобильных и мотоциклетных номеров! 🚗🏍️ Мы",tg-cat public search,https://tg-cat.com/@top_nomber_one,https://tg-cat.com/?search=%D0%BE%D0%B1%D0%BC%D0%B5%D0%BD%20%D0%B0%D0%B2%D1%82%D0%BE&type=supergroup&lang=en; https://tg-cat.com/?search=%D0%BF%D1%80%D0%BE%D0%B4%D0%B0%D0%B6%D0%B0%20%D0%BC%D0%BE%D1%82%D0%BE&type=supergroup&lang=en,обмен авто; продажа мото
2026-07-05,Чаты купли-продажи,Чаты купли-продажи,Не указано / другой регион,"Польша Аренда Авто, Продажа Авто. Вроцлав",чат/группа,https://t.me/autocarnewrent,autocarnewrent,938,"да, это чат/группа",неизвестно,В открытой web-карточке условия публикации не указаны.,не указаны в web-карточке,малый размер аудитории; фактическая активность постов/онлайн не проверена web-источником,не удалось проверить без Telegram API / просмотра t.me/s,"Группа посвящена продаже и аренде автомобилей (новых и подержанных) во Вроцлаве, Польша. Предоставляется помощь в прохождении ТО без участия автомобиля. Также доступны вакансии в сервисах Bolt, Free-Now, Uber и Opti. Объявления",tg-cat public search,https://tg-cat.com/@autocarnewrent,https://tg-cat.com/?search=%D0%BF%D1%80%D0%BE%D0%B4%D0%B0%D0%B6%D0%B0%20%D0%B0%D0%B2%D1%82%D0%BE&type=supergroup&lang=en,продажа авто
2026-07-05,Чаты купли-продажи,Чаты купли-продажи,Не указано / другой регион,КУПЛЮ ПРОДАМ АВТО ТАМБОВ Chat,чат/группа,https://t.me/tambovavtochat,tambovavtochat,929,"да, это чат/группа",неизвестно,В открытой web-карточке условия публикации не указаны.,не указаны в web-карточке,малый размер аудитории; фактическая активность постов/онлайн не проверена web-источником,не удалось проверить без Telegram API / просмотра t.me/s,,tg-cat public search,https://tg-cat.com/@tambovavtochat,https://tg-cat.com/?search=%D0%BA%D1%83%D0%BF%D0%BB%D1%8E%20%D0%BF%D1%80%D0%BE%D0%B4%D0%B0%D0%BC%20%D0%B0%D0%B2%D1%82%D0%BE&type=supergroup&lang=en,куплю продам авто
2026-07-05,Чаты купли-продажи,Чаты купли-продажи,Не указано / другой регион,Про Авто | Авто продажа,канал,https://t.me/avtochech,avtochech,921,не удалось проверить web-источником,неизвестно,В открытой web-карточке условия публикации не указаны.,не указаны в web-карточке,малый размер аудитории; фактическая активность постов/онлайн не проверена web-источником,не удалось проверить без Telegram API / просмотра t.me/s,"🌟 Добро пожаловать на наш канал «Про Авто»! 🚗 Здесь мы - группа номер 1 по продажам автомобилей, и у нас для вас масса интересной информации! Мы обсуждаем все, что касается автомобилей, и будем рады поделиться с вами полезными советами,",tg-cat public search,https://tg-cat.com/@avtochech,https://tg-cat.com/?search=%D0%BF%D1%80%D0%BE%D0%B4%D0%B0%D0%B6%D0%B0%20%D0%B0%D0%B2%D1%82%D0%BE&type=channel&lang=en,продажа авто
2026-07-05,Чаты купли-продажи,Чаты купли-продажи,Не указано / другой регион,ЛЕНСК 🌐КУПИ💰 ПРОДАЙ📢,канал,https://t.me/lensk_kypi_prodai,lensk_kypi_prodai,893,не удалось проверить web-источником,неизвестно,В открытой web-карточке условия публикации не указаны.,не указаны в web-карточке,малый размер аудитории; фактическая активность постов/онлайн не проверена web-источником,не удалось проверить без Telegram API / просмотра t.me/s,"🌟 Добро пожаловать на канал ЛЕНСК! 🌟 Здесь вы найдете все необходимое для комфортной жизни в городе Ленск: разместите свои объявления, найдите работу или предложите услуги. 🛍️ Узнайте о недвижимости, автомобилях и выгодной купле-пр",tg-cat public search,https://tg-cat.com/@lensk_kypi_prodai,https://tg-cat.com/?search=%D0%BA%D1%83%D0%BF%D0%BB%D1%8E%20%D0%BF%D1%80%D0%BE%D0%B4%D0%B0%D0%BC%20%D0%B0%D0%B2%D1%82%D0%BE&type=channel&lang=en,куплю продам авто
2026-07-05,Авто ниже рынка,Авто ниже рынка,Не указано / другой регион,@BUY_CAR_TULA 💰АВТО НИЖЕ РЫНКА💰,канал,https://t.me/buy_car_tula,buy_car_tula,885,не удалось проверить web-источником,неизвестно,В открытой web-карточке условия публикации не указаны.,@BUY_CAR_TULA,малый размер аудитории; фактическая активность постов/онлайн не проверена web-источником,не удалось проверить без Telegram API / просмотра t.me/s,"🚗💰 Добро пожаловать на канал @BUY_CAR_TULA! Здесь вы найдете уникальные предложения по покупке автомобилей ниже рыночной цены. Мы работаем круглосуточно и готовы выкупить ваш авто в день обращения! Неважно, в каком состоянии находится ваша машина",tg-cat public search,https://tg-cat.com/@buy_car_tula,https://tg-cat.com/?search=%D0%B0%D0%B2%D1%82%D0%BE%20%D0%BD%D0%B8%D0%B6%D0%B5%20%D1%80%D1%8B%D0%BD%D0%BA%D0%B0&type=channel&lang=en; https://tg-cat.com/?search=%D0%B0%D0%B2%D1%82%D0%BE%20%D0%BF%D0%BE%20%D0%BD%D0%B8%D0%B7%D1%83%20%D1%80%D1%8B%D0%BD%D0%BA%D0%B0&type=channel&lang=en; https://tg-cat.com/?search=%D0%BD%D0%B8%D0%B6%D0%B5%20%D1%80%D1%8B%D0%BD%D0%BA%D0%B0%20%D0%B0%D0%B2%D1%82%D0%BE&type=channel&lang=en; https://tg-cat.com/?search=%D0%BF%D0%BE%20%D0%BD%D0%B8%D0%B7%D1%83%20%D1%80%D1%8B%D0%BD%D0%BA%D0%B0&type=channel&lang=en,авто ниже рынка; авто по низу рынка; ниже рынка авто; по низу рынка
2026-07-05,Обмен автомобилей,Обмен автомобилей; Чаты купли-продажи,Не указано / другой регион,Клуб владельцев HOWO | ХОВО,чат/группа,https://t.me/howo_china,howo_china,884,"да, это чат/группа",неизвестно,В открытой web-карточке условия публикации не указаны.,не указаны в web-карточке,малый размер аудитории; фактическая активность постов/онлайн не проверена web-источником,не удалось проверить без Telegram API / просмотра t.me/s,"Клуб любителей HOWO / ХОВО предлагает информацию о спецтехнике и грузовиках, негабаритных перевозках, запчастях, лизинге, аренде и продаже спецтехники. Дополнительные услуги и реклама доступны по указанным",tg-cat public search,https://tg-cat.com/@howo_china,https://tg-cat.com/?search=%D0%BE%D0%B1%D0%BC%D0%B5%D0%BD%20%D0%B0%D0%B2%D1%82%D0%BE%D0%BC%D0%BE%D0%B1%D0%B8%D0%BB%D0%B5%D0%B9&type=supergroup&lang=en,обмен автомобилей
2026-07-05,Чаты купли-продажи,Чаты купли-продажи,Не указано / другой регион,Купить / продать гос авто номера Уфа Башкортостан,чат/группа,https://t.me/nomeraufa,nomeraufa,872,"да, это чат/группа",неизвестно,В открытой web-карточке условия публикации не указаны.,не указаны в web-карточке,малый размер аудитории; фактическая активность постов/онлайн не проверена web-источником,не удалось проверить без Telegram API / просмотра t.me/s,"Купить и продать красивые госавто номера в Уфе, Башкортостан.",tg-cat public search,https://tg-cat.com/@nomeraufa,https://tg-cat.com/?search=%D0%BA%D1%83%D0%BF%D0%B8%D1%82%D1%8C%20%D0%BF%D1%80%D0%BE%D0%B4%D0%B0%D1%82%D1%8C%20%D0%B0%D0%B2%D1%82%D0%BE&type=supergroup&lang=en,купить продать авто
2026-07-05,Чаты купли-продажи,Чаты купли-продажи,Не указано / другой регион,Барахолка Авто Запчастини США,чат/группа,https://t.me/autozapusa,autozapusa,868,"да, это чат/группа",по согласованию / неясно,"Есть контакт/упоминание размещения, но бесплатность не подтверждена.","@g_andrii, @Golius",малый размер аудитории; фактическая активность постов/онлайн не проверена web-источником,не удалось проверить без Telegram API / просмотра t.me/s,"Группа ""Барахолка Авто Запчастини США"" предназначена для поиска, покупки и продажи автомобильных запчастей, расходных материалов и аксессуаров. Администраторы: @g_andrii и @Golius.",tg-cat public search,https://tg-cat.com/@autozapusa,https://tg-cat.com/?search=%D0%B0%D0%B2%D1%82%D0%BE%20%D0%B1%D0%B0%D1%80%D0%B0%D1%85%D0%BE%D0%BB%D0%BA%D0%B0&type=supergroup&lang=en,авто барахолка
2026-07-05,Авто ниже рынка,Авто ниже рынка; Чаты купли-продажи,Не указано / другой регион,Продажа КМ,чат/группа,https://t.me/prodagakm,prodagakm,862,"да, это чат/группа",неизвестно,В открытой web-карточке условия публикации не указаны.,не указаны в web-карточке,малый размер аудитории; фактическая активность постов/онлайн не проверена web-источником,не удалось проверить без Telegram API / просмотра t.me/s,"Добро пожаловать в наше сообщество, посвященное продаже имущества банкротов! Здесь вы найдете уникальные объявления с ценами ниже рыночных на автомобили, недвижимость и многое другое из разных уголков страны. Если вы хотите выгодно приобрести активы или просто следить за предложениями",tg-cat public search,https://tg-cat.com/@prodagakm,https://tg-cat.com/?search=%D0%B0%D0%B2%D1%82%D0%BE%20%D0%BD%D0%B8%D0%B6%D0%B5%20%D1%80%D1%8B%D0%BD%D0%BA%D0%B0&type=supergroup&lang=en; https://tg-cat.com/?search=%D0%BD%D0%B8%D0%B6%D0%B5%20%D1%80%D1%8B%D0%BD%D0%BA%D0%B0%20%D0%B0%D0%B2%D1%82%D0%BE&type=supergroup&lang=en,авто ниже рынка; ниже рынка авто
2026-07-05,Мототехника,Мототехника; Чаты купли-продажи,Россия / не указано точнее,"Авто-Мир Авторынок, продажа, покупка авто ДНР, ЛНР, Нов...",чат/группа,https://t.me/avto_mir_dnr,avto_mir_dnr,826,"да, это чат/группа",неизвестно,В открытой web-карточке условия публикации не указаны.,не указаны в web-карточке,малый размер аудитории; фактическая активность постов/онлайн не проверена web-источником,не удалось проверить без Telegram API / просмотра t.me/s,"Добро пожаловать в ""Авто-Мир"" — идеальное место для всех, кто ищет продажу и покупку автомобилей в ДНР, ЛНР и Новороссии! 🇷🇺 Наша платформа предлагает широкий ассортимент услуг: от продажи легковых автомобилей до спецт",tg-cat public search,https://tg-cat.com/@avto_mir_dnr,https://tg-cat.com/?search=%D0%BC%D0%BE%D1%82%D0%BE%D1%82%D0%B5%D1%85%D0%BD%D0%B8%D0%BA%D0%B0&type=supergroup&lang=en; https://tg-cat.com/?search=%D0%BF%D1%80%D0%BE%D0%B4%D0%B0%D0%B6%D0%B0%20%D0%B0%D0%B2%D1%82%D0%BE&type=supergroup&lang=en,мототехника; продажа авто
2026-07-05,Обмен автомобилей,Обмен автомобилей; Чаты купли-продажи,Не указано / другой регион,Продажа авто премиум класса- Auto4Living,канал,https://t.me/auto4living,auto4living,816,не удалось проверить web-источником,неизвестно,В открытой web-карточке условия публикации не указаны.,не указаны в web-карточке,малый размер аудитории; фактическая активность постов/онлайн не проверена web-источником,не удалось проверить без Telegram API / просмотра t.me/s,"🌟 Добро пожаловать на канал Auto4Living! Здесь мы делаем мир премиум автомобилей доступным для вас! 🚗✨ Хотите быстро продать, выкупить или обменять свой автомобиль? Мы поможем вам в этом за считанные дни! Свяжитесь",tg-cat public search,https://tg-cat.com/@auto4living,https://tg-cat.com/?search=%D0%BE%D0%B1%D0%BC%D0%B5%D0%BD%20%D0%B0%D0%B2%D1%82%D0%BE%D0%BC%D0%BE%D0%B1%D0%B8%D0%BB%D0%B5%D0%B9&type=channel&lang=en; https://tg-cat.com/?search=%D0%BF%D1%80%D0%BE%D0%B4%D0%B0%D0%B6%D0%B0%20%D0%B0%D0%B2%D1%82%D0%BE&type=channel&lang=en,обмен автомобилей; продажа авто
2026-07-05,Обмен автомобилей,Авто ниже рынка; Обмен автомобилей; Чаты купли-продажи,Не указано / другой регион,АВТОРЫНОК УФА БАШКОРТОСТАН ПЕРЕКУПЫ,чат/группа,https://t.me/avtokypi,avtokypi,815,"да, это чат/группа",неизвестно,В открытой web-карточке условия публикации не указаны.,не указаны в web-карточке,малый размер аудитории; фактическая активность постов/онлайн не проверена web-источником,не удалось проверить без Telegram API / просмотра t.me/s,"🚗 Добро пожаловать в сообщество ""Авторынок Уфа Башкортостан"" — ваше надежное пространство для покупки и продажи автомобилей! 🎉 Здесь вы найдете все, что нужно для успешной сделки: от продажи и покупки автомобилей до обмена и разборки бит",tg-cat public search,https://tg-cat.com/@avtokypi,https://tg-cat.com/?search=%D0%BE%D0%B1%D0%BC%D0%B5%D0%BD%20%D0%B0%D0%B2%D1%82%D0%BE%D0%BC%D0%BE%D0%B1%D0%B8%D0%BB%D0%B5%D0%B9&type=supergroup&lang=en; https://tg-cat.com/?search=%D0%BE%D0%B1%D0%BC%D0%B5%D0%BD%20%D0%B0%D0%B2%D1%82%D0%BE&type=supergroup&lang=en,обмен авто; обмен автомобилей
2026-07-05,Чаты купли-продажи,Чаты купли-продажи,Не указано / другой регион,Авторынок Бишкек AREAL_AVТО,чат/группа,https://t.me/areal_avtorynok,areal_avtorynok,806,"да, это чат/группа",неизвестно,В открытой web-карточке условия публикации не указаны.,не указаны в web-карточке,малый размер аудитории; фактическая активность постов/онлайн не проверена web-источником,не удалось проверить без Telegram API / просмотра t.me/s,"Добро пожаловать на авторынок Кыргызстана AREAL_AVТО! 🚗✨ Здесь вы найдете все самое интересное о продаже и покупке автомобилей в нашей стране. Мы активно делимся актуальными новостями, полезной информацией и свежими объявлениями, чтобы вы могли легко ориентироваться",tg-cat public search,https://tg-cat.com/@areal_avtorynok,https://tg-cat.com/?search=%D0%B0%D0%B2%D1%82%D0%BE%D1%80%D1%8B%D0%BD%D0%BE%D0%BA&type=supergroup&lang=en,авторынок
2026-07-05,Чаты купли-продажи,Чаты купли-продажи,Не указано / другой регион,Авторынок Шахты,канал,https://t.me/Avto_shaxti,Avto_shaxti,792,не удалось проверить web-источником,неизвестно,В открытой web-карточке условия публикации не указаны.,не указаны в web-карточке,малый размер аудитории; фактическая активность постов/онлайн не проверена web-источником,не удалось проверить без Telegram API / просмотра t.me/s,"Добро пожаловать на канал ""Авторынок Шахты""! Здесь вы найдете все для быстрой и удобной продажи и покупки автомобилей! 🚗💨 Ищете идеального железного друга или хотите продать свой старый? Мы поможем вам сделать это на ура!",tg-cat public search,https://tg-cat.com/@Avto_shaxti,https://tg-cat.com/?search=%D0%B0%D0%B2%D1%82%D0%BE%D1%80%D1%8B%D0%BD%D0%BE%D0%BA&type=channel&lang=en; https://tg-cat.com/?search=%D0%BA%D1%83%D0%BF%D0%B8%D1%82%D1%8C%20%D0%BF%D1%80%D0%BE%D0%B4%D0%B0%D1%82%D1%8C%20%D0%B0%D0%B2%D1%82%D0%BE&type=channel&lang=en,авторынок; купить продать авто
2026-07-05,Чаты купли-продажи,Чаты купли-продажи,Не указано / другой регион,Авто Барахолка ПМР,чат/группа,https://t.me/avto_pmrr,avto_pmrr,785,"да, это чат/группа",неизвестно,В открытой web-карточке условия публикации не указаны.,не указаны в web-карточке,малый размер аудитории; фактическая активность постов/онлайн не проверена web-источником,не удалось проверить без Telegram API / просмотра t.me/s,,tg-cat public search,https://tg-cat.com/@avto_pmrr,https://tg-cat.com/?search=%D0%B0%D0%B2%D1%82%D0%BE%20%D0%B1%D0%B0%D1%80%D0%B0%D1%85%D0%BE%D0%BB%D0%BA%D0%B0&type=supergroup&lang=en,авто барахолка
2026-07-05,Чаты купли-продажи,Чаты купли-продажи,Не указано / другой регион,🇺🇦 Продаж вантажних авто,чат/группа,https://t.me/buy_sell_trucks,buy_sell_trucks,783,"да, это чат/группа",неизвестно,В открытой web-карточке условия публикации не указаны.,не указаны в web-карточке,малый размер аудитории; фактическая активность постов/онлайн не проверена web-источником,не удалось проверить без Telegram API / просмотра t.me/s,"Вітаємо вас у нашій спільноті! 🚚🇺🇦 Тут ви знайдете все, що потрібно для успішного продажу вантажних автомобілів. Ми пропонуємо безкоштовні оголошення на вантажні авто, причеп",tg-cat public search,https://tg-cat.com/@buy_sell_trucks,https://tg-cat.com/?search=%D0%BF%D1%80%D0%BE%D0%B4%D0%B0%D0%B6%D0%B0%20%D0%B0%D0%B2%D1%82%D0%BE&type=supergroup&lang=en,продажа авто
2026-07-05,Чаты купли-продажи,Чаты купли-продажи,Не указано / другой регион,"Авто брянск (продажа, куплю)",чат/группа,https://t.me/avtobryansk1,avtobryansk1,774,"да, это чат/группа",неизвестно,В открытой web-карточке условия публикации не указаны.,не указаны в web-карточке,малый размер аудитории; фактическая активность постов/онлайн не проверена web-источником,не удалось проверить без Telegram API / просмотра t.me/s,"🚗✨ В Брянске не хватает площадки для покупки и продажи автомобилей? Присоединяйтесь к нашей новой группе! Здесь вы сможете легко найти или продать авто, а также получить поддержку от сообщества. Вместе мы сделаем автомобильные сделки проще! 🔧🤝",tg-cat public search,https://tg-cat.com/@avtobryansk1,https://tg-cat.com/?search=%D0%BA%D1%83%D0%BF%D0%BB%D1%8E%20%D0%BF%D1%80%D0%BE%D0%B4%D0%B0%D0%BC%20%D0%B0%D0%B2%D1%82%D0%BE&type=supergroup&lang=en,куплю продам авто
2026-07-05,Обмен автомобилей,Обмен автомобилей; Чаты купли-продажи,Не указано / другой регион,"АВТОБАЗАР | Туймазы, Октябрьский, Белебей, Бавлы",чат/группа,https://t.me/avtobazar_tmz,avtobazar_tmz,773,"да, это чат/группа",неизвестно,В открытой web-карточке условия публикации не указаны.,не указаны в web-карточке,малый размер аудитории; фактическая активность постов/онлайн не проверена web-источником,не удалось проверить без Telegram API / просмотра t.me/s,"АВТОБАЗАР - онлайн-платформа для покупки, продажи и обмена автомобилей в Туймазах, Октябрьском, Белебее и Бавлах. Доступен 24/7 с различными специализированными каналами, включая авто-разбор и авто-зв",tg-cat public search,https://tg-cat.com/@avtobazar_tmz,https://tg-cat.com/?search=%D0%BE%D0%B1%D0%BC%D0%B5%D0%BD%20%D0%B0%D0%B2%D1%82%D0%BE&type=supergroup&lang=en,обмен авто
2026-07-05,Авто ниже рынка,Авто ниже рынка; Чаты купли-продажи,Не указано / другой регион,Авторынок ЮГА &#33;,чат/группа,https://t.me/auto_yug_krd,auto_yug_krd,760,"да, это чат/группа",неизвестно,В открытой web-карточке условия публикации не указаны.,не указаны в web-карточке,малый размер аудитории; фактическая активность постов/онлайн не проверена web-источником,не удалось проверить без Telegram API / просмотра t.me/s,"Добро пожаловать в сообщество ""Авторынок ЮГА""! 🚗✨ Здесь мы создаем территорию честных сделок и непревзойденным условиям для каждого автолюбителя! 🙌 Если вы ищете идеальное авто или хотите выгодно продать свою",tg-cat public search,https://tg-cat.com/@auto_yug_krd,https://tg-cat.com/?search=%D0%B0%D0%B2%D1%82%D0%BE%20%D0%BD%D0%B8%D0%B6%D0%B5%20%D1%80%D1%8B%D0%BD%D0%BA%D0%B0&type=supergroup&lang=en; https://tg-cat.com/?search=%D0%BD%D0%B8%D0%B6%D0%B5%20%D1%80%D1%8B%D0%BD%D0%BA%D0%B0%20%D0%B0%D0%B2%D1%82%D0%BE&type=supergroup&lang=en,авто ниже рынка; ниже рынка авто
2026-07-05,Чаты купли-продажи,Чаты купли-продажи,Не указано / другой регион,Max Koen LA авто Los Angeles,канал,https://t.me/maxkoenla,maxkoenla,737,не удалось проверить web-источником,неизвестно,В открытой web-карточке условия публикации не указаны.,не указаны в web-карточке,малый размер аудитории; фактическая активность постов/онлайн не проверена web-источником,не удалось проверить без Telegram API / просмотра t.me/s,"Добро пожаловать в мир автомобилей с Max Koen LA! Здесь вы найдете потрясающие авто из Лос-Анджелеса, которые готовы к продаже или ждут своего часа. Я помогу вам приобрести машину в кредит даже без SSN. За деталями и вопросами пишите мне",tg-cat public search,https://tg-cat.com/@maxkoenla,https://tg-cat.com/?search=%D0%BA%D1%83%D0%BF%D0%B8%D1%82%D1%8C%20%D0%BF%D1%80%D0%BE%D0%B4%D0%B0%D1%82%D1%8C%20%D0%B0%D0%B2%D1%82%D0%BE&type=channel&lang=en,купить продать авто
2026-07-05,Авторынки Москвы,Чаты купли-продажи,Не указано / другой регион,Авто Запчасти • Магазин Автозапчастей • Купить запчасть...,чат/группа,https://t.me/zapchasty_avto,zapchasty_avto,737,"да, это чат/группа",неизвестно,В открытой web-карточке условия публикации не указаны.,не указаны в web-карточке,малый размер аудитории; фактическая активность постов/онлайн не проверена web-источником,не удалось проверить без Telegram API / просмотра t.me/s,"🚗 Добро пожаловать в наше сообщество! Если вы ищете качественные автозапчасти для иномарок, Газелей или ГАЗ, то вы попали по адресу! Наша команда готова предложить вам широкий ассортимент запчастей, которые помогут вашему автомобил",tg-cat public search,https://tg-cat.com/@zapchasty_avto,https://tg-cat.com/?search=%D0%B0%D0%B2%D1%82%D0%BE%20%D0%BC%D0%BE%D1%81%D0%BA%D0%B2%D0%B0&type=supergroup&lang=en,авто москва
2026-07-05,Чаты купли-продажи,Чаты купли-продажи,Не указано / другой регион,Авто барахолка Кемерово 🛞,чат/группа,https://t.me/avtobaraholka142,avtobaraholka142,733,"да, это чат/группа",неизвестно,В открытой web-карточке условия публикации не указаны.,не указаны в web-карточке,малый размер аудитории; фактическая активность постов/онлайн не проверена web-источником,не удалось проверить без Telegram API / просмотра t.me/s,,tg-cat public search,https://tg-cat.com/@avtobaraholka142,https://tg-cat.com/?search=%D0%B0%D0%B2%D1%82%D0%BE%20%D0%B1%D0%B0%D1%80%D0%B0%D1%85%D0%BE%D0%BB%D0%BA%D0%B0&type=supergroup&lang=en,авто барахолка
2026-07-05,Чаты купли-продажи,Чаты купли-продажи,Россия / не указано точнее,АВТОРЫНОК КАЗАНЬ ТАТАРСТАН,канал,https://t.me/hfnxncj,hfnxncj,722,не удалось проверить web-источником,неизвестно,В открытой web-карточке условия публикации не указаны.,не указаны в web-карточке,малый размер аудитории; фактическая активность постов/онлайн не проверена web-источником,не удалось проверить без Telegram API / просмотра t.me/s,"Добро пожаловать на канал ""Авторынок Казань Татарстан""! 🚗 Здесь мы поможем вам выгодно купить или продать автомобиль по всей территории России! 🇷🇺 Будьте уверены, с нами вы сделаете лучший выбор! Ищете объявление? 📩 Просто",tg-cat public search,https://tg-cat.com/@hfnxncj,https://tg-cat.com/?search=%D0%BA%D1%83%D0%BF%D0%B8%D1%82%D1%8C%20%D0%BF%D1%80%D0%BE%D0%B4%D0%B0%D1%82%D1%8C%20%D0%B0%D0%B2%D1%82%D0%BE&type=channel&lang=en,купить продать авто
2026-07-05,Чаты купли-продажи,Чаты купли-продажи,Не указано / другой регион,Купить / продать гос авто номера Саратов,чат/группа,https://t.me/nomerasaratov,nomerasaratov,715,"да, это чат/группа",неизвестно,В открытой web-карточке условия публикации не указаны.,не указаны в web-карточке,малый размер аудитории; фактическая активность постов/онлайн не проверена web-источником,не удалось проверить без Telegram API / просмотра t.me/s,Ищете красивые гос номера для вашего автомобиля в Саратове? 🌟 У нас есть выгодные предложения на покупку и продажу государственных номеров! Не упустите шанс стать обладателем уникального номера! 🚗✨,tg-cat public search,https://tg-cat.com/@nomerasaratov,https://tg-cat.com/?search=%D0%BA%D1%83%D0%BF%D0%B8%D1%82%D1%8C%20%D0%BF%D1%80%D0%BE%D0%B4%D0%B0%D1%82%D1%8C%20%D0%B0%D0%B2%D1%82%D0%BE&type=supergroup&lang=en,купить продать авто
2026-07-05,Чаты купли-продажи,Чаты купли-продажи,Не указано / другой регион,Авто барахолка Нижние Серогозы,чат/группа,https://t.me/avtobazar_ns,avtobazar_ns,707,"да, это чат/группа",неизвестно,В открытой web-карточке условия публикации не указаны.,не указаны в web-карточке,малый размер аудитории; фактическая активность постов/онлайн не проверена web-источником,не удалось проверить без Telegram API / просмотра t.me/s,,tg-cat public search,https://tg-cat.com/@avtobazar_ns,https://tg-cat.com/?search=%D0%B0%D0%B2%D1%82%D0%BE%20%D0%B1%D0%B0%D1%80%D0%B0%D1%85%D0%BE%D0%BB%D0%BA%D0%B0&type=supergroup&lang=en,авто барахолка
2026-07-05,Чаты купли-продажи,Чаты купли-продажи,Не указано / другой регион,Авторынок Юга 📌 Продажа авто,канал,https://t.me/avtorynokug,avtorynokug,707,не удалось проверить web-источником,да / есть указание в описании,В описании есть слово “бесплатно/бесплатная”.,@obyav,малый размер аудитории; фактическая активность постов/онлайн не проверена web-источником,не удалось проверить без Telegram API / просмотра t.me/s,🚗 Авторынок Юга — ваш ключ к покупке и продаже автомобилей! 📌 Публикуйте объявления бесплатно 🆓 и находите идеальный авто без лишних затрат. Для связи с администратором и размещения объявлений пишите сюда ⬇️ @obyav,tg-cat public search,https://tg-cat.com/@avtorynokug,https://tg-cat.com/?search=%D0%BF%D1%80%D0%BE%D0%B4%D0%B0%D0%B6%D0%B0%20%D0%B0%D0%B2%D1%82%D0%BE&type=channel&lang=en,продажа авто
2026-07-05,Авто ниже рынка,Авто ниже рынка; Чаты купли-продажи,Не указано / другой регион,"Покупка и Продажа авто по низу рынка,битые, без доков, ...",чат/группа,https://t.me/kupi_avto,kupi_avto,704,"да, это чат/группа",неизвестно,В открытой web-карточке условия публикации не указаны.,не указаны в web-карточке,малый размер аудитории; фактическая активность постов/онлайн не проверена web-источником,не удалось проверить без Telegram API / просмотра t.me/s,"Добро пожаловать в наш чат, посвященный покупке и продаже автомобилей! Здесь вы найдете уникальные предложения на рынке: автомобили по низким ценам, битые машины, а также варианты без документов. Мы обсуждаем легальные сделки, которые не связаны с криминалом, включая покупку",tg-cat public search,https://tg-cat.com/@kupi_avto,https://tg-cat.com/?search=%D0%B0%D0%B2%D1%82%D0%BE%20%D0%BF%D0%BE%20%D0%BD%D0%B8%D0%B7%D1%83%20%D1%80%D1%8B%D0%BD%D0%BA%D0%B0&type=supergroup&lang=en; https://tg-cat.com/?search=%D0%BF%D0%BE%20%D0%BD%D0%B8%D0%B7%D1%83%20%D1%80%D1%8B%D0%BD%D0%BA%D0%B0&type=supergroup&lang=en,авто по низу рынка; по низу рынка
2026-07-05,Обмен автомобилей,Обмен автомобилей; Чаты купли-продажи,Не указано / другой регион,BMW Барахолка БЕЛАРУСЬ,чат/группа,https://t.me/bmwbaraholkabel,bmwbaraholkabel,700,"да, это чат/группа",неизвестно,В открытой web-карточке условия публикации не указаны.,не указаны в web-карточке,малый размер аудитории; фактическая активность постов/онлайн не проверена web-источником,не удалось проверить без Telegram API / просмотра t.me/s,"Добро пожаловать в уникальное сообщество BMW Барахолка БЕЛАРУСЬ! Здесь вы найдете всё, что связано с автомобилями BMW: от продажи и обмена автомобилей до новейших и б/у запчастей. Наша площадка — идеальное место",tg-cat public search,https://tg-cat.com/@bmwbaraholkabel,https://tg-cat.com/?search=%D0%BE%D0%B1%D0%BC%D0%B5%D0%BD%20%D0%B0%D0%B2%D1%82%D0%BE&type=supergroup&lang=en,обмен авто
2026-07-05,Обмен автомобилей,Обмен автомобилей; Чаты купли-продажи,Не указано / другой регион,Авто Разборка Мариуполь. ДНР. ЛНР. МЛТ авторынок авто о...,чат/группа,https://t.me/avtorinok1mariupol,avtorinok1mariupol,697,"да, это чат/группа",неизвестно,В открытой web-карточке условия публикации не указаны.,не указаны в web-карточке,малый размер аудитории; фактическая активность постов/онлайн не проверена web-источником,не удалось проверить без Telegram API / просмотра t.me/s,"🌟 Приветствуем вас в сообществе «Авто Разборка Мариуполь»! 🚗✨ Здесь вы найдете все, что связано с автомобильным рынком в Мариуполе и окрестностях: от выгодных обменов до качественных запчастей",tg-cat public search,https://tg-cat.com/@avtorinok1mariupol,https://tg-cat.com/?search=%D0%BE%D0%B1%D0%BC%D0%B5%D0%BD%20%D0%B0%D0%B2%D1%82%D0%BE&type=supergroup&lang=en,обмен авто
2026-07-05,Обмен автомобилей,Мототехника; Обмен автомобилей; Чаты купли-продажи,Не указано / другой регион,Азов Авто 🚘 Мото ❤️ Вело,чат/группа,https://t.me/azovavto,azovavto,697,"да, это чат/группа",неизвестно,В открытой web-карточке условия публикации не указаны.,не указаны в web-карточке,малый размер аудитории; фактическая активность постов/онлайн не проверена web-источником,не удалось проверить без Telegram API / просмотра t.me/s,"Группа ""АЗОВСКИЙ АвтоХлам"" предлагает услуги купли/продажи/обмена авто, запчастей и ремонта. Охватывает регионы ДНР, ЛНР, Мелитополь, Херсон, Крым и другие. В группе",tg-cat public search,https://tg-cat.com/@azovavto,https://tg-cat.com/?search=%D0%BA%D1%83%D0%BF%D0%BB%D1%8F%20%D0%BF%D1%80%D0%BE%D0%B4%D0%B0%D0%B6%D0%B0%20%D0%BE%D0%B1%D0%BC%D0%B5%D0%BD%20%D0%B0%D0%B2%D1%82%D0%BE&type=supergroup&lang=en,купля продажа обмен авто
2026-07-05,Авто ниже рынка,Авто ниже рынка; Чаты купли-продажи,Россия / не указано точнее,avtoperekup76 | АВТО НИЖЕ РЫНКА,чат/группа,https://t.me/avtoperekup76,avtoperekup76,691,"да, это чат/группа",неизвестно,В открытой web-карточке условия публикации не указаны.,не указаны в web-карточке,малый размер аудитории; фактическая активность постов/онлайн не проверена web-источником,не удалось проверить без Telegram API / просмотра t.me/s,🚗💰 Ищете выгодную продажу автомобиля? Присоединяйтесь к нашему каналу AVTOPEREKUP76! Мы предлагаем автомобили ниже рыночной цены и помогаем продавать ваши машины по всей России. Задавайте вопросы и предлагайте свои авто,tg-cat public search,https://tg-cat.com/@avtoperekup76,https://tg-cat.com/?search=%D0%B0%D0%B2%D1%82%D0%BE%20%D0%BD%D0%B8%D0%B6%D0%B5%20%D1%80%D1%8B%D0%BD%D0%BA%D0%B0&type=supergroup&lang=en; https://tg-cat.com/?search=%D0%BD%D0%B8%D0%B6%D0%B5%20%D1%80%D1%8B%D0%BD%D0%BA%D0%B0%20%D0%B0%D0%B2%D1%82%D0%BE&type=supergroup&lang=en,авто ниже рынка; ниже рынка авто
2026-07-05,Обмен автомобилей,Обмен автомобилей; Чаты купли-продажи,Россия / не указано точнее,Чат Автобарахолка России,чат/группа,https://t.me/rus_avto,rus_avto,685,"да, это чат/группа",да / есть указание в описании,В описании есть слово “бесплатно/бесплатная”.,не указаны в web-карточке,малый размер аудитории; фактическая активность постов/онлайн не проверена web-источником,не удалось проверить без Telegram API / просмотра t.me/s,"Чат Автобарахолка России: объявления о продаже и обмене автомобилей, а также автозапчастей и услуг. Бесплатные объявления о продаже и поиске, платные — об услугах. Помощь в ремонте и на дороге. Реклама: @oo",tg-cat public search,https://tg-cat.com/@rus_avto,https://tg-cat.com/?search=%D0%BE%D0%B1%D0%BC%D0%B5%D0%BD%20%D0%B0%D0%B2%D1%82%D0%BE%D0%BC%D0%BE%D0%B1%D0%B8%D0%BB%D0%B5%D0%B9&type=supergroup&lang=en,обмен автомобилей
2026-07-05,Мототехника,Мототехника; Обмен автомобилей; Чаты купли-продажи,Не указано / другой регион,Авто-мото спорт запчасти,чат/группа,https://t.me/avtomotozapchasty,avtomotozapchasty,682,"да, это чат/группа",неизвестно,В открытой web-карточке условия публикации не указаны.,не указаны в web-карточке,малый размер аудитории; фактическая активность постов/онлайн не проверена web-источником,не удалось проверить без Telegram API / просмотра t.me/s,"Добро пожаловать в нашу уникальную группу, посвященную авто-мото спорту и запчастям! Здесь вы сможете не только купить или продать необходимые детали, но и обменяться опытом с единомышленниками, увлеченными миром скорости и адреналина. Мы строго",tg-cat public search,https://tg-cat.com/@avtomotozapchasty,https://tg-cat.com/?search=%D0%BA%D1%83%D0%BF%D0%BB%D1%8F%20%D0%BF%D1%80%D0%BE%D0%B4%D0%B0%D0%B6%D0%B0%20%D0%BE%D0%B1%D0%BC%D0%B5%D0%BD%20%D0%B0%D0%B2%D1%82%D0%BE&type=supergroup&lang=en; https://tg-cat.com/?search=%D0%BC%D0%BE%D1%82%D0%BE&type=supergroup&lang=en,купля продажа обмен авто; мото
2026-07-05,Чаты купли-продажи,Мототехника; Чаты купли-продажи,Не указано / другой регион,Продажа Авто Урал,чат/группа,https://t.me/ural_avto,ural_avto,679,"да, это чат/группа",да / есть указание в описании,В описании есть слово “бесплатно/бесплатная”.,не указаны в web-карточке,малый размер аудитории; фактическая активность постов/онлайн не проверена web-источником,не удалось проверить без Telegram API / просмотра t.me/s,"🚗💥 Ищете возможности купить или продать авто в Урале? Присоединяйтесь к нашей площадке! Бесплатные объявления о продаже машин, мотоциклов и спецтехники. Спам не приветствуется! Узнайте больше: https://t",tg-cat public search,https://tg-cat.com/@ural_avto,https://tg-cat.com/?search=%D0%BF%D1%80%D0%BE%D0%B4%D0%B0%D0%B6%D0%B0%20%D0%B0%D0%B2%D1%82%D0%BE&type=supergroup&lang=en,продажа авто
2026-07-05,Чаты купли-продажи,Чаты купли-продажи,Россия / не указано точнее,Купля/продажа авто Вся Россия 🇷🇺,чат/группа,https://t.me/avtoprodaji,avtoprodaji,671,"да, это чат/группа",неизвестно,В открытой web-карточке условия публикации не указаны.,не указаны в web-карточке,малый размер аудитории; фактическая активность постов/онлайн не проверена web-источником,не удалось проверить без Telegram API / просмотра t.me/s,,tg-cat public search,https://tg-cat.com/@avtoprodaji,https://tg-cat.com/?search=%D0%BA%D1%83%D0%BF%D0%BB%D1%8E%20%D0%BF%D1%80%D0%BE%D0%B4%D0%B0%D0%BC%20%D0%B0%D0%B2%D1%82%D0%BE&type=supergroup&lang=en; https://tg-cat.com/?search=%D0%BF%D1%80%D0%BE%D0%B4%D0%B0%D0%B6%D0%B0%20%D0%B0%D0%B2%D1%82%D0%BE&type=supergroup&lang=en,куплю продам авто; продажа авто
2026-07-05,Обмен автомобилей,Обмен автомобилей; Чаты купли-продажи,Не указано / другой регион,Авто 🚗 Ростова купи/продай/обменяю/запчасти/сто/ремонт/...,чат/группа,https://t.me/automotornd,automotornd,668,"да, это чат/группа",неизвестно,В открытой web-карточке условия публикации не указаны.,не указаны в web-карточке,малый размер аудитории; фактическая активность постов/онлайн не проверена web-источником,не удалось проверить без Telegram API / просмотра t.me/s,"🚗 Ищете, где купить, продать или обменять авто в Ростове? Присоединяйтесь к нашему чату! Здесь вы найдете все: от запчастей до услуг по ремонту и шиномонтажу. Не упустите возможность выгодно обменяться",tg-cat public search,https://tg-cat.com/@automotornd,https://tg-cat.com/?search=%D0%BA%D1%83%D0%BF%D0%B8%D1%82%D1%8C%20%D0%BF%D1%80%D0%BE%D0%B4%D0%B0%D1%82%D1%8C%20%D0%B0%D0%B2%D1%82%D0%BE&type=supergroup&lang=en; https://tg-cat.com/?search=%D0%BA%D1%83%D0%BF%D0%BB%D1%8E%20%D0%BF%D1%80%D0%BE%D0%B4%D0%B0%D0%BC%20%D0%B0%D0%B2%D1%82%D0%BE&type=supergroup&lang=en; https://tg-cat.com/?search=%D0%BE%D0%B1%D0%BC%D0%B5%D0%BD%20%D0%B0%D0%B2%D1%82%D0%BE&type=supergroup&lang=en,купить продать авто; куплю продам авто; обмен авто
2026-07-05,Авто ниже рынка,Авто ниже рынка,Не указано / другой регион,LOW PRICE SPB,канал,https://t.me/low_price_spb,low_price_spb,665,не удалось проверить web-источником,неизвестно,В открытой web-карточке условия публикации не указаны.,не указаны в web-карточке,малый размер аудитории; фактическая активность постов/онлайн не проверена web-источником,не удалось проверить без Telegram API / просмотра t.me/s,"🔴 **КАНАЛ LOW PRICE SPB** 🔴 ✨ Добро пожаловать на наш канал, посвященный продаже автомобилей по самой низкой цене в Санкт-Петербурге! Здесь вы найдете выгодные предложения и возможность продать свое авто быстро и эффективно. ✅ Мы обещаем быструю",tg-cat public search,https://tg-cat.com/@low_price_spb,https://tg-cat.com/?search=%D0%B0%D0%B2%D1%82%D0%BE%20%D0%BF%D0%BE%20%D0%BD%D0%B8%D0%B7%D1%83%20%D1%80%D1%8B%D0%BD%D0%BA%D0%B0&type=channel&lang=en; https://tg-cat.com/?search=%D0%BF%D0%BE%20%D0%BD%D0%B8%D0%B7%D1%83%20%D1%80%D1%8B%D0%BD%D0%BA%D0%B0&type=channel&lang=en,авто по низу рынка; по низу рынка
2026-07-05,Чаты купли-продажи,Чаты купли-продажи,Не указано / другой регион,"SHOCARS ,Продажа авто в Україні",чат/группа,https://t.me/shocars_ua,shocars_ua,644,"да, это чат/группа",неизвестно,В открытой web-карточке условия публикации не указаны.,не указаны в web-карточке,малый размер аудитории; фактическая активность постов/онлайн не проверена web-источником,не удалось проверить без Telegram API / просмотра t.me/s,"🌟 Добро пожаловать в мир автомобилей с SHOCARS! 🚗✨ Если вы ищете идеальный автомобиль или хотите выгодно продать свою машину, вы попали по адресу! SHOCARS — это ваш надежный партнер в продаже авто в Украине. Мы рады предложить вам",tg-cat public search,https://tg-cat.com/@shocars_ua,https://tg-cat.com/?search=%D0%BF%D1%80%D0%BE%D0%B4%D0%B0%D0%B6%D0%B0%20%D0%B0%D0%B2%D1%82%D0%BE&type=supergroup&lang=en,продажа авто
2026-07-05,Чаты купли-продажи,Чаты купли-продажи,Россия / не указано точнее,Продажа авто на РФ учёте в РБ,канал,https://t.me/rosavtobel,rosavtobel,621,не удалось проверить web-источником,неизвестно,В открытой web-карточке условия публикации не указаны.,не указаны в web-карточке,малый размер аудитории; фактическая активность постов/онлайн не проверена web-источником,не удалось проверить без Telegram API / просмотра t.me/s,,tg-cat public search,https://tg-cat.com/@rosavtobel,https://tg-cat.com/?search=%D0%BF%D1%80%D0%BE%D0%B4%D0%B0%D0%B6%D0%B0%20%D0%B0%D0%B2%D1%82%D0%BE&type=channel&lang=en,продажа авто
2026-07-05,Обмен автомобилей,Обмен автомобилей; Чаты купли-продажи,Не указано / другой регион,Авторынок Дальний Восток,чат/группа,https://t.me/avtorynok_dv,avtorynok_dv,617,"да, это чат/группа",неизвестно,В открытой web-карточке условия публикации не указаны.,не указаны в web-карточке,малый размер аудитории; фактическая активность постов/онлайн не проверена web-источником,не удалось проверить без Telegram API / просмотра t.me/s,"Группа ""Авторынок Дальний Восток"" предназначена для купли-продажи и обмена автомобилей в регионе Дальний Восток. Участники должны указывать город и район расположения авто. Для поиска или продажи автозапчастей и дисков предлагается перейти в другую",tg-cat public search,https://tg-cat.com/@avtorynok_dv,https://tg-cat.com/?search=%D0%BA%D1%83%D0%BF%D0%BB%D1%8F%20%D0%BF%D1%80%D0%BE%D0%B4%D0%B0%D0%B6%D0%B0%20%D0%BE%D0%B1%D0%BC%D0%B5%D0%BD%20%D0%B0%D0%B2%D1%82%D0%BE&type=supergroup&lang=en; https://tg-cat.com/?search=%D0%BE%D0%B1%D0%BC%D0%B5%D0%BD%20%D0%B0%D0%B2%D1%82%D0%BE%D0%BC%D0%BE%D0%B1%D0%B8%D0%BB%D0%B5%D0%B9&type=supergroup&lang=en,купля продажа обмен авто; обмен автомобилей
2026-07-05,Авто ниже рынка,Авто ниже рынка; Чаты купли-продажи,Не указано / другой регион,Ниже рынка - аренда и продажа авто Польша,чат/группа,https://t.me/poland_cars,poland_cars,612,"да, это чат/группа",неизвестно,В открытой web-карточке условия публикации не указаны.,не указаны в web-карточке,малый размер аудитории; фактическая активность постов/онлайн не проверена web-источником,не удалось проверить без Telegram API / просмотра t.me/s,"Группа предлагает аренду и продажу автомобилей в Польше через Телеграм-бота, который позволяет настраивать фильтры и получать уведомления о новых предложениях.",tg-cat public search,https://tg-cat.com/@poland_cars,https://tg-cat.com/?search=%D0%B0%D0%B2%D1%82%D0%BE%20%D0%BD%D0%B8%D0%B6%D0%B5%20%D1%80%D1%8B%D0%BD%D0%BA%D0%B0&type=supergroup&lang=en; https://tg-cat.com/?search=%D0%BD%D0%B8%D0%B6%D0%B5%20%D1%80%D1%8B%D0%BD%D0%BA%D0%B0%20%D0%B0%D0%B2%D1%82%D0%BE&type=supergroup&lang=en,авто ниже рынка; ниже рынка авто
2026-07-05,Чаты купли-продажи,Чаты купли-продажи,Не указано / другой регион,Продажа авто в Калининграде,канал,https://t.me/autotrade39,autotrade39,610,не удалось проверить web-источником,неизвестно,В открытой web-карточке условия публикации не указаны.,не указаны в web-карточке,малый размер аудитории; фактическая активность постов/онлайн не проверена web-источником,не удалось проверить без Telegram API / просмотра t.me/s,"🌟 Добро пожаловать на наш канал по продаже авто в Калининграде! 🚗 Здесь вы найдете актуальные объявления о продаже автомобилей с четкой ценой, качественными фотографиями и контактной информацией. Мы стремимся сделать процесс покупки авто удобным и доступным для",tg-cat public search,https://tg-cat.com/@autotrade39,https://tg-cat.com/?search=%D0%BF%D1%80%D0%BE%D0%B4%D0%B0%D0%B6%D0%B0%20%D0%B0%D0%B2%D1%82%D0%BE&type=channel&lang=en,продажа авто
2026-07-05,Чаты купли-продажи,Чаты купли-продажи,Не указано / другой регион,🚙 Авто RIA Київ 🚗| АвтоРинок Київ | Авто Ринок | Продаж...,чат/группа,https://t.me/avtobazar_kiev_up,avtobazar_kiev_up,607,"да, это чат/группа",неизвестно,В открытой web-карточке условия публикации не указаны.,не указаны в web-карточке,малый размер аудитории; фактическая активность постов/онлайн не проверена web-источником,не удалось проверить без Telegram API / просмотра t.me/s,"Авто RIA Киев - платформа для продажи и покупки автомобилей в Киеве, предлагающая ассортимент машин на авто рынке.",tg-cat public search,https://tg-cat.com/@avtobazar_kiev_up,https://tg-cat.com/?search=%D0%BA%D1%83%D0%BF%D0%B8%D1%82%D1%8C%20%D0%BF%D1%80%D0%BE%D0%B4%D0%B0%D1%82%D1%8C%20%D0%B0%D0%B2%D1%82%D0%BE&type=supergroup&lang=en,купить продать авто
2026-07-05,Мототехника,Мототехника; Чаты купли-продажи,Не указано / другой регион,МОТО Барахолка Турэндуро,чат/группа,https://t.me/moto_adv_sale,moto_adv_sale,604,"да, это чат/группа",неизвестно,В открытой web-карточке условия публикации не указаны.,не указаны в web-карточке,малый размер аудитории; фактическая активность постов/онлайн не проверена web-источником,не удалось проверить без Telegram API / просмотра t.me/s,"🏍️ Приветствую всех любителей турэндуро! 🌍 Добро пожаловать в МОТО Барахолку Турэндуро — ваше идеальное место для покупки и продажи всего, что связано с мотоциклом! Здесь вы найдете объявления исключительно на м",tg-cat public search,https://tg-cat.com/@moto_adv_sale,https://tg-cat.com/?search=%D0%BC%D0%BE%D1%82%D0%BE%20%D0%B1%D0%B0%D1%80%D0%B0%D1%85%D0%BE%D0%BB%D0%BA%D0%B0&type=supergroup&lang=en; https://tg-cat.com/?search=%D0%BC%D0%BE%D1%82%D0%BE&type=supergroup&lang=en,мото; мото барахолка
2026-07-05,Чаты купли-продажи,Чаты купли-продажи,Не указано / другой регион,Авторынок автобарахолка куплю продам авто машины автоза...,чат/группа,https://t.me/avtobrak,avtobrak,593,"да, это чат/группа",неизвестно,В открытой web-карточке условия публикации не указаны.,не указаны в web-карточке,малый размер аудитории; фактическая активность постов/онлайн не проверена web-источником,не удалось проверить без Telegram API / просмотра t.me/s,Группа для объявлений о покупке и продаже автомобилей и автозапчастей на авторынке.,tg-cat public search,https://tg-cat.com/@avtobrak,https://tg-cat.com/?search=%D0%BA%D1%83%D0%BF%D0%BB%D1%8E%20%D0%BF%D1%80%D0%BE%D0%B4%D0%B0%D0%BC%20%D0%B0%D0%B2%D1%82%D0%BE&type=supergroup&lang=en,куплю продам авто
2026-07-05,Чаты купли-продажи,Чаты купли-продажи,Не указано / другой регион,Продажа Лучших Авто Мелитополь,чат/группа,https://t.me/mlt_avto,mlt_avto,585,"да, это чат/группа",неизвестно,В открытой web-карточке условия публикации не указаны.,не указаны в web-карточке,малый размер аудитории; фактическая активность постов/онлайн не проверена web-источником,не удалось проверить без Telegram API / просмотра t.me/s,Добро пожаловать в сообщество «Продажа Лучших Авто Мелитополь»! 🚗✨ Здесь вы найдете множество уникальных предложений по покупке и продаже автомобилей всех классов — от скромных маломощных до мощных внедорожников. Если вы ищ,tg-cat public search,https://tg-cat.com/@mlt_avto,https://tg-cat.com/?search=%D0%BF%D1%80%D0%BE%D0%B4%D0%B0%D0%B6%D0%B0%20%D0%B0%D0%B2%D1%82%D0%BE&type=supergroup&lang=en,продажа авто
2026-07-05,Чаты купли-продажи,Чаты купли-продажи,Не указано / другой регион,E.AVTO | Продажа авто в Сочи,канал,https://t.me/e_avto23,e_avto23,582,не удалось проверить web-источником,неизвестно,В открытой web-карточке условия публикации не указаны.,не указаны в web-карточке,малый размер аудитории; фактическая активность постов/онлайн не проверена web-источником,не удалось проверить без Telegram API / просмотра t.me/s,"🎉 Добро пожаловать на наш канал «Продажа Авто Сочи»! 🎉 Мы — ваша территория честных сделок, где покупка автомобиля становится простым и приятным процессом. 🚗💨 Наша команда готова подобрать для вас идеальный автомобиль",tg-cat public search,https://tg-cat.com/@e_avto23,https://tg-cat.com/?search=%D0%BF%D1%80%D0%BE%D0%B4%D0%B0%D0%B6%D0%B0%20%D0%B0%D0%B2%D1%82%D0%BE&type=channel&lang=en,продажа авто
2026-07-05,Мототехника,Мототехника; Чаты купли-продажи,Не указано / другой регион,Авто - Мото Рынок | Ru,чат/группа,https://t.me/avto_moto_rynok,avto_moto_rynok,576,"да, это чат/группа",неизвестно,В открытой web-карточке условия публикации не указаны.,не указаны в web-карточке,малый размер аудитории; фактическая активность постов/онлайн не проверена web-источником,не удалось проверить без Telegram API / просмотра t.me/s,"Добро пожаловать на Авто - Мото Рынок! 🚗✨ Здесь вы найдете всё, что связано с автомобилями и мотоциклами. Наши правила просты: старайтесь не дублировать свои объявления, чтобы все могли легко найти нужные предложения. Пр",tg-cat public search,https://tg-cat.com/@avto_moto_rynok,https://tg-cat.com/?search=%D0%BC%D0%BE%D1%82%D0%BE&type=supergroup&lang=en,мото
2026-07-05,Мототехника,Мототехника; Чаты купли-продажи,Не указано / другой регион,Авто-мото-разбор ПК,чат/группа,https://t.me/avtogruop,avtogruop,570,"да, это чат/группа",неизвестно,В открытой web-карточке условия публикации не указаны.,не указаны в web-карточке,малый размер аудитории; фактическая активность постов/онлайн не проверена web-источником,не удалось проверить без Telegram API / просмотра t.me/s,"Добро пожаловать в наше сообщество ""Авто-мото-разбор ПК""! Здесь вы найдете широкий ассортимент запчастей для автомобилей и мотоциклов, которые всегда в наличии. Мы предоставляем всю необходимую информацию: местонахождение, контактный номер и стоимость товаров, чтобы сделать",tg-cat public search,https://tg-cat.com/@avtogruop,https://tg-cat.com/?search=%D0%BC%D0%BE%D1%82%D0%BE&type=supergroup&lang=en,мото
2026-07-05,Мототехника,Мототехника; Чаты купли-продажи,Не указано / другой регион,🏍️купля - продажа мото (Мото запчасти комплектующие и в...,чат/группа,https://t.me/prodazha_moto_detaley,prodazha_moto_detaley,564,"да, это чат/группа",неизвестно,В открытой web-карточке условия публикации не указаны.,не указаны в web-карточке,малый размер аудитории; фактическая активность постов/онлайн не проверена web-источником,не удалось проверить без Telegram API / просмотра t.me/s,,tg-cat public search,https://tg-cat.com/@prodazha_moto_detaley,https://tg-cat.com/?search=%D0%BF%D1%80%D0%BE%D0%B4%D0%B0%D0%B6%D0%B0%20%D0%BC%D0%BE%D1%82%D0%BE&type=supergroup&lang=en,продажа мото
2026-07-05,Мототехника,Мототехника; Чаты купли-продажи,Не указано / другой регион,Продаж-Доставка авто/мото OVERDRIVE,чат/группа,https://t.me/chatoverdrive,chatoverdrive,559,"да, это чат/группа",неизвестно,В открытой web-карточке условия публикации не указаны.,не указаны в web-карточке,малый размер аудитории; фактическая активность постов/онлайн не проверена web-источником,не удалось проверить без Telegram API / просмотра t.me/s,,tg-cat public search,https://tg-cat.com/@chatoverdrive,https://tg-cat.com/?search=%D0%BF%D1%80%D0%BE%D0%B4%D0%B0%D0%B6%D0%B0%20%D0%BC%D0%BE%D1%82%D0%BE&type=supergroup&lang=en,продажа мото
2026-07-05,Чаты купли-продажи,Чаты купли-продажи,Не указано / другой регион,Ерёма/Куплю продам авто,канал,https://t.me/motoE2,motoE2,557,не удалось проверить web-источником,неизвестно,В открытой web-карточке условия публикации не указаны.,не указаны в web-карточке,малый размер аудитории; фактическая активность постов/онлайн не проверена web-источником,не удалось проверить без Telegram API / просмотра t.me/s,,tg-cat public search,https://tg-cat.com/@motoE2,https://tg-cat.com/?search=%D0%BA%D1%83%D0%BF%D0%BB%D1%8E%20%D0%BF%D1%80%D0%BE%D0%B4%D0%B0%D0%BC%20%D0%B0%D0%B2%D1%82%D0%BE&type=channel&lang=en,куплю продам авто
2026-07-05,Мототехника,Мототехника,Не указано / другой регион,Мото Маркет,канал,https://t.me/MotoMarkt,MotoMarkt,555,не удалось проверить web-источником,неизвестно,В открытой web-карточке условия публикации не указаны.,не указаны в web-карточке,малый размер аудитории; фактическая активность постов/онлайн не проверена web-источником,не удалось проверить без Telegram API / просмотра t.me/s,"🔥 Приветствуем вас в канале «Мото Маркет»! 🔥 Здесь вы найдете всё для настоящих мотоциклистов: частные объявления на продажу мотоциклов, запчастей, расходников и экипировки. 🚀 Наша география ох",tg-cat public search,https://tg-cat.com/@MotoMarkt,https://tg-cat.com/?search=%D0%BC%D0%BE%D1%82%D0%BE&type=channel&lang=en,мото
2026-07-05,Чаты купли-продажи,Чаты купли-продажи,Не указано / другой регион,Авто барахолка Ліски/Фонтанка,чат/группа,https://t.me/odessa_sto_prodam_avto_zapchasti,odessa_sto_prodam_avto_zapchasti,546,"да, это чат/группа",неизвестно,В открытой web-карточке условия публикации не указаны.,не указаны в web-карточке,малый размер аудитории; фактическая активность постов/онлайн не проверена web-источником,не удалось проверить без Telegram API / просмотра t.me/s,,tg-cat public search,https://tg-cat.com/@odessa_sto_prodam_avto_zapchasti,https://tg-cat.com/?search=%D0%B0%D0%B2%D1%82%D0%BE%20%D0%B1%D0%B0%D1%80%D0%B0%D1%85%D0%BE%D0%BB%D0%BA%D0%B0&type=supergroup&lang=en,авто барахолка
2026-07-05,Обмен автомобилей,Обмен автомобилей; Чаты купли-продажи,Не указано / другой регион,🇰🇬 Обмен телефонов Токмок,чат/группа,https://t.me/gdgdhd9129,gdgdhd9129,545,"да, это чат/группа",по согласованию / неясно,"Есть контакт/упоминание размещения, но бесплатность не подтверждена.",не указаны в web-карточке,малый размер аудитории; фактическая активность постов/онлайн не проверена web-источником,не удалось проверить без Telegram API / просмотра t.me/s,"Группа ""Обмен телефонов Токмок"" предназначена для купли, продажи и обмена телефонов и аксессуаров. Объявления размещаются один раз в сутки, а ответы на них нужно отправлять автору в личные сообщения. Сообщения не по теме будут",tg-cat public search,https://tg-cat.com/@gdgdhd9129,https://tg-cat.com/?search=%D0%BA%D1%83%D0%BF%D0%BB%D1%8F%20%D0%BF%D1%80%D0%BE%D0%B4%D0%B0%D0%B6%D0%B0%20%D0%BE%D0%B1%D0%BC%D0%B5%D0%BD%20%D0%B0%D0%B2%D1%82%D0%BE&type=supergroup&lang=en,купля продажа обмен авто
2026-07-05,Авто ниже рынка,Авто ниже рынка; Чаты купли-продажи,Не указано / другой регион,Авто Рынок Самара 163,чат/группа,https://t.me/automarket163,automarket163,542,"да, это чат/группа",неизвестно,В открытой web-карточке условия публикации не указаны.,не указаны в web-карточке,малый размер аудитории; фактическая активность постов/онлайн не проверена web-источником,не удалось проверить без Telegram API / просмотра t.me/s,,tg-cat public search,https://tg-cat.com/@automarket163,https://tg-cat.com/?search=%D0%B0%D0%B2%D1%82%D0%BE%20%D0%BD%D0%B8%D0%B6%D0%B5%20%D1%80%D1%8B%D0%BD%D0%BA%D0%B0&type=supergroup&lang=en; https://tg-cat.com/?search=%D0%BD%D0%B8%D0%B6%D0%B5%20%D1%80%D1%8B%D0%BD%D0%BA%D0%B0%20%D0%B0%D0%B2%D1%82%D0%BE&type=supergroup&lang=en,авто ниже рынка; ниже рынка авто
2026-07-05,Чаты купли-продажи,Чаты купли-продажи,Не указано / другой регион,ПРОДАЖИ НА АВТОМАТЕ💸автор Яна Козлова,канал,https://t.me/yanna_kozlovaa,yanna_kozlovaa,540,не удалось проверить web-источником,неизвестно,В открытой web-карточке условия публикации не указаны.,не указаны в web-карточке,малый размер аудитории; фактическая активность постов/онлайн не проверена web-источником,не удалось проверить без Telegram API / просмотра t.me/s,"🎉 Добро пожаловать на канал «Продажи на автомате» с Яной Козловой! 🚀 Здесь вы научитесь эффективным системам продаж через продающий контент, воронки продаж и стратегии в Reels. 💸 Узнайте, как эксперты и",tg-cat public search,https://tg-cat.com/@yanna_kozlovaa,https://tg-cat.com/?search=%D0%BF%D1%80%D0%BE%D0%B4%D0%B0%D0%B6%D0%B0%20%D0%B0%D0%B2%D1%82%D0%BE&type=channel&lang=en,продажа авто
2026-07-05,Обмен автомобилей,Обмен автомобилей,Россия / не указано точнее,CarWest,канал,https://t.me/CarWestt,CarWestt,528,не удалось проверить web-источником,неизвестно,В открытой web-карточке условия публикации не указаны.,не указаны в web-карточке,малый размер аудитории; фактическая активность постов/онлайн не проверена web-источником,не удалось проверить без Telegram API / просмотра t.me/s,"🚗 Добро пожаловать в CarWest! Мы помогаем вам выбрать идеальный автомобиль по всей России, осуществляем доставку из Китая, Европы и Кореи. У нас вы можете не только найти и подобрать машину для обмена, но и воспользоваться услугой комиссионной продажи.",tg-cat public search,https://tg-cat.com/@CarWestt,https://tg-cat.com/?search=%D0%BE%D0%B1%D0%BC%D0%B5%D0%BD%20%D0%B0%D0%B2%D1%82%D0%BE%D0%BC%D0%BE%D0%B1%D0%B8%D0%BB%D0%B5%D0%B9&type=channel&lang=en,обмен автомобилей
2026-07-05,Чаты купли-продажи,Чаты купли-продажи,Не указано / другой регион,CarDon - Авторынок Ростовская обл,канал,https://t.me/cardon_61,cardon_61,525,не удалось проверить web-источником,неизвестно,В открытой web-карточке условия публикации не указаны.,не указаны в web-карточке,малый размер аудитории; фактическая активность постов/онлайн не проверена web-источником,не удалось проверить без Telegram API / просмотра t.me/s,🌟 **Добро пожаловать на канал «Авторынок CarDon»!** 🚗 Здесь вы найдете все о купле-продаже автомобилей в Ростовской области. Будьте в курсе самых выгодных предложений и последних новинок авторынка. Присоедин,tg-cat public search,https://tg-cat.com/@cardon_61,https://tg-cat.com/?search=%D0%B0%D0%B2%D1%82%D0%BE%D1%80%D1%8B%D0%BD%D0%BE%D0%BA&type=channel&lang=en,авторынок
2026-07-05,Чаты купли-продажи,Чаты купли-продажи,Не указано / другой регион,Стамбул | Авито | Барахолка | Продам | Куплю | Мебель |...,чат/группа,https://t.me/avitostambul,avitostambul,517,"да, это чат/группа",неизвестно,В открытой web-карточке условия публикации не указаны.,не указаны в web-карточке,малый размер аудитории; фактическая активность постов/онлайн не проверена web-источником,не удалось проверить без Telegram API / просмотра t.me/s,"🌟 Погрузитесь в мир выгодных сделок в Стамбуле! 💼🔍 Здесь можно продать и купить мебель, личные вещи, жилье и авто. Не упустите шанс быть в курсе самых актуальных предложений! 🏡🚗 Уз",tg-cat public search,https://tg-cat.com/@avitostambul,https://tg-cat.com/?search=%D0%BA%D1%83%D0%BF%D0%BB%D1%8E%20%D0%BF%D1%80%D0%BE%D0%B4%D0%B0%D0%BC%20%D0%B0%D0%B2%D1%82%D0%BE&type=supergroup&lang=en,куплю продам авто
2026-07-05,Мототехника,Мототехника; Чаты купли-продажи,Не указано / другой регион,ЗАПЧАСТИ BMW Club,чат/группа,https://t.me/zapchastbmwclub,zapchastbmwclub,508,"да, это чат/группа",неизвестно,В открытой web-карточке условия публикации не указаны.,не указаны в web-карточке,малый размер аудитории; фактическая активность постов/онлайн не проверена web-источником,не удалось проверить без Telegram API / просмотра t.me/s,"Добро пожаловать в мир BMWClub! Здесь, на нашей доске объявлений, вы найдете все необходимое для вашего автомобиля или мотоцикла BMW. Мы рады предложить вам уникальную возможность покупать и продавать запчасти, аксессуары и современные гаджеты, созданные",tg-cat public search,https://tg-cat.com/@zapchastbmwclub,https://tg-cat.com/?search=%D0%BC%D0%BE%D1%82%D0%BE%D1%82%D0%B5%D1%85%D0%BD%D0%B8%D0%BA%D0%B0&type=supergroup&lang=en,мототехника
2026-07-05,Обмен автомобилей,Обмен автомобилей; Чаты купли-продажи,Не указано / другой регион,AUTO HOUSE WROCŁAW,чат/группа,https://t.me/autohousewroclaw,autohousewroclaw,506,"да, это чат/группа",неизвестно,В открытой web-карточке условия публикации не указаны.,не указаны в web-карточке,малый размер аудитории; фактическая активность постов/онлайн не проверена web-источником,не удалось проверить без Telegram API / просмотра t.me/s,"Группа AUTO HOUSE WROCŁAW предназначена для обмена объявлениями о продаже автозапчастей, резины, купле-продаже и аренде автомобилей, а также для обсуждения всего, что связано с автомобильной тематикой.",tg-cat public search,https://tg-cat.com/@autohousewroclaw,https://tg-cat.com/?search=%D0%BA%D1%83%D0%BF%D0%BB%D1%8F%20%D0%BF%D1%80%D0%BE%D0%B4%D0%B0%D0%B6%D0%B0%20%D0%BE%D0%B1%D0%BC%D0%B5%D0%BD%20%D0%B0%D0%B2%D1%82%D0%BE&type=supergroup&lang=en,купля продажа обмен авто
2026-07-05,Обмен автомобилей,Обмен автомобилей; Чаты купли-продажи,Не указано / другой регион,😳 Тачки 🏎 Автомобили 🚗,чат/группа,https://t.me/itstachki,itstachki,500,"да, это чат/группа",неизвестно,В открытой web-карточке условия публикации не указаны.,не указаны в web-карточке,малый размер аудитории; фактическая активность постов/онлайн не проверена web-источником,не удалось проверить без Telegram API / просмотра t.me/s,"🌟 Добро пожаловать в наше увлекательное сообщество автолюбителей! 🚗💨 Здесь вы найдете свежие авто-новости, обзор последних моделей и советы по покупке, продаже и обмену автомобилей. Будьте в курсе всех новинок и трендов в мире",tg-cat public search,https://tg-cat.com/@itstachki,https://tg-cat.com/?search=%D0%BE%D0%B1%D0%BC%D0%B5%D0%BD%20%D0%B0%D0%B2%D1%82%D0%BE%D0%BC%D0%BE%D0%B1%D0%B8%D0%BB%D0%B5%D0%B9&type=supergroup&lang=en,обмен автомобилей
2026-07-05,Мототехника,Авто ниже рынка; Мототехника,Не указано / другой регион,|Auto Shop| Продажа автомобилей по РБ,канал,https://t.me/autoshop_rb,autoshop_rb,495,не удалось проверить web-источником,по согласованию / неясно,"Есть контакт/упоминание размещения, но бесплатность не подтверждена.",не указаны в web-карточке,малый размер аудитории; фактическая активность постов/онлайн не проверена web-источником,не удалось проверить без Telegram API / просмотра t.me/s,"🚗 Добро пожаловать в наш авто-магазин! Здесь вы найдете лучшие предложения по продаже автомобилей, мотоциклов и спецтехники по ценам ниже рыночных. 🌟 Не упустите шанс приобрести авто вашей мечты! Для размещения объявлений и сотрудничества св",tg-cat public search,https://tg-cat.com/@autoshop_rb,https://tg-cat.com/?search=%D0%B0%D0%B2%D1%82%D0%BE%20%D0%BD%D0%B8%D0%B6%D0%B5%20%D1%80%D1%8B%D0%BD%D0%BA%D0%B0&type=channel&lang=en; https://tg-cat.com/?search=%D0%BD%D0%B8%D0%B6%D0%B5%20%D1%80%D1%8B%D0%BD%D0%BA%D0%B0%20%D0%B0%D0%B2%D1%82%D0%BE&type=channel&lang=en; https://tg-cat.com/?search=%D0%BF%D1%80%D0%BE%D0%B4%D0%B0%D0%B6%D0%B0%20%D0%BC%D0%BE%D1%82%D0%BE&type=channel&lang=en,авто ниже рынка; ниже рынка авто; продажа мото
2026-07-05,Обмен автомобилей,Обмен автомобилей,Не указано / другой регион,#Авторынок Грозный #продаю_авто #чечня #ингушетия #даге...,канал,https://t.me/avtogrozny,avtogrozny,488,не удалось проверить web-источником,неизвестно,В открытой web-карточке условия публикации не указаны.,не указаны в web-карточке,малый размер аудитории; фактическая активность постов/онлайн не проверена web-источником,не удалось проверить без Telegram API / просмотра t.me/s,"Добро пожаловать на канал «Авто Рынок Грозный»! 🚗 Здесь вы найдете самые актуальные объявления о продаже, покупке и обмене автомобилей в Грозном и других регионах Кавказа, включая Чечню, Ингушетию, Даг",tg-cat public search,https://tg-cat.com/@avtogrozny,https://tg-cat.com/?search=%D0%BE%D0%B1%D0%BC%D0%B5%D0%BD%20%D0%B0%D0%B2%D1%82%D0%BE&type=channel&lang=en,обмен авто
2026-07-05,Мототехника,Мототехника; Чаты купли-продажи,Не указано / другой регион,Мопедисты Мото-Объявления Барахолка Казахстан 🇰🇿,чат/группа,https://t.me/kz_moto,kz_moto,484,"да, это чат/группа",неизвестно,В открытой web-карточке условия публикации не указаны.,не указаны в web-карточке,малый размер аудитории; фактическая активность постов/онлайн не проверена web-источником,не удалось проверить без Telegram API / просмотра t.me/s,,tg-cat public search,https://tg-cat.com/@kz_moto,https://tg-cat.com/?search=%D0%BC%D0%BE%D1%82%D0%BE%20%D0%B1%D0%B0%D1%80%D0%B0%D1%85%D0%BE%D0%BB%D0%BA%D0%B0&type=supergroup&lang=en,мото барахолка
2026-07-05,Чаты купли-продажи,Чаты купли-продажи,Не указано / другой регион,Auto 750ru покупка продажа авто,чат/группа,https://t.me/auto750ru,auto750ru,466,"да, это чат/группа",неизвестно,В открытой web-карточке условия публикации не указаны.,не указаны в web-карточке,малый размер аудитории; фактическая активность постов/онлайн не проверена web-источником,не удалось проверить без Telegram API / просмотра t.me/s,,tg-cat public search,https://tg-cat.com/@auto750ru,https://tg-cat.com/?search=%D0%BF%D1%80%D0%BE%D0%B4%D0%B0%D0%B6%D0%B0%20%D0%B0%D0%B2%D1%82%D0%BE&type=supergroup&lang=en,продажа авто
2026-07-05,Обмен автомобилей,Обмен автомобилей; Чаты купли-продажи,Не указано / другой регион,Авторынок • Барахолка • Озерск • Кыштым • Касли,чат/группа,https://t.me/mamaavto1,mamaavto1,460,"да, это чат/группа",неизвестно,В открытой web-карточке условия публикации не указаны.,не указаны в web-карточке,малый размер аудитории; фактическая активность постов/онлайн не проверена web-источником,не удалось проверить без Telegram API / просмотра t.me/s,,tg-cat public search,https://tg-cat.com/@mamaavto1,https://tg-cat.com/?search=%D0%BE%D0%B1%D0%BC%D0%B5%D0%BD%20%D0%B0%D0%B2%D1%82%D0%BE%D0%BC%D0%BE%D0%B1%D0%B8%D0%BB%D0%B5%D0%B9&type=supergroup&lang=en,обмен автомобилей
2026-07-05,Мототехника,Мототехника; Чаты купли-продажи,Не указано / другой регион,МОТО БАРАХОЛКА МЛТ,чат/группа,https://t.me/mmmtbrhmlt,mmmtbrhmlt,452,"да, это чат/группа",неизвестно,В открытой web-карточке условия публикации не указаны.,не указаны в web-карточке,малый размер аудитории; фактическая активность постов/онлайн не проверена web-источником,не удалось проверить без Telegram API / просмотра t.me/s,,tg-cat public search,https://tg-cat.com/@mmmtbrhmlt,https://tg-cat.com/?search=%D0%BC%D0%BE%D1%82%D0%BE%20%D0%B1%D0%B0%D1%80%D0%B0%D1%85%D0%BE%D0%BB%D0%BA%D0%B0&type=supergroup&lang=en,мото барахолка
2026-07-05,Мототехника,Мототехника; Чаты купли-продажи,Не указано / другой регион,Авто-Мото Барахолка ЛНР-ДНР (Ростовская область),чат/группа,https://t.me/motobaraxolkalpr24,motobaraxolkalpr24,449,"да, это чат/группа",неизвестно,В открытой web-карточке условия публикации не указаны.,не указаны в web-карточке,малый размер аудитории; фактическая активность постов/онлайн не проверена web-источником,не удалось проверить без Telegram API / просмотра t.me/s,,tg-cat public search,https://tg-cat.com/@motobaraxolkalpr24,https://tg-cat.com/?search=%D0%B0%D0%B2%D1%82%D0%BE%20%D0%B1%D0%B0%D1%80%D0%B0%D1%85%D0%BE%D0%BB%D0%BA%D0%B0&type=supergroup&lang=en; https://tg-cat.com/?search=%D0%BC%D0%BE%D1%82%D0%BE%20%D0%B1%D0%B0%D1%80%D0%B0%D1%85%D0%BE%D0%BB%D0%BA%D0%B0&type=supergroup&lang=en,авто барахолка; мото барахолка
2026-07-05,Мототехника,Мототехника; Чаты купли-продажи,Не указано / другой регион,"🚘 ЧЕРНОГОРИЯ | Авто, мото | Продажа, аренда, ремонт, се...",чат/группа,https://t.me/chernogoria_cars,chernogoria_cars,449,"да, это чат/группа",неизвестно,В открытой web-карточке условия публикации не указаны.,не указаны в web-карточке,малый размер аудитории; фактическая активность постов/онлайн не проверена web-источником,не удалось проверить без Telegram API / просмотра t.me/s,"🌟 Добро пожаловать в наше сообщество ""ЧЕРНОГОРИЯ | Авто, мото""! 🚘 Здесь вы найдете все о продаже, аренде, ремонте и сервисе авто и мото техники в прекрасной Черногории! 🇲🇪 Мы созда",tg-cat public search,https://tg-cat.com/@chernogoria_cars,https://tg-cat.com/?search=%D0%BF%D1%80%D0%BE%D0%B4%D0%B0%D0%B6%D0%B0%20%D0%BC%D0%BE%D1%82%D0%BE&type=supergroup&lang=en,продажа мото
2026-07-05,Чаты купли-продажи,Чаты купли-продажи,Не указано / другой регион,АВТО БАРАХОЛКА Big China,чат/группа,https://t.me/mybigchina,mybigchina,439,"да, это чат/группа",да / есть указание в описании,В описании есть слово “бесплатно/бесплатная”.,не указаны в web-карточке,малый размер аудитории; фактическая активность постов/онлайн не проверена web-источником,не удалось проверить без Telegram API / просмотра t.me/s,🚗🛒 Добро пожаловать на АВТО БАРАХОЛКУ Big China! Здесь вы можете БЕСПЛАТНО размещать объявления о продаже автомобилей и получать ответы на все ваши вопросы. 🤔🇨🇳 Не упустите шанс приобрести авто из,tg-cat public search,https://tg-cat.com/@mybigchina,https://tg-cat.com/?search=%D0%B0%D0%B2%D1%82%D0%BE%20%D0%B1%D0%B0%D1%80%D0%B0%D1%85%D0%BE%D0%BB%D0%BA%D0%B0&type=supergroup&lang=en,авто барахолка
2026-07-05,Чаты купли-продажи,Чаты купли-продажи,Не указано / другой регион,Авто Барахолка «Движ Париж»Когалым,чат/группа,https://t.me/dvizhparizhkogalym,dvizhparizhkogalym,433,"да, это чат/группа",неизвестно,В открытой web-карточке условия публикации не указаны.,не указаны в web-карточке,малый размер аудитории; фактическая активность постов/онлайн не проверена web-источником,не удалось проверить без Telegram API / просмотра t.me/s,Присоединяйтесь к авто барахолке «Движ Париж» в Когалыме! Обсуждайте автомобили и находите полезные советы в нашем клубе. Узнайте больше и вступайте в чат по ссылке ⬇️ https://t.me,tg-cat public search,https://tg-cat.com/@dvizhparizhkogalym,https://tg-cat.com/?search=%D0%B0%D0%B2%D1%82%D0%BE%20%D0%B1%D0%B0%D1%80%D0%B0%D1%85%D0%BE%D0%BB%D0%BA%D0%B0&type=supergroup&lang=en,авто барахолка
2026-07-05,Чаты купли-продажи,Чаты купли-продажи,Не указано / другой регион,КУПЛЯ-ПРОДАЖА АВТО ИРЛАНДИЯ,чат/группа,https://t.me/irelandcar,irelandcar,432,"да, это чат/группа",неизвестно,В открытой web-карточке условия публикации не указаны.,не указаны в web-карточке,малый размер аудитории; фактическая активность постов/онлайн не проверена web-источником,не удалось проверить без Telegram API / просмотра t.me/s,,tg-cat public search,https://tg-cat.com/@irelandcar,https://tg-cat.com/?search=%D0%BA%D1%83%D0%BF%D0%BB%D1%8E%20%D0%BF%D1%80%D0%BE%D0%B4%D0%B0%D0%BC%20%D0%B0%D0%B2%D1%82%D0%BE&type=supergroup&lang=en,куплю продам авто
2026-07-05,Чаты купли-продажи,Чаты купли-продажи,Не указано / другой регион,Авто Барахолка UA,чат/группа,https://t.me/avto_baraxolka,avto_baraxolka,427,"да, это чат/группа",да / есть указание в описании,В описании есть слово “бесплатно/бесплатная”.,не указаны в web-карточке,малый размер аудитории; фактическая активность постов/онлайн не проверена web-источником,не удалось проверить без Telegram API / просмотра t.me/s,Авто Барахолка UA — платформа для бесплатной публикации объявлений о продаже автомобилей.,tg-cat public search,https://tg-cat.com/@avto_baraxolka,https://tg-cat.com/?search=%D0%B0%D0%B2%D1%82%D0%BE%20%D0%B1%D0%B0%D1%80%D0%B0%D1%85%D0%BE%D0%BB%D0%BA%D0%B0&type=supergroup&lang=en,авто барахолка
2026-07-05,Чаты купли-продажи,Чаты купли-продажи,Не указано / другой регион,Авто Барахолка Ульяновск | avto73ru,канал,https://t.me/avto73ru,avto73ru,420,не удалось проверить web-источником,неизвестно,В открытой web-карточке условия публикации не указаны.,не указаны в web-карточке,малый размер аудитории; фактическая активность постов/онлайн не проверена web-источником,не удалось проверить без Telegram API / просмотра t.me/s,"Добро пожаловать на канал «Авто Барахолка Ульяновск»! Здесь вы найдете настоящий автопарадайз: от автомобилей до запчастей, от личных объявлений до выгодных предложений. Мы предлагаем вам возможность покупать и продавать автоимущество",tg-cat public search,https://tg-cat.com/@avto73ru,https://tg-cat.com/?search=%D0%B0%D0%B2%D1%82%D0%BE%20%D0%B1%D0%B0%D1%80%D0%B0%D1%85%D0%BE%D0%BB%D0%BA%D0%B0&type=channel&lang=en,авто барахолка
2026-07-05,Чаты купли-продажи,Чаты купли-продажи,Не указано / другой регион,АВТОРЫНОК КИРОВА И ОБЛАСТИ,канал,https://t.me/avtovkirove,avtovkirove,418,не удалось проверить web-источником,да / есть указание в описании,В описании есть слово “бесплатно/бесплатная”.,не указаны в web-карточке,малый размер аудитории; фактическая активность постов/онлайн не проверена web-источником,не удалось проверить без Telegram API / просмотра t.me/s,"Добро пожаловать на канал ""АвторыноК Киров и области""! 🚗💥 Здесь вы сможете быстро и удобно купить или продать свой автомобиль. Наша бесплатная онлайн-доска объявлений — идеальное место для обмена автомобилями в Кирове. Не теря",tg-cat public search,https://tg-cat.com/@avtovkirove,https://tg-cat.com/?search=%D0%BA%D1%83%D0%BF%D0%B8%D1%82%D1%8C%20%D0%BF%D1%80%D0%BE%D0%B4%D0%B0%D1%82%D1%8C%20%D0%B0%D0%B2%D1%82%D0%BE&type=channel&lang=en,купить продать авто
2026-07-05,Чаты купли-продажи,Чаты купли-продажи,Не указано / другой регион,Продажа Аукционы авто,канал,https://t.me/cars4you_Florida,cars4you_Florida,410,не удалось проверить web-источником,неизвестно,В открытой web-карточке условия публикации не указаны.,не указаны в web-карточке,малый размер аудитории; фактическая активность постов/онлайн не проверена web-источником,не удалось проверить без Telegram API / просмотра t.me/s,"🚗 Добро пожаловать на наш канал! Меня зовут Олег, и я лицензированный дилер, готовый помочь вам приобрести автомобиль вашей мечты. Здесь вы найдете информацию о продаже автомобилей с закрытых аукционов, а также уникальные предложения и советы для успешной покупки",tg-cat public search,https://tg-cat.com/@cars4you_Florida,https://tg-cat.com/?search=%D0%BF%D1%80%D0%BE%D0%B4%D0%B0%D0%B6%D0%B0%20%D0%B0%D0%B2%D1%82%D0%BE&type=channel&lang=en,продажа авто
2026-07-05,Чаты купли-продажи,Чаты купли-продажи,Не указано / другой регион,Авто Барахолка Днепрорудное,чат/группа,https://t.me/avitoavtoo,avitoavtoo,405,"да, это чат/группа",по согласованию / неясно,"Есть контакт/упоминание размещения, но бесплатность не подтверждена.",не указаны в web-карточке,малый размер аудитории; фактическая активность постов/онлайн не проверена web-источником,не удалось проверить без Telegram API / просмотра t.me/s,🚗💰 Продаете или хотите обменять авто в Днепрорудном? Присоединяйтесь к нашей авто барахолке и размещайте свои объявления! 🔛✨ Не упустите шанс найти идеальную машину!,tg-cat public search,https://tg-cat.com/@avitoavtoo,https://tg-cat.com/?search=%D0%B0%D0%B2%D1%82%D0%BE%20%D0%B1%D0%B0%D1%80%D0%B0%D1%85%D0%BE%D0%BB%D0%BA%D0%B0&type=supergroup&lang=en,авто барахолка
2026-07-05,Мототехника,Мототехника; Чаты купли-продажи,Не указано / другой регион,АВТОРЫНОК БЕЛОРЕЦК УЧАЛЫ,чат/группа,https://t.me/avtorynok_beloretsk,avtorynok_beloretsk,404,"да, это чат/группа",неизвестно,В открытой web-карточке условия публикации не указаны.,не указаны в web-карточке,малый размер аудитории; фактическая активность постов/онлайн не проверена web-источником,не удалось проверить без Telegram API / просмотра t.me/s,"Добро пожаловать в мир Авторынка Белорецк — уникального сообщества для автолюбителей и профессионалов в сфере автомобилей! 🚗 Здесь, в сердце Башкортостана, мы объединяем людей, которые хотят делиться опытом, находить идеальные автомобили и обсуждать",tg-cat public search,https://tg-cat.com/@avtorynok_beloretsk,https://tg-cat.com/?search=%D0%BF%D1%80%D0%BE%D0%B4%D0%B0%D0%B6%D0%B0%20%D0%BC%D0%BE%D1%82%D0%BE&type=supergroup&lang=en,продажа мото
2026-07-05,Мототехника,Мототехника; Чаты купли-продажи,Не указано / другой регион,Вело-Мото Ясиноватая,чат/группа,https://t.me/velomoto1,velomoto1,394,"да, это чат/группа",неизвестно,В открытой web-карточке условия публикации не указаны.,не указаны в web-карточке,малый размер аудитории; фактическая активность постов/онлайн не проверена web-источником,не удалось проверить без Telegram API / просмотра t.me/s,"Вело-Мото Ясиноватая - магазин вело-мототехники, комплектующих и экипировки. Доставка техники и запчастей под заказ. Работаем ПН-ПТ с 9:00 до 16:00. Адрес: Ясиноват",tg-cat public search,https://tg-cat.com/@velomoto1,https://tg-cat.com/?search=%D0%BC%D0%BE%D1%82%D0%BE%D1%82%D0%B5%D1%85%D0%BD%D0%B8%D0%BA%D0%B0&type=supergroup&lang=en,мототехника
2026-07-05,Чаты купли-продажи,Чаты купли-продажи,Не указано / другой регион,Купить / продать гос авто номера Самара Тольятти,чат/группа,https://t.me/nomerasamara,nomerasamara,387,"да, это чат/группа",неизвестно,В открытой web-карточке условия публикации не указаны.,не указаны в web-карточке,малый размер аудитории; фактическая активность постов/онлайн не проверена web-источником,не удалось проверить без Telegram API / просмотра t.me/s,"В нашем чате вы сможете найти и предложить красивые государственные номера для автомобилей в Самарской области, включая Самару и Тольятти. Здесь вы найдете множество объявлений о продаже и покупке уникальных гос номеров, которые добавят индивидуальности вашему автомобилю. Присоединя",tg-cat public search,https://tg-cat.com/@nomerasamara,https://tg-cat.com/?search=%D0%BA%D1%83%D0%BF%D0%B8%D1%82%D1%8C%20%D0%BF%D1%80%D0%BE%D0%B4%D0%B0%D1%82%D1%8C%20%D0%B0%D0%B2%D1%82%D0%BE&type=supergroup&lang=en,купить продать авто
2026-07-05,Мототехника,Мототехника; Чаты купли-продажи,Не указано / другой регион,Авторынок Краснодарский Край,канал,https://t.me/smart_krd123,smart_krd123,380,не удалось проверить web-источником,неизвестно,В открытой web-карточке условия публикации не указаны.,не указаны в web-карточке,малый размер аудитории; фактическая активность постов/онлайн не проверена web-источником,не удалось проверить без Telegram API / просмотра t.me/s,"🚗 Добро пожаловать на канал ""АВТОРЫНОК КРАСНОДАРСКИЙ КРАЙ""! 💯 Здесь вы найдете выгодные предложения по купле/продаже автомобилей, мотоциклов и красивых госномеров. 📌 Публи",tg-cat public search,https://tg-cat.com/@smart_krd123,https://tg-cat.com/?search=%D0%B0%D0%B2%D1%82%D0%BE%D1%80%D1%8B%D0%BD%D0%BE%D0%BA&type=channel&lang=en; https://tg-cat.com/?search=%D0%BA%D1%83%D0%BF%D0%BB%D1%8E%20%D0%BF%D1%80%D0%BE%D0%B4%D0%B0%D0%BC%20%D0%B0%D0%B2%D1%82%D0%BE&type=channel&lang=en; https://tg-cat.com/?search=%D0%BF%D1%80%D0%BE%D0%B4%D0%B0%D0%B6%D0%B0%20%D0%BC%D0%BE%D1%82%D0%BE&type=channel&lang=en,авторынок; куплю продам авто; продажа мото
2026-07-05,Чаты купли-продажи,Чаты купли-продажи,Не указано / другой регион,Куплю/Продам Авто Крым,чат/группа,https://t.me/auto_crimea,auto_crimea,378,"да, это чат/группа",неизвестно,В открытой web-карточке условия публикации не указаны.,не указаны в web-карточке,малый размер аудитории; фактическая активность постов/онлайн не проверена web-источником,не удалось проверить без Telegram API / просмотра t.me/s,,tg-cat public search,https://tg-cat.com/@auto_crimea,https://tg-cat.com/?search=%D0%BA%D1%83%D0%BF%D0%BB%D1%8E%20%D0%BF%D1%80%D0%BE%D0%B4%D0%B0%D0%BC%20%D0%B0%D0%B2%D1%82%D0%BE&type=supergroup&lang=en,куплю продам авто
2026-07-05,Авто ниже рынка,Авто ниже рынка; Чаты купли-продажи,Не указано / другой регион,🇷🇺 АВТОНОМЕРА 🇷🇺 И АВТО НИЖЕ РЫНКА 🇷🇺,чат/группа,https://t.me/doki9999,doki9999,375,"да, это чат/группа",неизвестно,В открытой web-карточке условия публикации не указаны.,не указаны в web-карточке,малый размер аудитории; фактическая активность постов/онлайн не проверена web-источником,не удалось проверить без Telegram API / просмотра t.me/s,"🇷🇺 Добро пожаловать в сообщество АВТОНОМЕРА! 🚗💨 Если вы хотите купить или продать автомобиль, вы попали по адресу! Здесь вы найдете множество предложений на любые автомобили ниже рыночной цены. Мы создали площадку",tg-cat public search,https://tg-cat.com/@doki9999,https://tg-cat.com/?search=%D0%B0%D0%B2%D1%82%D0%BE%20%D0%BD%D0%B8%D0%B6%D0%B5%20%D1%80%D1%8B%D0%BD%D0%BA%D0%B0&type=supergroup&lang=en; https://tg-cat.com/?search=%D0%BD%D0%B8%D0%B6%D0%B5%20%D1%80%D1%8B%D0%BD%D0%BA%D0%B0%20%D0%B0%D0%B2%D1%82%D0%BE&type=supergroup&lang=en,авто ниже рынка; ниже рынка авто
2026-07-05,Обмен автомобилей,Обмен автомобилей,Не указано / другой регион,AVILON Official,канал,https://t.me/avilon_official,avilon_official,370,не удалось проверить web-источником,неизвестно,В открытой web-карточке условия публикации не указаны.,не указаны в web-карточке,малый размер аудитории; фактическая активность постов/онлайн не проверена web-источником,не удалось проверить без Telegram API / просмотра t.me/s,"🌟 Добро пожаловать на канал AVILON Official! 🌟 Здесь мы представляем вам 48 ведущих автомобильных брендов и гордимся званием ""Автодилер года 2022""! 🚗💨 С нашей удобной системой онлайн-бронирования купить,",tg-cat public search,https://tg-cat.com/@avilon_official,https://tg-cat.com/?search=%D0%BE%D0%B1%D0%BC%D0%B5%D0%BD%20%D0%B0%D0%B2%D1%82%D0%BE%D0%BC%D0%BE%D0%B1%D0%B8%D0%BB%D0%B5%D0%B9&type=channel&lang=en,обмен автомобилей
2026-07-05,Чаты купли-продажи,Чаты купли-продажи,Не указано / другой регион,Барахолка авто запчасти Украина 🚗🇺🇦 купля продажа объяв...,чат/группа,https://t.me/razborkaukraine,razborkaukraine,370,"да, это чат/группа",неизвестно,В открытой web-карточке условия публикации не указаны.,не указаны в web-карточке,малый размер аудитории; фактическая активность постов/онлайн не проверена web-источником,не удалось проверить без Telegram API / просмотра t.me/s,,tg-cat public search,https://tg-cat.com/@razborkaukraine,https://tg-cat.com/?search=%D0%BA%D1%83%D0%BF%D0%BB%D1%8E%20%D0%BF%D1%80%D0%BE%D0%B4%D0%B0%D0%BC%20%D0%B0%D0%B2%D1%82%D0%BE&type=supergroup&lang=en,куплю продам авто
2026-07-05,Чаты купли-продажи,Чаты купли-продажи,Не указано / другой регион,АВТО БАРАХОЛКА НОВООРСК,чат/группа,https://t.me/autobaraholka56,autobaraholka56,369,"да, это чат/группа",по согласованию / неясно,"Есть контакт/упоминание размещения, но бесплатность не подтверждена.",не указаны в web-карточке,малый размер аудитории; фактическая активность постов/онлайн не проверена web-источником,не удалось проверить без Telegram API / просмотра t.me/s,"Добро пожаловать в Авто Барахолку Новоорска! 🚗✨ Здесь все enthusiasts автомобилей могут свободно размещать свои объявления о купле-продаже, а также предлагать свои услуги, связанные с автомобильной тематикой. Это идеальное место для тех,",tg-cat public search,https://tg-cat.com/@autobaraholka56,https://tg-cat.com/?search=%D0%B0%D0%B2%D1%82%D0%BE%20%D0%B1%D0%B0%D1%80%D0%B0%D1%85%D0%BE%D0%BB%D0%BA%D0%B0&type=supergroup&lang=en,авто барахолка
2026-07-05,Авто ниже рынка,Авто ниже рынка; Чаты купли-продажи,Не указано / другой регион,Авто ниже рынка 🇷🇺 | Чат Перекупов,чат/группа,https://t.me/perekupskichat,perekupskichat,366,"да, это чат/группа",неизвестно,В открытой web-карточке условия публикации не указаны.,не указаны в web-карточке,малый размер аудитории; фактическая активность постов/онлайн не проверена web-источником,не удалось проверить без Telegram API / просмотра t.me/s,"Добро пожаловать в наш чат ""Авто ниже рынка"" для перекупов! 🇷🇺 Здесь вы найдете отличные предложения и возможности для выгодных сделок на автомобильном рынке. Мы объединяем людей, заинтересованных в срочном выкупе и продаже авто по привлекательным",tg-cat public search,https://tg-cat.com/@perekupskichat,https://tg-cat.com/?search=%D0%B0%D0%B2%D1%82%D0%BE%20%D0%BD%D0%B8%D0%B6%D0%B5%20%D1%80%D1%8B%D0%BD%D0%BA%D0%B0&type=supergroup&lang=en; https://tg-cat.com/?search=%D0%BD%D0%B8%D0%B6%D0%B5%20%D1%80%D1%8B%D0%BD%D0%BA%D0%B0%20%D0%B0%D0%B2%D1%82%D0%BE&type=supergroup&lang=en,авто ниже рынка; ниже рынка авто
2026-07-05,Авторынки Москвы,,Не указано / другой регион,ImpoCars_DV,канал,https://t.me/autofromchina25,autofromchina25,365,не удалось проверить web-источником,неизвестно,В открытой web-карточке условия публикации не указаны.,не указаны в web-карточке,малый размер аудитории; фактическая активность постов/онлайн не проверена web-источником,не удалось проверить без Telegram API / просмотра t.me/s,"Добро пожаловать на канал ImpoCars_DV! 🚗 Мы занимаемся импортом автомобилей с 2010 года и специализируемся на продаже авто из Китая, Кореи и Японии. У нас вы найдете полный спектр услуг «под ключ»: от выбора до",tg-cat public search,https://tg-cat.com/@autofromchina25,https://tg-cat.com/?search=%D0%BF%D1%80%D0%BE%D0%B4%D0%B0%D0%B6%D0%B0%20%D0%B0%D0%B2%D1%82%D0%BE%20%D0%BC%D0%BE%D1%81%D0%BA%D0%B2%D0%B0&type=channel&lang=en,продажа авто москва
2026-07-05,Мототехника,Мототехника; Чаты купли-продажи,Не указано / другой регион,Авторынок Воронеж,чат/группа,https://t.me/avtobazarvrn,avtobazarvrn,364,"да, это чат/группа",неизвестно,В открытой web-карточке условия публикации не указаны.,не указаны в web-карточке,малый размер аудитории; фактическая активность постов/онлайн не проверена web-источником,не удалось проверить без Telegram API / просмотра t.me/s,,tg-cat public search,https://tg-cat.com/@avtobazarvrn,https://tg-cat.com/?search=%D0%BF%D1%80%D0%BE%D0%B4%D0%B0%D0%B6%D0%B0%20%D0%BC%D0%BE%D1%82%D0%BE&type=supergroup&lang=en,продажа мото
2026-07-05,Чаты купли-продажи,Чаты купли-продажи,Не указано / другой регион,Авто Барахолка Краснодара № 1,канал,https://t.me/avto_baraholka_krasnodar_123,avto_baraholka_krasnodar_123,357,не удалось проверить web-источником,неизвестно,В открытой web-карточке условия публикации не указаны.,не указаны в web-карточке,малый размер аудитории; фактическая активность постов/онлайн не проверена web-источником,не удалось проверить без Telegram API / просмотра t.me/s,,tg-cat public search,https://tg-cat.com/@avto_baraholka_krasnodar_123,https://tg-cat.com/?search=%D0%B0%D0%B2%D1%82%D0%BE%20%D0%B1%D0%B0%D1%80%D0%B0%D1%85%D0%BE%D0%BB%D0%BA%D0%B0&type=channel&lang=en,авто барахолка
2026-07-05,Чаты купли-продажи,Чаты купли-продажи,Не указано / другой регион,КУПЛЮ-ПРОДАМ АВТО В ШАРЛОТТЕ.,чат/группа,https://t.me/buy_sell_cars_charlotte,buy_sell_cars_charlotte,356,"да, это чат/группа",неизвестно,В открытой web-карточке условия публикации не указаны.,не указаны в web-карточке,малый размер аудитории; фактическая активность постов/онлайн не проверена web-источником,не удалось проверить без Telegram API / просмотра t.me/s,"🔧🚗 **Куплю-продам авто в Шарлотте!** 🚗🔧 Ищете, где купить или продать автомобиль в Шарлотте, Северная Каролина? Мы создали специальную группу, где вы можете встретить множество предлож",tg-cat public search,https://tg-cat.com/@buy_sell_cars_charlotte,https://tg-cat.com/?search=%D0%BA%D1%83%D0%BF%D0%BB%D1%8E%20%D0%BF%D1%80%D0%BE%D0%B4%D0%B0%D0%BC%20%D0%B0%D0%B2%D1%82%D0%BE&type=supergroup&lang=en,куплю продам авто
2026-07-05,Мототехника,Мототехника; Чаты купли-продажи,Не указано / другой регион,Мото барахолка_ Знаменка_,чат/группа,https://t.me/mototuruop,mototuruop,348,"да, это чат/группа",неизвестно,В открытой web-карточке условия публикации не указаны.,не указаны в web-карточке,малый размер аудитории; фактическая активность постов/онлайн не проверена web-источником,не удалось проверить без Telegram API / просмотра t.me/s,"Добро пожаловать в мир мото-барахолки Знаменка! 🏍️ Здесь собрались истинные ценители мототехники и все, кто неравнодушен к культуре мотоциклов. Наше сообщество — это идеальное место",tg-cat public search,https://tg-cat.com/@mototuruop,https://tg-cat.com/?search=%D0%BC%D0%BE%D1%82%D0%BE%20%D0%B1%D0%B0%D1%80%D0%B0%D1%85%D0%BE%D0%BB%D0%BA%D0%B0&type=supergroup&lang=en; https://tg-cat.com/?search=%D0%BC%D0%BE%D1%82%D0%BE&type=supergroup&lang=en,мото; мото барахолка
2026-07-05,Чаты купли-продажи,Чаты купли-продажи,Не указано / другой регион,Авто барахолка Казань,чат/группа,https://t.me/avtoboroholkakzn,avtoboroholkakzn,347,"да, это чат/группа",неизвестно,В открытой web-карточке условия публикации не указаны.,не указаны в web-карточке,малый размер аудитории; фактическая активность постов/онлайн не проверена web-источником,не удалось проверить без Telegram API / просмотра t.me/s,"Добро пожаловать в нашу автобарахолку Казань! 🚗✨ Здесь вы можете легко и удобно купить или продать автомобильные запчасти. Не забывайте, что в нашей группе запрещено устраивать авторазборы, а за спам и неуместное",tg-cat public search,https://tg-cat.com/@avtoboroholkakzn,https://tg-cat.com/?search=%D0%B0%D0%B2%D1%82%D0%BE%20%D0%B1%D0%B0%D1%80%D0%B0%D1%85%D0%BE%D0%BB%D0%BA%D0%B0&type=supergroup&lang=en,авто барахолка
2026-07-05,Чаты купли-продажи,Чаты купли-продажи,Не указано / другой регион,"Автобазар Луцьк | Купити, Продати Авто",чат/группа,https://t.me/avtolutsk,avtolutsk,343,"да, это чат/группа",неизвестно,В открытой web-карточке условия публикации не указаны.,не указаны в web-карточке,малый размер аудитории; фактическая активность постов/онлайн не проверена web-источником,не удалось проверить без Telegram API / просмотра t.me/s,"Ласкаво просимо до нашої спільноти «Автобазар Луцьк»! 🚗✨ Тут зібралися лише справжні поціновувачі автомобілів – тих, хто хоче купити або продати авто безпосередньо",tg-cat public search,https://tg-cat.com/@avtolutsk,https://tg-cat.com/?search=%D0%BA%D1%83%D0%BF%D0%B8%D1%82%D1%8C%20%D0%BF%D1%80%D0%BE%D0%B4%D0%B0%D1%82%D1%8C%20%D0%B0%D0%B2%D1%82%D0%BE&type=supergroup&lang=en,купить продать авто
2026-07-05,Чаты купли-продажи,Чаты купли-продажи,Не указано / другой регион,🚗Авто Продажа Башкортостан,чат/группа,https://t.me/bash_avto,bash_avto,331,"да, это чат/группа",неизвестно,В открытой web-карточке условия публикации не указаны.,@zapchastrb,малый размер аудитории; фактическая активность постов/онлайн не проверена web-источником,не удалось проверить без Telegram API / просмотра t.me/s,"Добро пожаловать в мир автомобильных сделок в Башкортостане! 🚗 Здесь вы найдете выгодные объявления о продаже авто, где можно выбрать как легковые автомобили, так и грузовики. Не забудьте обратить внимание на наш канал @zapchastrb, если вам нужны запчаст",tg-cat public search,https://tg-cat.com/@bash_avto,https://tg-cat.com/?search=%D0%BF%D1%80%D0%BE%D0%B4%D0%B0%D0%B6%D0%B0%20%D0%B0%D0%B2%D1%82%D0%BE&type=supergroup&lang=en,продажа авто
2026-07-05,Обмен автомобилей,Обмен автомобилей,Не указано / другой регион,АВТОРЫНОК ЕКАТЕРИНБУРГ Ӏ‎ АВТОМОБИЛИ ЕКБ Ӏ‎ СРОЧНЫЙ ВЫК...,канал,https://t.me/avtorynok_yekaterinburg,avtorynok_yekaterinburg,330,не удалось проверить web-источником,неизвестно,В открытой web-карточке условия публикации не указаны.,не указаны в web-карточке,малый размер аудитории; фактическая активность постов/онлайн не проверена web-источником,не удалось проверить без Telegram API / просмотра t.me/s,"Добро пожаловать на наш канал «Автомобили Екатеринбург»! Здесь вы найдете всё, что связано с покупкой, продажей и обменом автомобилей в Екатеринбурге. Мы предоставляем платформу для частных лиц, желающих продать или купить машину, а также возможность",tg-cat public search,https://tg-cat.com/@avtorynok_yekaterinburg,https://tg-cat.com/?search=%D0%BE%D0%B1%D0%BC%D0%B5%D0%BD%20%D0%B0%D0%B2%D1%82%D0%BE%D0%BC%D0%BE%D0%B1%D0%B8%D0%BB%D0%B5%D0%B9&type=channel&lang=en,обмен автомобилей
2026-07-05,Обмен автомобилей,Обмен автомобилей; Чаты купли-продажи,Не указано / другой регион,АВТОРЫНОК ЯКУТСК 14 РС(Я),чат/группа,https://t.me/avtoykt14rus,avtoykt14rus,330,"да, это чат/группа",неизвестно,В открытой web-карточке условия публикации не указаны.,не указаны в web-карточке,малый размер аудитории; фактическая активность постов/онлайн не проверена web-источником,не удалось проверить без Telegram API / просмотра t.me/s,,tg-cat public search,https://tg-cat.com/@avtoykt14rus,https://tg-cat.com/?search=%D0%BE%D0%B1%D0%BC%D0%B5%D0%BD%20%D0%B0%D0%B2%D1%82%D0%BE&type=supergroup&lang=en,обмен авто
2026-07-05,Мототехника,Мототехника; Чаты купли-продажи,Россия / не указано точнее,МОТО БАРАХОЛКА РОССИЯ,чат/группа,https://t.me/motorinok_rf,motorinok_rf,326,"да, это чат/группа",неизвестно,В открытой web-карточке условия публикации не указаны.,не указаны в web-карточке,малый размер аудитории; фактическая активность постов/онлайн не проверена web-источником,не удалось проверить без Telegram API / просмотра t.me/s,,tg-cat public search,https://tg-cat.com/@motorinok_rf,https://tg-cat.com/?search=%D0%BC%D0%BE%D1%82%D0%BE%20%D0%B1%D0%B0%D1%80%D0%B0%D1%85%D0%BE%D0%BB%D0%BA%D0%B0&type=supergroup&lang=en,мото барахолка
2026-07-05,Чаты купли-продажи,Чаты купли-продажи,Не указано / другой регион,GreenCars - Центр по продаже авто,канал,https://t.me/green_cars,green_cars,322,не удалось проверить web-источником,неизвестно,В открытой web-карточке условия публикации не указаны.,не указаны в web-карточке,малый размер аудитории; фактическая активность постов/онлайн не проверена web-источником,не удалось проверить без Telegram API / просмотра t.me/s,"🌿 Добро пожаловать в GreenCars – ваш надежный центр по продаже автомобилей! 🚙 Мы предлагаем широкий выбор авто в наличии и под заказ из США, ЕС и Китая. Наши услуги включают лизинг и кредитование, чтобы сделать покупку автомобиля максимально удобной для вас",tg-cat public search,https://tg-cat.com/@green_cars,https://tg-cat.com/?search=%D0%BF%D1%80%D0%BE%D0%B4%D0%B0%D0%B6%D0%B0%20%D0%B0%D0%B2%D1%82%D0%BE&type=channel&lang=en,продажа авто
2026-07-05,Обмен автомобилей,Обмен автомобилей; Чаты купли-продажи,Не указано / другой регион,Авторынок Республика Мордовия🏎🤝💰,чат/группа,https://t.me/autorinokrm,autorinokrm,315,"да, это чат/группа",неизвестно,В открытой web-карточке условия публикации не указаны.,не указаны в web-карточке,малый размер аудитории; фактическая активность постов/онлайн не проверена web-источником,не удалось проверить без Telegram API / просмотра t.me/s,"🌟 Добро пожаловать на авторынок Республики Мордовия! 🏎🤝💰 Здесь у вас есть уникальная возможность легко купить, продать или обменять автомобили и сопутствующие товары! 🚗✨ Если вы мечтаете о новом железном друге или",tg-cat public search,https://tg-cat.com/@autorinokrm,https://tg-cat.com/?search=%D0%BE%D0%B1%D0%BC%D0%B5%D0%BD%20%D0%B0%D0%B2%D1%82%D0%BE%D0%BC%D0%BE%D0%B1%D0%B8%D0%BB%D0%B5%D0%B9&type=supergroup&lang=en,обмен автомобилей
2026-07-05,Чаты купли-продажи,Чаты купли-продажи,Не указано / другой регион,АВТОМОБИЛИ ЕКАТЕРИНБУРГ Ӏ‎ КУПИТЬ ПРОДАТЬ МАШИНУ Ӏ ПРОД...,чат/группа,https://t.me/avto_ekb_kuplu_prodam,avto_ekb_kuplu_prodam,312,"да, это чат/группа",да / есть указание в описании,В описании есть слово “бесплатно/бесплатная”.,не указаны в web-карточке,малый размер аудитории; фактическая активность постов/онлайн не проверена web-источником,не удалось проверить без Telegram API / просмотра t.me/s,"🚗 Добро пожаловать в сообщество ""Автомобили Екатеринбург""! Здесь вы можете легко купить или продать автомобиль, обменяться опытом и найти идеальное транспортное средство по самым выгодным условиям. 🔥 Наши бесплатные объявления помогут вам не упустить возможность",tg-cat public search,https://tg-cat.com/@avto_ekb_kuplu_prodam,https://tg-cat.com/?search=%D0%BA%D1%83%D0%BF%D0%B8%D1%82%D1%8C%20%D0%BF%D1%80%D0%BE%D0%B4%D0%B0%D1%82%D1%8C%20%D0%B0%D0%B2%D1%82%D0%BE&type=supergroup&lang=en,купить продать авто
2026-07-05,Обмен автомобилей,Обмен автомобилей,Не указано / другой регион,Альянс - Авто | Мурманск,канал,https://t.me/alians_avto_51,alians_avto_51,309,не удалось проверить web-источником,неизвестно,В открытой web-карточке условия публикации не указаны.,не указаны в web-карточке,малый размер аудитории; фактическая активность постов/онлайн не проверена web-источником,не удалось проверить без Telegram API / просмотра t.me/s,"🚗 Приветствуем вас на канале автосалона ""Альянс Авто"" в Мурманске! Здесь вы найдете всё, что нужно для идеального авто-покупки. У нас более 200 автомобилей в наличии, и мы готовы предложить вам лучшие условия",tg-cat public search,https://tg-cat.com/@alians_avto_51,https://tg-cat.com/?search=%D0%BE%D0%B1%D0%BC%D0%B5%D0%BD%20%D0%B0%D0%B2%D1%82%D0%BE%D0%BC%D0%BE%D0%B1%D0%B8%D0%BB%D0%B5%D0%B9&type=channel&lang=en; https://tg-cat.com/?search=%D0%BE%D0%B1%D0%BC%D0%B5%D0%BD%20%D0%B0%D0%B2%D1%82%D0%BE&type=channel&lang=en,обмен авто; обмен автомобилей
2026-07-05,Чаты купли-продажи,Чаты купли-продажи,Россия / не указано точнее,Удаление удалить отзывы,канал,https://t.me/wbcorean,wbcorean,309,не удалось проверить web-источником,неизвестно,В открытой web-карточке условия публикации не указаны.,не указаны в web-карточке,малый размер аудитории; фактическая активность постов/онлайн не проверена web-источником,не удалось проверить без Telegram API / просмотра t.me/s,"Добро пожаловать на наш канал! 🚗 Здесь мы поможем вам выгодно купить или продать автомобиль на территории России. 🇷🇺 У нас вы найдете актуальные объявления и полезные советы для успешной сделки. ✨ Не забудьте подать свое объявление, чтобы заинтерес",tg-cat public search,https://tg-cat.com/@wbcorean,https://tg-cat.com/?search=%D0%BA%D1%83%D0%BF%D0%B8%D1%82%D1%8C%20%D0%BF%D1%80%D0%BE%D0%B4%D0%B0%D1%82%D1%8C%20%D0%B0%D0%B2%D1%82%D0%BE&type=channel&lang=en,купить продать авто
2026-07-05,Чаты купли-продажи,Чаты купли-продажи,Не указано / другой регион,КУПЛЯ - ПРОДАЖА АВТО БІЛА ЦЕРКВА,чат/группа,https://t.me/palne_bc,palne_bc,305,"да, это чат/группа",неизвестно,В открытой web-карточке условия публикации не указаны.,не указаны в web-карточке,малый размер аудитории; фактическая активность постов/онлайн не проверена web-источником,не удалось проверить без Telegram API / просмотра t.me/s,,tg-cat public search,https://tg-cat.com/@palne_bc,https://tg-cat.com/?search=%D0%BA%D1%83%D0%BF%D0%BB%D1%8E%20%D0%BF%D1%80%D0%BE%D0%B4%D0%B0%D0%BC%20%D0%B0%D0%B2%D1%82%D0%BE&type=supergroup&lang=en,куплю продам авто
2026-07-05,Авто ниже рынка,Авто ниже рынка; Чаты купли-продажи,Не указано / другой регион,Авто ниже рынка | Перекупы Ульяновск | Димитровград | П...,чат/группа,https://t.me/perek_ul,perek_ul,297,"да, это чат/группа",неизвестно,В открытой web-карточке условия публикации не указаны.,не указаны в web-карточке,малый размер аудитории; фактическая активность постов/онлайн не проверена web-источником,не удалось проверить без Telegram API / просмотра t.me/s,"🗣️ Добро пожаловать в наш чат, посвященный продаже авто по выгодным ценам! Здесь вы можете найти предложения ниже рыночной стоимости от перекупщиков из Ульяновска, Димитровграда и Поволжья. 🚗💰",tg-cat public search,https://tg-cat.com/@perek_ul,https://tg-cat.com/?search=%D0%B0%D0%B2%D1%82%D0%BE%20%D0%BD%D0%B8%D0%B6%D0%B5%20%D1%80%D1%8B%D0%BD%D0%BA%D0%B0&type=supergroup&lang=en; https://tg-cat.com/?search=%D0%BD%D0%B8%D0%B6%D0%B5%20%D1%80%D1%8B%D0%BD%D0%BA%D0%B0%20%D0%B0%D0%B2%D1%82%D0%BE&type=supergroup&lang=en,авто ниже рынка; ниже рынка авто
2026-07-05,Чаты купли-продажи,Чаты купли-продажи,Не указано / другой регион,"Продажа, покупка авто в Израиле.",канал,https://t.me/autoisrael,autoisrael,295,не удалось проверить web-источником,неизвестно,В открытой web-карточке условия публикации не указаны.,не указаны в web-карточке,малый размер аудитории; фактическая активность постов/онлайн не проверена web-источником,не удалось проверить без Telegram API / просмотра t.me/s,,tg-cat public search,https://tg-cat.com/@autoisrael,https://tg-cat.com/?search=%D0%BF%D1%80%D0%BE%D0%B4%D0%B0%D0%B6%D0%B0%20%D0%B0%D0%B2%D1%82%D0%BE&type=channel&lang=en,продажа авто
2026-07-05,Чаты купли-продажи,Чаты купли-продажи,Не указано / другой регион,Стамбул | Авито | Барахолка | Продам | Куплю | Мебель |...,канал,https://t.me/stambulavito,stambulavito,293,не удалось проверить web-источником,неизвестно,В открытой web-карточке условия публикации не указаны.,не указаны в web-карточке,малый размер аудитории; фактическая активность постов/онлайн не проверена web-источником,не удалось проверить без Telegram API / просмотра t.me/s,"🌟 Добро пожаловать на наш канал, посвящённый торговле в Стамбуле! Здесь вы можете легко продать, купить или обменять мебель, личные вещи, аренду жилья и автомобили. 🏠🚗 Нужна помощь в подаче объявления? Обрат",tg-cat public search,https://tg-cat.com/@stambulavito,https://tg-cat.com/?search=%D0%B0%D0%B2%D1%82%D0%BE%20%D0%B1%D0%B0%D1%80%D0%B0%D1%85%D0%BE%D0%BB%D0%BA%D0%B0&type=channel&lang=en; https://tg-cat.com/?search=%D0%BA%D1%83%D0%BF%D0%BB%D1%8E%20%D0%BF%D1%80%D0%BE%D0%B4%D0%B0%D0%BC%20%D0%B0%D0%B2%D1%82%D0%BE&type=channel&lang=en,авто барахолка; куплю продам авто
2026-07-05,Обмен автомобилей,Обмен автомобилей; Чаты купли-продажи,Не указано / другой регион,🇫🇷ФРАНЦИЯ/Обмен валют/Работа/Недвижимость/Авто,чат/группа,https://t.me/france_money_p2p,france_money_p2p,291,"да, это чат/группа",да / есть указание в описании,В описании есть слово “бесплатно/бесплатная”.,не указаны в web-карточке,малый размер аудитории; фактическая активность постов/онлайн не проверена web-источником,не удалось проверить без Telegram API / просмотра t.me/s,"🌟 Добро пожаловать в мир возможностей! 🌍 Мы создали уникальное пространство для обмена информацией о валюте, поиске работы, недвижимости и автомобилей во Франции. 🇫🇷 Наша бесплатная группа объявлений станет вашим надежным помощником в любых начинаниях",tg-cat public search,https://tg-cat.com/@france_money_p2p,https://tg-cat.com/?search=%D0%BE%D0%B1%D0%BC%D0%B5%D0%BD%20%D0%B0%D0%B2%D1%82%D0%BE&type=supergroup&lang=en,обмен авто
2026-07-05,Чаты купли-продажи,Чаты купли-продажи,Не указано / другой регион,Авто-Барахолка Иркутск | 38rus,чат/группа,https://t.me/automoto38,automoto38,289,"да, это чат/группа",неизвестно,В открытой web-карточке условия публикации не указаны.,не указаны в web-карточке,малый размер аудитории; фактическая активность постов/онлайн не проверена web-источником,не удалось проверить без Telegram API / просмотра t.me/s,"Добро пожаловать в мир авто-барахолки Иркутска на 38rus! 🚗✨ Здесь вы найдете все для вашего автомобиля: от техники и запчастей до экипировки и аксессуаров. Присоединяйтесь к нашему сообществу, где",tg-cat public search,https://tg-cat.com/@automoto38,https://tg-cat.com/?search=%D0%B0%D0%B2%D1%82%D0%BE%20%D0%B1%D0%B0%D1%80%D0%B0%D1%85%D0%BE%D0%BB%D0%BA%D0%B0&type=supergroup&lang=en,авто барахолка
2026-07-05,Авто ниже рынка,Авто ниже рынка; Чаты купли-продажи,Не указано / другой регион,АВТО-РЫНОК 62 РЯЗАНЬ ( АВТО НИЖЕ РЫНКА),чат/группа,https://t.me/avto_rinok62,avto_rinok62,287,"да, это чат/группа",неизвестно,В открытой web-карточке условия публикации не указаны.,не указаны в web-карточке,малый размер аудитории; фактическая активность постов/онлайн не проверена web-источником,не удалось проверить без Telegram API / просмотра t.me/s,,tg-cat public search,https://tg-cat.com/@avto_rinok62,https://tg-cat.com/?search=%D0%B0%D0%B2%D1%82%D0%BE%20%D0%BD%D0%B8%D0%B6%D0%B5%20%D1%80%D1%8B%D0%BD%D0%BA%D0%B0&type=supergroup&lang=en; https://tg-cat.com/?search=%D0%BD%D0%B8%D0%B6%D0%B5%20%D1%80%D1%8B%D0%BD%D0%BA%D0%B0%20%D0%B0%D0%B2%D1%82%D0%BE&type=supergroup&lang=en,авто ниже рынка; ниже рынка авто
2026-07-05,Обмен автомобилей,Обмен автомобилей,Не указано / другой регион,БИЗНЕС КАР. Автомобили с пробегом,канал,https://t.me/businesscar_proexpert,businesscar_proexpert,284,не удалось проверить web-источником,неизвестно,В открытой web-карточке условия публикации не указаны.,не указаны в web-карточке,малый размер аудитории; фактическая активность постов/онлайн не проверена web-источником,не удалось проверить без Telegram API / просмотра t.me/s,"🎉 Добро пожаловать в мир БИЗНЕС КАР! 🚗 Если вы ищете надежный автомобиль с пробегом, вы пришли по адресу! В нашем ассортименте более тысячи автомобилей, и мы готовы предложить вам самые выгодные цены и условия. С нами вы",tg-cat public search,https://tg-cat.com/@businesscar_proexpert,https://tg-cat.com/?search=%D0%BE%D0%B1%D0%BC%D0%B5%D0%BD%20%D0%B0%D0%B2%D1%82%D0%BE%D0%BC%D0%BE%D0%B1%D0%B8%D0%BB%D0%B5%D0%B9&type=channel&lang=en,обмен автомобилей
2026-07-05,Обмен автомобилей,Обмен автомобилей; Чаты купли-продажи,Не указано / другой регион,АВТОРЫНОК ЧАТ🇷🇺,чат/группа,https://t.me/perekups_msk,perekups_msk,276,"да, это чат/группа",неизвестно,В открытой web-карточке условия публикации не указаны.,не указаны в web-карточке,малый размер аудитории; фактическая активность постов/онлайн не проверена web-источником,не удалось проверить без Telegram API / просмотра t.me/s,,tg-cat public search,https://tg-cat.com/@perekups_msk,https://tg-cat.com/?search=%D0%BE%D0%B1%D0%BC%D0%B5%D0%BD%20%D0%B0%D0%B2%D1%82%D0%BE&type=supergroup&lang=en,обмен авто
2026-07-05,Мототехника,Мототехника; Чаты купли-продажи,Не указано / другой регион,Канада Авто-Мото Барахолка,чат/группа,https://t.me/canada_auto_moto,canada_auto_moto,276,"да, это чат/группа",неизвестно,В открытой web-карточке условия публикации не указаны.,не указаны в web-карточке,малый размер аудитории; фактическая активность постов/онлайн не проверена web-источником,не удалось проверить без Telegram API / просмотра t.me/s,,tg-cat public search,https://tg-cat.com/@canada_auto_moto,https://tg-cat.com/?search=%D0%B0%D0%B2%D1%82%D0%BE%20%D0%B1%D0%B0%D1%80%D0%B0%D1%85%D0%BE%D0%BB%D0%BA%D0%B0&type=supergroup&lang=en; https://tg-cat.com/?search=%D0%BC%D0%BE%D1%82%D0%BE%20%D0%B1%D0%B0%D1%80%D0%B0%D1%85%D0%BE%D0%BB%D0%BA%D0%B0&type=supergroup&lang=en,авто барахолка; мото барахолка
2026-07-05,Обмен автомобилей,Обмен автомобилей; Чаты купли-продажи,Не указано / другой регион,Бу Авто ДНР ЛНР АВТОРЫНОК,чат/группа,https://t.me/avtorunokdnrlnr,avtorunokdnrlnr,251,"да, это чат/группа",неизвестно,В открытой web-карточке условия публикации не указаны.,не указаны в web-карточке,малый размер аудитории; фактическая активность постов/онлайн не проверена web-источником,не удалось проверить без Telegram API / просмотра t.me/s,"Группа ""Авто ДНР ЛНР АВТОРЫНОК"" является платформой для объявлений о купле, продаже и обмене автомобилей. Здесь представлена электронная база свежих объявлений на автомобильном рынке.",tg-cat public search,https://tg-cat.com/@avtorunokdnrlnr,https://tg-cat.com/?search=%D0%BA%D1%83%D0%BF%D0%BB%D1%8F%20%D0%BF%D1%80%D0%BE%D0%B4%D0%B0%D0%B6%D0%B0%20%D0%BE%D0%B1%D0%BC%D0%B5%D0%BD%20%D0%B0%D0%B2%D1%82%D0%BE&type=supergroup&lang=en,купля продажа обмен авто
2026-07-05,Авто ниже рынка,Авто ниже рынка; Чаты купли-продажи,Не указано / другой регион,Продажа авто - Краснодарский Край Авто-номера . Эвакуат...,чат/группа,https://t.me/avtorinokrus,avtorinokrus,246,"да, это чат/группа",неизвестно,В открытой web-карточке условия публикации не указаны.,не указаны в web-карточке,малый размер аудитории; фактическая активность постов/онлайн не проверена web-источником,не удалось проверить без Telegram API / просмотра t.me/s,"🌟 Добро пожаловать в сообщество «Продажа авто - Краснодарский Край»! 🚗💨 Здесь вы найдете самые выгодные предложения на автомобили по цене ниже рынка! Мы рады предложить вам не только продажу авто, но и услуги авторазборок, эваку",tg-cat public search,https://tg-cat.com/@avtorinokrus,https://tg-cat.com/?search=%D0%B0%D0%B2%D1%82%D0%BE%20%D0%BD%D0%B8%D0%B6%D0%B5%20%D1%80%D1%8B%D0%BD%D0%BA%D0%B0&type=supergroup&lang=en; https://tg-cat.com/?search=%D0%BD%D0%B8%D0%B6%D0%B5%20%D1%80%D1%8B%D0%BD%D0%BA%D0%B0%20%D0%B0%D0%B2%D1%82%D0%BE&type=supergroup&lang=en,авто ниже рынка; ниже рынка авто
2026-07-05,Мототехника,Мототехника; Чаты купли-продажи,Не указано / другой регион,Мото покупка/продаж Україна,чат/группа,https://t.me/motosaleua,motosaleua,241,"да, это чат/группа",неизвестно,В открытой web-карточке условия публикации не указаны.,не указаны в web-карточке,малый размер аудитории; фактическая активность постов/онлайн не проверена web-источником,не удалось проверить без Telegram API / просмотра t.me/s,,tg-cat public search,https://tg-cat.com/@motosaleua,https://tg-cat.com/?search=%D0%BC%D0%BE%D1%82%D0%BE&type=supergroup&lang=en; https://tg-cat.com/?search=%D0%BF%D1%80%D0%BE%D0%B4%D0%B0%D0%B6%D0%B0%20%D0%BC%D0%BE%D1%82%D0%BE&type=supergroup&lang=en,мото; продажа мото
2026-07-05,Авто ниже рынка,Авто ниже рынка,Не указано / другой регион,CARVILLE АВТО НИЖЕ РЫНКА 🔥,канал,https://t.me/carville_msk,carville_msk,238,не удалось проверить web-источником,неизвестно,В открытой web-карточке условия публикации не указаны.,не указаны в web-карточке,малый размер аудитории; фактическая активность постов/онлайн не проверена web-источником,не удалось проверить без Telegram API / просмотра t.me/s,"**Описание канала Carville** Добро пожаловать в мир Carville! 🚗🔥 Здесь вы найдете автомобили в наличии и на заказ по самым привлекательным ценам из 🇪🇺Европы, 🇨🇳Китая и 🇰🇷Кореи.",tg-cat public search,https://tg-cat.com/@carville_msk,https://tg-cat.com/?search=%D0%B0%D0%B2%D1%82%D0%BE%20%D0%BD%D0%B8%D0%B6%D0%B5%20%D1%80%D1%8B%D0%BD%D0%BA%D0%B0&type=channel&lang=en; https://tg-cat.com/?search=%D0%BD%D0%B8%D0%B6%D0%B5%20%D1%80%D1%8B%D0%BD%D0%BA%D0%B0%20%D0%B0%D0%B2%D1%82%D0%BE&type=channel&lang=en; https://tg-cat.com/?search=%D0%BF%D0%BE%20%D0%BD%D0%B8%D0%B7%D1%83%20%D1%80%D1%8B%D0%BD%D0%BA%D0%B0&type=channel&lang=en,авто ниже рынка; ниже рынка авто; по низу рынка
2026-07-05,Обмен автомобилей,Обмен автомобилей; Чаты купли-продажи,Не указано / другой регион,Авторынок BY,чат/группа,https://t.me/automalinovka,automalinovka,219,"да, это чат/группа",неизвестно,В открытой web-карточке условия публикации не указаны.,не указаны в web-карточке,малый размер аудитории; фактическая активность постов/онлайн не проверена web-источником,не удалось проверить без Telegram API / просмотра t.me/s,"Группа ""Авторынок BY"" представляет собой онлайн площадку для покупки, продажи и обмена автомобилей в Минске, Беларусь. Дополнительно работает в режиме AV и ABW без рекламы.",tg-cat public search,https://tg-cat.com/@automalinovka,https://tg-cat.com/?search=%D0%BE%D0%B1%D0%BC%D0%B5%D0%BD%20%D0%B0%D0%B2%D1%82%D0%BE%D0%BC%D0%BE%D0%B1%D0%B8%D0%BB%D0%B5%D0%B9&type=supergroup&lang=en,обмен автомобилей
2026-07-05,Чаты купли-продажи,Чаты купли-продажи,Не указано / другой регион,Авто-Барахолка Волгоград,чат/группа,https://t.me/avtobaraholkavlg,avtobaraholkavlg,218,"да, это чат/группа",неизвестно,В открытой web-карточке условия публикации не указаны.,не указаны в web-карточке,малый размер аудитории; фактическая активность постов/онлайн не проверена web-источником,не удалось проверить без Telegram API / просмотра t.me/s,"Группа ""Авто-Барахолка Волгоград"" предназначена исключительно для продажи лотов. Обсуждение цен и диалоги в группе запрещены. Ссылка на барахолку: https://t.me/avtobaraholkavlg.",tg-cat public search,https://tg-cat.com/@avtobaraholkavlg,https://tg-cat.com/?search=%D0%B0%D0%B2%D1%82%D0%BE%20%D0%B1%D0%B0%D1%80%D0%B0%D1%85%D0%BE%D0%BB%D0%BA%D0%B0&type=supergroup&lang=en,авто барахолка
2026-07-05,Чаты купли-продажи,Чаты купли-продажи,Не указано / другой регион,Авто барахолка кимры дубна,чат/группа,https://t.me/avtokimrydubna01,avtokimrydubna01,217,"да, это чат/группа",неизвестно,В открытой web-карточке условия публикации не указаны.,не указаны в web-карточке,малый размер аудитории; фактическая активность постов/онлайн не проверена web-источником,не удалось проверить без Telegram API / просмотра t.me/s,,tg-cat public search,https://tg-cat.com/@avtokimrydubna01,https://tg-cat.com/?search=%D0%B0%D0%B2%D1%82%D0%BE%20%D0%B1%D0%B0%D1%80%D0%B0%D1%85%D0%BE%D0%BB%D0%BA%D0%B0&type=supergroup&lang=en,авто барахолка
2026-07-05,Чаты купли-продажи,Чаты купли-продажи,Не указано / другой регион,Авто барахолка (Ишим),чат/группа,https://t.me/v3or_evfmezmjgy,v3or_evfmezmjgy,216,"да, это чат/группа",неизвестно,В открытой web-карточке условия публикации не указаны.,не указаны в web-карточке,малый размер аудитории; фактическая активность постов/онлайн не проверена web-источником,не удалось проверить без Telegram API / просмотра t.me/s,,tg-cat public search,https://tg-cat.com/@v3or_evfmezmjgy,https://tg-cat.com/?search=%D0%B0%D0%B2%D1%82%D0%BE%20%D0%B1%D0%B0%D1%80%D0%B0%D1%85%D0%BE%D0%BB%D0%BA%D0%B0&type=supergroup&lang=en,авто барахолка
2026-07-05,Мототехника,Мототехника; Чаты купли-продажи,Не указано / другой регион,🚘 Продажа АВТО/МОТО MLT,чат/группа,https://t.me/avtomotomelitipol,avtomotomelitipol,216,"да, это чат/группа",неизвестно,В открытой web-карточке условия публикации не указаны.,не указаны в web-карточке,малый размер аудитории; фактическая активность постов/онлайн не проверена web-источником,не удалось проверить без Telegram API / просмотра t.me/s,,tg-cat public search,https://tg-cat.com/@avtomotomelitipol,https://tg-cat.com/?search=%D0%BF%D1%80%D0%BE%D0%B4%D0%B0%D0%B6%D0%B0%20%D0%BC%D0%BE%D1%82%D0%BE&type=supergroup&lang=en,продажа мото
2026-07-05,Чаты купли-продажи,Чаты купли-продажи,Не указано / другой регион,АВТОБАЗАР ДО 1000&#036; КУПЛЮ ПРОДАМ ПРОДАЖ КУПИТИ АВТО...,канал,https://t.me/autoria_do1000,autoria_do1000,215,не удалось проверить web-источником,неизвестно,В открытой web-карточке условия публикации не указаны.,не указаны в web-карточке,малый размер аудитории; фактическая активность постов/онлайн не проверена web-источником,не удалось проверить без Telegram API / просмотра t.me/s,**Канал автомобільних оголошень до 1000$** 🚗💰 Ласкаво просимо до світу вигідних автомобільних угод! Наш канал — це ваше джерело актуальних пропозицій з продажу вживаних автомоб,tg-cat public search,https://tg-cat.com/@autoria_do1000,https://tg-cat.com/?search=%D0%BA%D1%83%D0%BF%D0%B8%D1%82%D1%8C%20%D0%BF%D1%80%D0%BE%D0%B4%D0%B0%D1%82%D1%8C%20%D0%B0%D0%B2%D1%82%D0%BE&type=channel&lang=en; https://tg-cat.com/?search=%D0%BA%D1%83%D0%BF%D0%BB%D1%8E%20%D0%BF%D1%80%D0%BE%D0%B4%D0%B0%D0%BC%20%D0%B0%D0%B2%D1%82%D0%BE&type=channel&lang=en,купить продать авто; куплю продам авто
2026-07-05,Чаты купли-продажи,Чаты купли-продажи,Не указано / другой регион,Авто барахолка,чат/группа,https://t.me/midnight_baraholka,midnight_baraholka,211,"да, это чат/группа",неизвестно,В открытой web-карточке условия публикации не указаны.,не указаны в web-карточке,малый размер аудитории; фактическая активность постов/онлайн не проверена web-источником,не удалось проверить без Telegram API / просмотра t.me/s,,tg-cat public search,https://tg-cat.com/@midnight_baraholka,https://tg-cat.com/?search=%D0%B0%D0%B2%D1%82%D0%BE%20%D0%B1%D0%B0%D1%80%D0%B0%D1%85%D0%BE%D0%BB%D0%BA%D0%B0&type=supergroup&lang=en,авто барахолка
2026-07-05,Чаты купли-продажи,Чаты купли-продажи,Не указано / другой регион,"Никиткины кружочки - сервис, продажа авто, и просто жиз...",канал,https://t.me/VKauto71,VKauto71,206,не удалось проверить web-источником,неизвестно,В открытой web-карточке условия публикации не указаны.,не указаны в web-карточке,малый размер аудитории; фактическая активность постов/онлайн не проверена web-источником,не удалось проверить без Telegram API / просмотра t.me/s,"Приветствую вас, дорогие друзья! Добро пожаловать на канал «Никиткины кружочки», где мир автомобилей становится ближе к вам! 🚗💨 Здесь я, Никитка, готов помочь вам решить все вопросы по авто — от покупки и продажи",tg-cat public search,https://tg-cat.com/@VKauto71,https://tg-cat.com/?search=%D0%BF%D1%80%D0%BE%D0%B4%D0%B0%D0%B6%D0%B0%20%D0%B0%D0%B2%D1%82%D0%BE&type=channel&lang=en,продажа авто
2026-07-05,Авто ниже рынка,Авто ниже рынка; Чаты купли-продажи,Не указано / другой регион,"Чат Авторынок покупка, продажа, автомобилей. Перекупы п...",чат/группа,https://t.me/tg_auto_msk_chat,tg_auto_msk_chat,197,"да, это чат/группа",неизвестно,В открытой web-карточке условия публикации не указаны.,не указаны в web-карточке,малый размер аудитории; фактическая активность постов/онлайн не проверена web-источником,не удалось проверить без Telegram API / просмотра t.me/s,,tg-cat public search,https://tg-cat.com/@tg_auto_msk_chat,https://tg-cat.com/?search=%D0%BF%D0%BE%20%D0%BD%D0%B8%D0%B7%D1%83%20%D1%80%D1%8B%D0%BD%D0%BA%D0%B0&type=supergroup&lang=en,по низу рынка
2026-07-05,Обмен автомобилей,Обмен автомобилей; Чаты купли-продажи,Не указано / другой регион,Авторынок Алтая,чат/группа,https://t.me/avto_altai,avto_altai,192,"да, это чат/группа",неизвестно,В открытой web-карточке условия публикации не указаны.,не указаны в web-карточке,малый размер аудитории; фактическая активность постов/онлайн не проверена web-источником,не удалось проверить без Telegram API / просмотра t.me/s,"Добро пожаловать в сообщество «Авторынок Алтая»! 🚗💨 Уважаемые участники, мы рады видеть вас в нашем уютном уголке, созданном специально для обмена объявлениями о купле, продаже и обмене автомобилей, а также запчастей",tg-cat public search,https://tg-cat.com/@avto_altai,https://tg-cat.com/?search=%D0%BA%D1%83%D0%BF%D0%BB%D1%8F%20%D0%BF%D1%80%D0%BE%D0%B4%D0%B0%D0%B6%D0%B0%20%D0%BE%D0%B1%D0%BC%D0%B5%D0%BD%20%D0%B0%D0%B2%D1%82%D0%BE&type=supergroup&lang=en,купля продажа обмен авто
2026-07-05,Чаты купли-продажи,Чаты купли-продажи,Не указано / другой регион,БcarУ | РЫНОК Б/У АВТО КИРОВ,канал,https://t.me/BcarY_KIROV,BcarY_KIROV,190,не удалось проверить web-источником,неизвестно,В открытой web-карточке условия публикации не указаны.,не указаны в web-карточке,малый размер аудитории; фактическая активность постов/онлайн не проверена web-источником,не удалось проверить без Telegram API / просмотра t.me/s,"**БcarУ | РЫНОК Б/У АВТО КИРОВ** 🚗 Добро пожаловать в наше сообщество, где каждый автомобилист может выгодно купить или продать подержанное авто в Кировской области! Наша цель — сделать процесс покупки",tg-cat public search,https://tg-cat.com/@BcarY_KIROV,https://tg-cat.com/?search=%D0%BA%D1%83%D0%BF%D0%B8%D1%82%D1%8C%20%D0%BF%D1%80%D0%BE%D0%B4%D0%B0%D1%82%D1%8C%20%D0%B0%D0%B2%D1%82%D0%BE&type=channel&lang=en,купить продать авто
2026-07-05,Мототехника,Мототехника; Чаты купли-продажи,Не указано / другой регион,Авто/Мото Запчасти 🇲🇪 Черногория | Покупка | Продажа | ...,чат/группа,https://t.me/mneautomoto,mneautomoto,189,"да, это чат/группа",неизвестно,В открытой web-карточке условия публикации не указаны.,не указаны в web-карточке,малый размер аудитории; фактическая активность постов/онлайн не проверена web-источником,не удалось проверить без Telegram API / просмотра t.me/s,,tg-cat public search,https://tg-cat.com/@mneautomoto,https://tg-cat.com/?search=%D0%BF%D1%80%D0%BE%D0%B4%D0%B0%D0%B6%D0%B0%20%D0%BC%D0%BE%D1%82%D0%BE&type=supergroup&lang=en,продажа мото
2026-07-05,Чаты купли-продажи,Чаты купли-продажи,Не указано / другой регион,Кипр Авто купить/продать I Cyprus car buy/sell,чат/группа,https://t.me/cyprus_auto_buy_sell,cyprus_auto_buy_sell,187,"да, это чат/группа",неизвестно,В открытой web-карточке условия публикации не указаны.,не указаны в web-карточке,малый размер аудитории; фактическая активность постов/онлайн не проверена web-источником,не удалось проверить без Telegram API / просмотра t.me/s,"Добро пожаловать в наш увлекательный чат о покупке и продаже автомобилей на солнечном Кипре! Здесь вы найдете всё необходимое, чтобы успешно продать или приобрести машину, включая запчасти, услуги, техническое обслуживание и даже помощь в подборе автомобиля. У нас вы можете",tg-cat public search,https://tg-cat.com/@cyprus_auto_buy_sell,https://tg-cat.com/?search=%D0%BA%D1%83%D0%BF%D0%B8%D1%82%D1%8C%20%D0%BF%D1%80%D0%BE%D0%B4%D0%B0%D1%82%D1%8C%20%D0%B0%D0%B2%D1%82%D0%BE&type=supergroup&lang=en,купить продать авто
2026-07-05,Обмен автомобилей,Обмен автомобилей; Чаты купли-продажи,Не указано / другой регион,💶📌АВТО ПОКУПКИ ПРОДАЖИ ОБМЕН 📌💰,чат/группа,https://t.me/az30092022,az30092022,186,"да, это чат/группа",по согласованию / неясно,"Есть контакт/упоминание размещения, но бесплатность не подтверждена.",не указаны в web-карточке,малый размер аудитории; фактическая активность постов/онлайн не проверена web-источником,не удалось проверить без Telegram API / просмотра t.me/s,"🚗💬 Добро пожаловать в наш канал ""Авто Покупки Продажи Обмен""! Здесь вы можете размещать свои объявления и находить автомобили на любой вкус. Не стесняйтесь делиться ссылкой с друзьями – вместе мы сделаем автообмен проще и удоб",tg-cat public search,https://tg-cat.com/@az30092022,https://tg-cat.com/?search=%D0%BE%D0%B1%D0%BC%D0%B5%D0%BD%20%D0%B0%D0%B2%D1%82%D0%BE&type=supergroup&lang=en,обмен авто
2026-07-05,Авто ниже рынка,Авто ниже рынка; Чаты купли-продажи,Не указано / другой регион,Питер Авто | Ниже рынка 🚘 @piter_avto,чат/группа,https://t.me/piter_avto,piter_avto,183,"да, это чат/группа",неизвестно,В открытой web-карточке условия публикации не указаны.,не указаны в web-карточке,малый размер аудитории; фактическая активность постов/онлайн не проверена web-источником,не удалось проверить без Telegram API / просмотра t.me/s,"Питер Авто — сообщество людей, занимающихся продажей автомобилей ниже рыночной цены. Здесь предлагают интересные варианты автомобилей для покупки, а также принимают заявки от тех, кто хочет продать свои машины.",tg-cat public search,https://tg-cat.com/@piter_avto,https://tg-cat.com/?search=%D0%B0%D0%B2%D1%82%D0%BE%20%D0%BD%D0%B8%D0%B6%D0%B5%20%D1%80%D1%8B%D0%BD%D0%BA%D0%B0&type=supergroup&lang=en; https://tg-cat.com/?search=%D0%BD%D0%B8%D0%B6%D0%B5%20%D1%80%D1%8B%D0%BD%D0%BA%D0%B0%20%D0%B0%D0%B2%D1%82%D0%BE&type=supergroup&lang=en,авто ниже рынка; ниже рынка авто
2026-07-05,Обмен автомобилей,Обмен автомобилей; Чаты купли-продажи,Не указано / другой регион,Купи-продай Бузулук,чат/группа,https://t.me/buzuluk_kupi_prodai,buzuluk_kupi_prodai,172,"да, это чат/группа",да / есть указание в описании,В описании есть слово “бесплатно/бесплатная”.,не указаны в web-карточке,малый размер аудитории; фактическая активность постов/онлайн не проверена web-источником,не удалось проверить без Telegram API / просмотра t.me/s,"🌟 Ищете, где купить или продать в Бузулуке? Добро пожаловать на «Купи-продай Бузулук»! Здесь вы найдете бесплатные объявления о покупке, продаже, обмене и аренде. Все для вашего удобства: авто,",tg-cat public search,https://tg-cat.com/@buzuluk_kupi_prodai,https://tg-cat.com/?search=%D0%BA%D1%83%D0%BF%D0%BB%D1%8F%20%D0%BF%D1%80%D0%BE%D0%B4%D0%B0%D0%B6%D0%B0%20%D0%BE%D0%B1%D0%BC%D0%B5%D0%BD%20%D0%B0%D0%B2%D1%82%D0%BE&type=supergroup&lang=en,купля продажа обмен авто
2026-07-05,Авто ниже рынка,Авто ниже рынка; Мототехника; Чаты купли-продажи,Не указано / другой регион,DENIS AUTO (НИЖЕ рынка),чат/группа,https://t.me/denisautospb,denisautospb,171,"да, это чат/группа",неизвестно,В открытой web-карточке условия публикации не указаны.,не указаны в web-карточке,малый размер аудитории; фактическая активность постов/онлайн не проверена web-источником,не удалось проверить без Telegram API / просмотра t.me/s,"Группа ""DENIS AUTO"" предлагает выгодные предложения на авто, мото и спецтехнику по ценам ниже рыночных. Можно добавить своё объявление и обратиться за сотрудничеством или рекламой.",tg-cat public search,https://tg-cat.com/@denisautospb,https://tg-cat.com/?search=%D0%B0%D0%B2%D1%82%D0%BE%20%D0%BD%D0%B8%D0%B6%D0%B5%20%D1%80%D1%8B%D0%BD%D0%BA%D0%B0&type=supergroup&lang=en; https://tg-cat.com/?search=%D0%BD%D0%B8%D0%B6%D0%B5%20%D1%80%D1%8B%D0%BD%D0%BA%D0%B0%20%D0%B0%D0%B2%D1%82%D0%BE&type=supergroup&lang=en,авто ниже рынка; ниже рынка авто
2026-07-05,Авто ниже рынка,Авто ниже рынка; Чаты купли-продажи,Не указано / другой регион,АВТО НИЖЕ РЫНКА,чат/группа,https://t.me/avto1_nizhe_rynka,avto1_nizhe_rynka,168,"да, это чат/группа",неизвестно,В открытой web-карточке условия публикации не указаны.,не указаны в web-карточке,малый размер аудитории; фактическая активность постов/онлайн не проверена web-источником,не удалось проверить без Telegram API / просмотра t.me/s,"🌟 Добро пожаловать в мир автопродаж, где каждый авто найдет своего хозяина! 🚗💨 Мы предлагаем уникальные услуги по выкупу и продаже автомобилей в любом состоянии и с любыми проблемами. Устали от сложностей с продажей своего авто",tg-cat public search,https://tg-cat.com/@avto1_nizhe_rynka,https://tg-cat.com/?search=%D0%B0%D0%B2%D1%82%D0%BE%20%D0%BD%D0%B8%D0%B6%D0%B5%20%D1%80%D1%8B%D0%BD%D0%BA%D0%B0&type=supergroup&lang=en; https://tg-cat.com/?search=%D0%BD%D0%B8%D0%B6%D0%B5%20%D1%80%D1%8B%D0%BD%D0%BA%D0%B0%20%D0%B0%D0%B2%D1%82%D0%BE&type=supergroup&lang=en,авто ниже рынка; ниже рынка авто
2026-07-05,Чаты купли-продажи,Чаты купли-продажи,Не указано / другой регион,Воронеж АвтоРынок,канал,https://t.me/Voronezh_AvtoRynok,Voronezh_AvtoRynok,168,не удалось проверить web-источником,неизвестно,В открытой web-карточке условия публикации не указаны.,не указаны в web-карточке,малый размер аудитории; фактическая активность постов/онлайн не проверена web-источником,не удалось проверить без Telegram API / просмотра t.me/s,"Добро пожаловать на канал «Воронеж АвтоРынок»! Здесь вы найдете самый лучший авто рынок нашего города. Ищете, где купить или продать автомобиль в Воронеже? Мы поможем вам в этом! Чтобы разместить свое объявление, просто нап",tg-cat public search,https://tg-cat.com/@Voronezh_AvtoRynok,https://tg-cat.com/?search=%D0%B0%D0%B2%D1%82%D0%BE%D1%80%D1%8B%D0%BD%D0%BE%D0%BA&type=channel&lang=en,авторынок
2026-07-05,Мототехника,Мототехника; Чаты купли-продажи,Россия / не указано точнее,МОТО БАРАХОЛКА РФ,чат/группа,https://t.me/barakholka_moto,barakholka_moto,167,"да, это чат/группа",да / есть указание в описании,В описании есть слово “бесплатно/бесплатная”.,не указаны в web-карточке,малый размер аудитории; фактическая активность постов/онлайн не проверена web-источником,не удалось проверить без Telegram API / просмотра t.me/s,"🚴‍♂️💨 Откройте мир мото-тематики на МОТО БАРАХОЛКЕ РФ! Здесь вы можете бесплатно продавать и покупать всё, что связано с мотоциклами, без ограничений на размещение объявлений. Присоедин",tg-cat public search,https://tg-cat.com/@barakholka_moto,https://tg-cat.com/?search=%D0%BC%D0%BE%D1%82%D0%BE%20%D0%B1%D0%B0%D1%80%D0%B0%D1%85%D0%BE%D0%BB%D0%BA%D0%B0&type=supergroup&lang=en,мото барахолка
2026-07-05,Чаты купли-продажи,Чаты купли-продажи,Не указано / другой регион,Авто барахолка 73,чат/группа,https://t.me/autoxlam73,autoxlam73,162,"да, это чат/группа",неизвестно,В открытой web-карточке условия публикации не указаны.,не указаны в web-карточке,малый размер аудитории; фактическая активность постов/онлайн не проверена web-источником,не удалось проверить без Telegram API / просмотра t.me/s,,tg-cat public search,https://tg-cat.com/@autoxlam73,https://tg-cat.com/?search=%D0%B0%D0%B2%D1%82%D0%BE%20%D0%B1%D0%B0%D1%80%D0%B0%D1%85%D0%BE%D0%BB%D0%BA%D0%B0&type=supergroup&lang=en,авто барахолка
2026-07-05,Чаты купли-продажи,Чаты купли-продажи,Не указано / другой регион,OleSa_Auto🚘ПРОДАЖА АВТО❗️,канал,https://t.me/olesaavtospb,olesaavtospb,155,не удалось проверить web-источником,неизвестно,В открытой web-карточке условия публикации не указаны.,не указаны в web-карточке,малый размер аудитории; фактическая активность постов/онлайн не проверена web-источником,не удалось проверить без Telegram API / просмотра t.me/s,"🚘 Добро пожаловать в канал OleSa_Auto! Здесь вы найдете лучшие предложения по продаже автомобилей в Санкт-Петербурге и Ленинградской области. 💰 Мы предлагаем авто по самым первым ценам, а также возможность выставить свое транспортное средство на продажу. Присоединяйтесь",tg-cat public search,https://tg-cat.com/@olesaavtospb,https://tg-cat.com/?search=%D0%BF%D1%80%D0%BE%D0%B4%D0%B0%D0%B6%D0%B0%20%D0%B0%D0%B2%D1%82%D0%BE&type=channel&lang=en,продажа авто
2026-07-05,Чаты купли-продажи,Чаты купли-продажи,Не указано / другой регион,Продажа и покупка авто Автоподбор,канал,https://t.me/avtosale_uz1,avtosale_uz1,153,не удалось проверить web-источником,неизвестно,В открытой web-карточке условия публикации не указаны.,не указаны в web-карточке,малый размер аудитории; фактическая активность постов/онлайн не проверена web-источником,не удалось проверить без Telegram API / просмотра t.me/s,"**Описание канала:** Добро пожаловать на наш канал, посвященный продаже и покупке автомобилей! Здесь вы найдете все, что нужно для успешного автоподбора: от актуальных предложений до советов и рекомендаций. Мы предлагаем широкий ассортимент автомобилей, а также парковочные бар",tg-cat public search,https://tg-cat.com/@avtosale_uz1,https://tg-cat.com/?search=%D0%BF%D1%80%D0%BE%D0%B4%D0%B0%D0%B6%D0%B0%20%D0%B0%D0%B2%D1%82%D0%BE&type=channel&lang=en,продажа авто
2026-07-05,Чаты купли-продажи,Чаты купли-продажи,Не указано / другой регион,"Купить Продать Авто в Луганске, Донецке, Ростове, Красн...",канал,https://t.me/avtolugansk181,avtolugansk181,152,не удалось проверить web-источником,неизвестно,В открытой web-карточке условия публикации не указаны.,не указаны в web-карточке,малый размер аудитории; фактическая активность постов/онлайн не проверена web-источником,не удалось проверить без Telegram API / просмотра t.me/s,"Здравствуйте, автолюбители! Добро пожаловать на наш канал, где каждое мгновение связано с миром автомобилей! Здесь вы найдете всё о покупке и продаже автомобилей, самые свежие новости автотематики, захватывающие записи аварий с регистраторов и полезные",tg-cat public search,https://tg-cat.com/@avtolugansk181,https://tg-cat.com/?search=%D0%BA%D1%83%D0%BF%D0%B8%D1%82%D1%8C%20%D0%BF%D1%80%D0%BE%D0%B4%D0%B0%D1%82%D1%8C%20%D0%B0%D0%B2%D1%82%D0%BE&type=channel&lang=en; https://tg-cat.com/?search=%D0%BF%D1%80%D0%BE%D0%B4%D0%B0%D0%B6%D0%B0%20%D0%B0%D0%B2%D1%82%D0%BE&type=channel&lang=en,купить продать авто; продажа авто
2026-07-05,Мототехника,Мототехника; Чаты купли-продажи,Не указано / другой регион,МОТО БАРАХОЛКА КРАСНОДАР,чат/группа,https://t.me/motokrd23,motokrd23,149,"да, это чат/группа",неизвестно,В открытой web-карточке условия публикации не указаны.,не указаны в web-карточке,малый размер аудитории; фактическая активность постов/онлайн не проверена web-источником,не удалось проверить без Telegram API / просмотра t.me/s,,tg-cat public search,https://tg-cat.com/@motokrd23,https://tg-cat.com/?search=%D0%BC%D0%BE%D1%82%D0%BE%20%D0%B1%D0%B0%D1%80%D0%B0%D1%85%D0%BE%D0%BB%D0%BA%D0%B0&type=supergroup&lang=en,мото барахолка
2026-07-05,Мототехника,Мототехника; Чаты купли-продажи,Не указано / другой регион,"Группа продажа мото, мото запчастей по омуту",чат/группа,https://t.me/zan4acti43,zan4acti43,143,"да, это чат/группа",неизвестно,В открытой web-карточке условия публикации не указаны.,не указаны в web-карточке,малый размер аудитории; фактическая активность постов/онлайн не проверена web-источником,не удалось проверить без Telegram API / просмотра t.me/s,,tg-cat public search,https://tg-cat.com/@zan4acti43,https://tg-cat.com/?search=%D0%BF%D1%80%D0%BE%D0%B4%D0%B0%D0%B6%D0%B0%20%D0%BC%D0%BE%D1%82%D0%BE&type=supergroup&lang=en,продажа мото
2026-07-05,Мототехника,Мототехника; Чаты купли-продажи,Не указано / другой регион,Авто-Мото барахолка Харьков,чат/группа,https://t.me/kharkov_auto_sale_gr,kharkov_auto_sale_gr,142,"да, это чат/группа",неизвестно,В открытой web-карточке условия публикации не указаны.,не указаны в web-карточке,малый размер аудитории; фактическая активность постов/онлайн не проверена web-источником,не удалось проверить без Telegram API / просмотра t.me/s,,tg-cat public search,https://tg-cat.com/@kharkov_auto_sale_gr,https://tg-cat.com/?search=%D0%BC%D0%BE%D1%82%D0%BE%20%D0%B1%D0%B0%D1%80%D0%B0%D1%85%D0%BE%D0%BB%D0%BA%D0%B0&type=supergroup&lang=en,мото барахолка
2026-07-05,Мототехника,Мототехника; Чаты купли-продажи,Не указано / другой регион,Продажа авто и мото Грузия MdM/Cars World/,чат/группа,https://t.me/mdm_carsworld,mdm_carsworld,141,"да, это чат/группа",неизвестно,В открытой web-карточке условия публикации не указаны.,не указаны в web-карточке,малый размер аудитории; фактическая активность постов/онлайн не проверена web-источником,не удалось проверить без Telegram API / просмотра t.me/s,"Добро пожаловать в мир выгодных предложений по продаже и аренде авто и мото в Грузии! 🌟 Здесь, в MdM/Cars World, мы собрали самые актуальные предложения для тех, кто ищет надежный транспорт. 🚗🏍️ Независимо",tg-cat public search,https://tg-cat.com/@mdm_carsworld,https://tg-cat.com/?search=%D0%BF%D1%80%D0%BE%D0%B4%D0%B0%D0%B6%D0%B0%20%D0%BC%D0%BE%D1%82%D0%BE&type=supergroup&lang=en,продажа мото
2026-07-05,Обмен автомобилей,Обмен автомобилей,Не указано / другой регион,PHUKET BUY|SELL|RENT,канал,https://t.me/phuketbuysale,phuketbuysale,135,не удалось проверить web-источником,неизвестно,В открытой web-карточке условия публикации не указаны.,не указаны в web-карточке,малый размер аудитории; фактическая активность постов/онлайн не проверена web-источником,не удалось проверить без Telegram API / просмотра t.me/s,"🌴 Добро пожаловать на канал ""PHUKET BUY|SELL|RENT""! 🌴 Здесь вы найдете лучшие предложения по аренде и продаже недвижимости, яхт, байков и автомобилей на удивительном острове Пхукет! 🏝️✨ Хотите купить",tg-cat public search,https://tg-cat.com/@phuketbuysale,https://tg-cat.com/?search=%D0%BE%D0%B1%D0%BC%D0%B5%D0%BD%20%D0%B0%D0%B2%D1%82%D0%BE%D0%BC%D0%BE%D0%B1%D0%B8%D0%BB%D0%B5%D0%B9&type=channel&lang=en,обмен автомобилей
2026-07-05,Чаты купли-продажи,Чаты купли-продажи,Не указано / другой регион,АвтоКоми11 | Покупка Продажа Авто 🔥,канал,https://t.me/avtokomi11,avtokomi11,132,не удалось проверить web-источником,неизвестно,В открытой web-карточке условия публикации не указаны.,не указаны в web-карточке,малый размер аудитории; фактическая активность постов/онлайн не проверена web-источником,не удалось проверить без Telegram API / просмотра t.me/s,🌟 Приветствую вас на канале АвтоКоми11! 🚗💨 Здесь мы погружаемся в мир автомобилей: от покупки до продажи! Хотите разместить своё авто или найти идеальную модель для себя? Вы попали по адресу! Свяжитесь с нашим,tg-cat public search,https://tg-cat.com/@avtokomi11,https://tg-cat.com/?search=%D0%BF%D1%80%D0%BE%D0%B4%D0%B0%D0%B6%D0%B0%20%D0%B0%D0%B2%D1%82%D0%BE&type=channel&lang=en,продажа авто
2026-07-05,Мототехника,Мототехника; Чаты купли-продажи,Не указано / другой регион,Куплю-продам мото ДНР,чат/группа,https://t.me/moto_dpr,moto_dpr,131,"да, это чат/группа",неизвестно,В открытой web-карточке условия публикации не указаны.,не указаны в web-карточке,малый размер аудитории; фактическая активность постов/онлайн не проверена web-источником,не удалось проверить без Telegram API / просмотра t.me/s,,tg-cat public search,https://tg-cat.com/@moto_dpr,https://tg-cat.com/?search=%D0%BC%D0%BE%D1%82%D0%BE%D1%82%D0%B5%D1%85%D0%BD%D0%B8%D0%BA%D0%B0&type=supergroup&lang=en,мототехника
2026-07-05,Авторынки Москвы,Чаты купли-продажи,Не указано / другой регион,АвтоБиржа | Auto_Birzha - Выкуп и продажа автомобилей,канал,https://t.me/auto_birzha,auto_birzha,128,не удалось проверить web-источником,неизвестно,В открытой web-карточке условия публикации не указаны.,не указаны в web-карточке,малый размер аудитории; фактическая активность постов/онлайн не проверена web-источником,не удалось проверить без Telegram API / просмотра t.me/s,,tg-cat public search,https://tg-cat.com/@auto_birzha,https://tg-cat.com/?search=%D0%BA%D1%83%D0%BF%D0%B8%D1%82%D1%8C%20%D0%BF%D1%80%D0%BE%D0%B4%D0%B0%D1%82%D1%8C%20%D0%B0%D0%B2%D1%82%D0%BE&type=channel&lang=en; https://tg-cat.com/?search=%D0%BF%D1%80%D0%BE%D0%B4%D0%B0%D0%B6%D0%B0%20%D0%B0%D0%B2%D1%82%D0%BE%20%D0%BC%D0%BE%D1%81%D0%BA%D0%B2%D0%B0&type=channel&lang=en,купить продать авто; продажа авто москва
2026-07-05,Авто ниже рынка,Авто ниже рынка; Чаты купли-продажи,Не указано / другой регион,SELL AUTO MSK АВТО НИЖЕ РЫНКА,чат/группа,https://t.me/dnisherinka,dnisherinka,125,"да, это чат/группа",да / есть указание в описании,В описании есть слово “бесплатно/бесплатная”.,не указаны в web-карточке,малый размер аудитории; фактическая активность постов/онлайн не проверена web-источником,не удалось проверить без Telegram API / просмотра t.me/s,"Добро пожаловать в мир выгодных автопокупок с платформой SELL AUTO MSK! 🚗✨ Здесь вы можете разместить объявления о продаже автомобилей по ценам ниже рыночных! Мы предлагаем бесплатные публикации, что делает процесс продажи еще более удобным. Пожалуйста",tg-cat public search,https://tg-cat.com/@dnisherinka,https://tg-cat.com/?search=%D0%B0%D0%B2%D1%82%D0%BE%20%D0%BD%D0%B8%D0%B6%D0%B5%20%D1%80%D1%8B%D0%BD%D0%BA%D0%B0&type=supergroup&lang=en; https://tg-cat.com/?search=%D0%BD%D0%B8%D0%B6%D0%B5%20%D1%80%D1%8B%D0%BD%D0%BA%D0%B0%20%D0%B0%D0%B2%D1%82%D0%BE&type=supergroup&lang=en,авто ниже рынка; ниже рынка авто
2026-07-05,Чаты купли-продажи,Чаты купли-продажи,Не указано / другой регион,Авто Барахолка,чат/группа,https://t.me/eurobaraholka,eurobaraholka,125,"да, это чат/группа",неизвестно,В открытой web-карточке условия публикации не указаны.,не указаны в web-карточке,малый размер аудитории; фактическая активность постов/онлайн не проверена web-источником,не удалось проверить без Telegram API / просмотра t.me/s,"Добро пожаловать в Авто Барахолку — ваше идеальное место для поиска запчастей и шин! Здесь вы найдете как новые, так и б/у детали для вашего автомобиля. Наша платформа охватывает всю Украину, чтобы вы могли легко находить необходимые зап",tg-cat public search,https://tg-cat.com/@eurobaraholka,https://tg-cat.com/?search=%D0%B0%D0%B2%D1%82%D0%BE%20%D0%B1%D0%B0%D1%80%D0%B0%D1%85%D0%BE%D0%BB%D0%BA%D0%B0&type=supergroup&lang=en,авто барахолка
2026-07-05,Мототехника,Мототехника; Чаты купли-продажи,Не указано / другой регион,Мото Барахолка Калуга,чат/группа,https://t.me/mtbklg40,mtbklg40,124,"да, это чат/группа",неизвестно,В открытой web-карточке условия публикации не указаны.,не указаны в web-карточке,малый размер аудитории; фактическая активность постов/онлайн не проверена web-источником,не удалось проверить без Telegram API / просмотра t.me/s,,tg-cat public search,https://tg-cat.com/@mtbklg40,https://tg-cat.com/?search=%D0%BC%D0%BE%D1%82%D0%BE%20%D0%B1%D0%B0%D1%80%D0%B0%D1%85%D0%BE%D0%BB%D0%BA%D0%B0&type=supergroup&lang=en; https://tg-cat.com/?search=%D0%BC%D0%BE%D1%82%D0%BE%D1%82%D0%B5%D1%85%D0%BD%D0%B8%D0%BA%D0%B0&type=supergroup&lang=en,мото барахолка; мототехника
2026-07-05,Мототехника,Мототехника; Чаты купли-продажи,Не указано / другой регион,Мото⚙️Барахолка🛵Сходка,чат/группа,https://t.me/moto_barakholka,moto_barakholka,122,"да, это чат/группа",неизвестно,В открытой web-карточке условия публикации не указаны.,не указаны в web-карточке,малый размер аудитории; фактическая активность постов/онлайн не проверена web-источником,не удалось проверить без Telegram API / просмотра t.me/s,,tg-cat public search,https://tg-cat.com/@moto_barakholka,https://tg-cat.com/?search=%D0%BC%D0%BE%D1%82%D0%BE%20%D0%B1%D0%B0%D1%80%D0%B0%D1%85%D0%BE%D0%BB%D0%BA%D0%B0&type=supergroup&lang=en,мото барахолка
2026-07-05,Чаты купли-продажи,Чаты купли-продажи,Не указано / другой регион,Авто для Себе Куплю Продам 🚙🚗,чат/группа,https://t.me/avtosobikuply,avtosobikuply,116,"да, это чат/группа",неизвестно,В открытой web-карточке условия публикации не указаны.,не указаны в web-карточке,малый размер аудитории; фактическая активность постов/онлайн не проверена web-источником,не удалось проверить без Telegram API / просмотра t.me/s,,tg-cat public search,https://tg-cat.com/@avtosobikuply,https://tg-cat.com/?search=%D0%BA%D1%83%D0%BF%D0%BB%D1%8E%20%D0%BF%D1%80%D0%BE%D0%B4%D0%B0%D0%BC%20%D0%B0%D0%B2%D1%82%D0%BE&type=supergroup&lang=en,куплю продам авто
2026-07-05,Мототехника,Мототехника; Чаты купли-продажи,Не указано / другой регион,"Продажа мототехники, мотошмоток, мотозапчастей",чат/группа,https://t.me/motodoska,motodoska,114,"да, это чат/группа",да / есть указание в описании,В описании есть слово “бесплатно/бесплатная”.,не указаны в web-карточке,малый размер аудитории; фактическая активность постов/онлайн не проверена web-источником,не удалось проверить без Telegram API / просмотра t.me/s,"Группа для продажи и покупки мототехники, включая мотоциклы, мопеды, скутеры, шлемы и запчасти. Бесплатная доска для частных объявлений.",tg-cat public search,https://tg-cat.com/@motodoska,https://tg-cat.com/?search=%D0%BC%D0%BE%D1%82%D0%BE%D1%82%D0%B5%D1%85%D0%BD%D0%B8%D0%BA%D0%B0&type=supergroup&lang=en,мототехника
2026-07-05,Чаты купли-продажи,Чаты купли-продажи,Не указано / другой регион,Авто и запчасти продам куплю,чат/группа,https://t.me/avt093,avt093,109,"да, это чат/группа",неизвестно,В открытой web-карточке условия публикации не указаны.,не указаны в web-карточке,малый размер аудитории; фактическая активность постов/онлайн не проверена web-источником,не удалось проверить без Telegram API / просмотра t.me/s,,tg-cat public search,https://tg-cat.com/@avt093,https://tg-cat.com/?search=%D0%BA%D1%83%D0%BF%D0%BB%D1%8E%20%D0%BF%D1%80%D0%BE%D0%B4%D0%B0%D0%BC%20%D0%B0%D0%B2%D1%82%D0%BE&type=supergroup&lang=en,куплю продам авто
2026-07-05,Обмен автомобилей,Мототехника; Обмен автомобилей; Чаты купли-продажи,Не указано / другой регион,"Авто, мото,вело.Куплю,продам,автозапчасти",чат/группа,https://t.me/automotoveloshop,automotoveloshop,109,"да, это чат/группа",неизвестно,В открытой web-карточке условия публикации не указаны.,не указаны в web-карточке,малый размер аудитории; фактическая активность постов/онлайн не проверена web-источником,не удалось проверить без Telegram API / просмотра t.me/s,,tg-cat public search,https://tg-cat.com/@automotoveloshop,https://tg-cat.com/?search=%D0%BE%D0%B1%D0%BC%D0%B5%D0%BD%20%D0%B0%D0%B2%D1%82%D0%BE%D0%BC%D0%BE%D0%B1%D0%B8%D0%BB%D0%B5%D0%B9&type=supergroup&lang=en,обмен автомобилей
2026-07-05,Чаты купли-продажи,Авто ниже рынка; Чаты купли-продажи,Не указано / другой регион,Автоперекуп Уфа. Покупка/продажа авто🚗,канал,https://t.me/ufa_autorynok,ufa_autorynok,109,не удалось проверить web-источником,неизвестно,В открытой web-карточке условия публикации не указаны.,не указаны в web-карточке,малый размер аудитории; фактическая активность постов/онлайн не проверена web-источником,не удалось проверить без Telegram API / просмотра t.me/s,"Добро пожаловать на канал, посвященный продаже автомобилей в Уфе! 🚗✨ Если вы мечтаете о новом авто или хотите продать свой текущий, вы попали по адресу! Здесь вы найдете лучшие предложения от частных лиц и автосалонов, а также сможете размест",tg-cat public search,https://tg-cat.com/@ufa_autorynok,https://tg-cat.com/?search=%D0%BF%D1%80%D0%BE%D0%B4%D0%B0%D0%B6%D0%B0%20%D0%B0%D0%B2%D1%82%D0%BE&type=channel&lang=en,продажа авто
2026-07-05,Чаты купли-продажи,Чаты купли-продажи,Россия / не указано точнее,"Купить, продать авто Россия",канал,https://t.me/SaleAutoRussia,SaleAutoRussia,109,не удалось проверить web-источником,неизвестно,В открытой web-карточке условия публикации не указаны.,не указаны в web-карточке,малый размер аудитории; фактическая активность постов/онлайн не проверена web-источником,не удалось проверить без Telegram API / просмотра t.me/s,"🚗 Ищете, где купить или продать автомобиль в России? Присоединяйтесь к нашему каналу — крупнейшему рынку автомобилей в Телеграм! Здесь вы найдете лучшие предложения, советы по продаже и покупкам, а также актуальную информацию о рынке автомобилей. 💰",tg-cat public search,https://tg-cat.com/@SaleAutoRussia,https://tg-cat.com/?search=%D0%BA%D1%83%D0%BF%D0%B8%D1%82%D1%8C%20%D0%BF%D1%80%D0%BE%D0%B4%D0%B0%D1%82%D1%8C%20%D0%B0%D0%B2%D1%82%D0%BE&type=channel&lang=en; https://tg-cat.com/?search=%D0%BF%D1%80%D0%BE%D0%B4%D0%B0%D0%B6%D0%B0%20%D0%B0%D0%B2%D1%82%D0%BE&type=channel&lang=en,купить продать авто; продажа авто
2026-07-05,Мототехника,Мототехника; Чаты купли-продажи,Не указано / другой регион,"Продажа/покупка-авто/мото. автозапчастей,авто-аксессуар...",чат/группа,https://t.me/auto_53,auto_53,108,"да, это чат/группа",неизвестно,В открытой web-карточке условия публикации не указаны.,не указаны в web-карточке,малый размер аудитории; фактическая активность постов/онлайн не проверена web-источником,не удалось проверить без Telegram API / просмотра t.me/s,"Приветствуем всех участников! 😊 Мы рады видеть вас в нашей беседе, посвященной продаже и покупке автомобилей, мотоциклов, автозапчастей и аксессуаров. Здесь вы сможете найти всё необходимое для вашего транспорта: от покупки нового авто до продажи ненужных зап",tg-cat public search,https://tg-cat.com/@auto_53,https://tg-cat.com/?search=%D0%BF%D1%80%D0%BE%D0%B4%D0%B0%D0%B6%D0%B0%20%D0%BC%D0%BE%D1%82%D0%BE&type=supergroup&lang=en,продажа мото
2026-07-05,Чаты купли-продажи,Чаты купли-продажи,Не указано / другой регион,АВИТО КУПЛЯ ПРОДАЖА АВТО,чат/группа,https://t.me/jahonliness,jahonliness,106,"да, это чат/группа",неизвестно,В открытой web-карточке условия публикации не указаны.,не указаны в web-карточке,малый размер аудитории; фактическая активность постов/онлайн не проверена web-источником,не удалось проверить без Telegram API / просмотра t.me/s,,tg-cat public search,https://tg-cat.com/@jahonliness,https://tg-cat.com/?search=%D0%BA%D1%83%D0%BF%D0%BB%D1%8E%20%D0%BF%D1%80%D0%BE%D0%B4%D0%B0%D0%BC%20%D0%B0%D0%B2%D1%82%D0%BE&type=supergroup&lang=en,куплю продам авто
2026-07-05,Обмен автомобилей,Обмен автомобилей; Чаты купли-продажи,Россия / не указано точнее,#Купить #Продать #автомобили #Обмен выкуп #Россия #Моск...,чат/группа,https://t.me/avtokupitprodatvykupitrossia,avtokupitprodatvykupitrossia,105,"да, это чат/группа",неизвестно,В открытой web-карточке условия публикации не указаны.,не указаны в web-карточке,малый размер аудитории; фактическая активность постов/онлайн не проверена web-источником,не удалось проверить без Telegram API / просмотра t.me/s,,tg-cat public search,https://tg-cat.com/@avtokupitprodatvykupitrossia,https://tg-cat.com/?search=%D0%BE%D0%B1%D0%BC%D0%B5%D0%BD%20%D0%B0%D0%B2%D1%82%D0%BE%D0%BC%D0%BE%D0%B1%D0%B8%D0%BB%D0%B5%D0%B9&type=supergroup&lang=en,обмен автомобилей
2026-07-05,Чаты купли-продажи,Чаты купли-продажи,Не указано / другой регион,Куплю Продам Авто | Авторынок | Татарстан 🚙,чат/группа,https://t.me/prodamavtotatarstan,prodamavtotatarstan,103,"да, это чат/группа",неизвестно,В открытой web-карточке условия публикации не указаны.,не указаны в web-карточке,малый размер аудитории; фактическая активность постов/онлайн не проверена web-источником,не удалось проверить без Telegram API / просмотра t.me/s,,tg-cat public search,https://tg-cat.com/@prodamavtotatarstan,https://tg-cat.com/?search=%D0%BA%D1%83%D0%BF%D0%BB%D1%8E%20%D0%BF%D1%80%D0%BE%D0%B4%D0%B0%D0%BC%20%D0%B0%D0%B2%D1%82%D0%BE&type=supergroup&lang=en,куплю продам авто
2026-07-05,Чаты купли-продажи,Чаты купли-продажи,Не указано / другой регион,Родино Авто барахолка,чат/группа,https://t.me/autobaracholka22,autobaracholka22,101,"да, это чат/группа",неизвестно,В открытой web-карточке условия публикации не указаны.,не указаны в web-карточке,малый размер аудитории; фактическая активность постов/онлайн не проверена web-источником,не удалось проверить без Telegram API / просмотра t.me/s,"🚗 Добро пожаловать в группу ""Родино Авто барахолка""! Здесь мы обсуждаем только автомобильные темы. Помните, что любые отклонения от темы могут привести к предупреждениям и ограничениям. Давайте соблюдать уважение друг к другу! 🚦",tg-cat public search,https://tg-cat.com/@autobaracholka22,https://tg-cat.com/?search=%D0%B0%D0%B2%D1%82%D0%BE%20%D0%B1%D0%B0%D1%80%D0%B0%D1%85%D0%BE%D0%BB%D0%BA%D0%B0&type=supergroup&lang=en,авто барахолка
2026-07-05,Чаты купли-продажи,Чаты купли-продажи,Не указано / другой регион,Авто Барахолка Алтай,чат/группа,https://t.me/barnaulinfo3avto,barnaulinfo3avto,100,"да, это чат/группа",неизвестно,В открытой web-карточке условия публикации не указаны.,не указаны в web-карточке,малый размер аудитории; фактическая активность постов/онлайн не проверена web-источником,не удалось проверить без Telegram API / просмотра t.me/s,,tg-cat public search,https://tg-cat.com/@barnaulinfo3avto,https://tg-cat.com/?search=%D0%B0%D0%B2%D1%82%D0%BE%20%D0%B1%D0%B0%D1%80%D0%B0%D1%85%D0%BE%D0%BB%D0%BA%D0%B0&type=supergroup&lang=en,авто барахолка
2026-07-05,Чаты купли-продажи,Чаты купли-продажи,Не указано / другой регион,"Купить, продать авто Красноярск",канал,https://t.me/SaleAutoKrasnoyarsk,SaleAutoKrasnoyarsk,97,не удалось проверить web-источником,неизвестно,В открытой web-карточке условия публикации не указаны.,не указаны в web-карточке,малый размер аудитории; фактическая активность постов/онлайн не проверена web-источником,не удалось проверить без Telegram API / просмотра t.me/s,"🔧 Приветствуем вас на нашем канале «Купить, продать авто Красноярск»! 🚗 Если вы мечтаете о новом автомобиле или хотите выгодно продать свой, то вы попали по адресу! Мы — крупнейший рынок автомобилей в Телеграм",tg-cat public search,https://tg-cat.com/@SaleAutoKrasnoyarsk,https://tg-cat.com/?search=%D0%BA%D1%83%D0%BF%D0%B8%D1%82%D1%8C%20%D0%BF%D1%80%D0%BE%D0%B4%D0%B0%D1%82%D1%8C%20%D0%B0%D0%B2%D1%82%D0%BE&type=channel&lang=en; https://tg-cat.com/?search=%D0%BF%D1%80%D0%BE%D0%B4%D0%B0%D0%B6%D0%B0%20%D0%B0%D0%B2%D1%82%D0%BE&type=channel&lang=en,купить продать авто; продажа авто
2026-07-05,Авто ниже рынка,Авто ниже рынка,Не указано / другой регион,BitAuto 🚗… | АВТОРЫНОК НИЖЕ РЫНКА ТАГАНРОГ РОСТОВ БИТЫЕ,канал,https://t.me/bitautomobile,bitautomobile,96,не удалось проверить web-источником,неизвестно,В открытой web-карточке условия публикации не указаны.,не указаны в web-карточке,малый размер аудитории; фактическая активность постов/онлайн не проверена web-источником,не удалось проверить без Telegram API / просмотра t.me/s,"🌟 Добро пожаловать на канал BitAuto! 🚗 Здесь мы погружаемся в увлекательный мир авторынка, где каждый сможет найти автомобиль по выгодной цене! Будь то битое авто для себя или для перепродажи — у нас вы найдете широкий выбор",tg-cat public search,https://tg-cat.com/@bitautomobile,https://tg-cat.com/?search=%D0%B0%D0%B2%D1%82%D0%BE%20%D0%BD%D0%B8%D0%B6%D0%B5%20%D1%80%D1%8B%D0%BD%D0%BA%D0%B0&type=channel&lang=en; https://tg-cat.com/?search=%D0%BD%D0%B8%D0%B6%D0%B5%20%D1%80%D1%8B%D0%BD%D0%BA%D0%B0%20%D0%B0%D0%B2%D1%82%D0%BE&type=channel&lang=en,авто ниже рынка; ниже рынка авто
2026-07-05,Мототехника,Мототехника; Чаты купли-продажи,Не указано / другой регион,Разборка продажа мототехники,чат/группа,https://t.me/razborca_mototexniki,razborca_mototexniki,92,"да, это чат/группа",неизвестно,В открытой web-карточке условия публикации не указаны.,не указаны в web-карточке,малый размер аудитории; фактическая активность постов/онлайн не проверена web-источником,не удалось проверить без Telegram API / просмотра t.me/s,,tg-cat public search,https://tg-cat.com/@razborca_mototexniki,https://tg-cat.com/?search=%D0%BC%D0%BE%D1%82%D0%BE%D1%82%D0%B5%D1%85%D0%BD%D0%B8%D0%BA%D0%B0&type=supergroup&lang=en,мототехника
2026-07-05,Чаты купли-продажи,Чаты купли-продажи,Не указано / другой регион,Купли-продажи Авто объявление&#33; Якутск,чат/группа,https://t.me/avto2121,avto2121,90,"да, это чат/группа",по согласованию / неясно,"Есть контакт/упоминание размещения, но бесплатность не подтверждена.",не указаны в web-карточке,малый размер аудитории; фактическая активность постов/онлайн не проверена web-источником,не удалось проверить без Telegram API / просмотра t.me/s,"Группа ""Купли-продажи Авто"" в Якутске предназначена для обмена объявлениями о продаже автомобилей между физическими лицами. Участники могут размещать объявления с фотографиями, описанием и ценой на продажу, а также указывать марки и желаем",tg-cat public search,https://tg-cat.com/@avto2121,https://tg-cat.com/?search=%D0%BA%D1%83%D0%BF%D0%BB%D1%8E%20%D0%BF%D1%80%D0%BE%D0%B4%D0%B0%D0%BC%20%D0%B0%D0%B2%D1%82%D0%BE&type=supergroup&lang=en,куплю продам авто
2026-07-05,Чаты купли-продажи,Мототехника; Чаты купли-продажи,Не указано / другой регион,АВТО &amp; MOTO БАРАХОЛКА КРЫМ,чат/группа,https://t.me/avto_moto_baraholka_krim,avto_moto_baraholka_krim,89,"да, это чат/группа",неизвестно,В открытой web-карточке условия публикации не указаны.,не указаны в web-карточке,малый размер аудитории; фактическая активность постов/онлайн не проверена web-источником,не удалось проверить без Telegram API / просмотра t.me/s,"Добро пожаловать в Авто & Moto Барахолку Крыма! 🚗🏍️ Здесь вы найдете идеальное место для покупки и продажи автомобилей, мотоциклов и автозапчастей. Наша площадка предлагает легкий и удобный способ обмена – просто",tg-cat public search,https://tg-cat.com/@avto_moto_baraholka_krim,https://tg-cat.com/?search=%D0%B0%D0%B2%D1%82%D0%BE%20%D0%B1%D0%B0%D1%80%D0%B0%D1%85%D0%BE%D0%BB%D0%BA%D0%B0&type=supergroup&lang=en,авто барахолка
2026-07-05,Авто ниже рынка,Авто ниже рынка; Чаты купли-продажи,Не указано / другой регион,Объявления Казахстан Авто | Колесо kz 🇰🇿 ЧАТ,чат/группа,https://t.me/koleso_kz,koleso_kz,89,"да, это чат/группа",неизвестно,В открытой web-карточке условия публикации не указаны.,не указаны в web-карточке,малый размер аудитории; фактическая активность постов/онлайн не проверена web-источником,не удалось проверить без Telegram API / просмотра t.me/s,,tg-cat public search,https://tg-cat.com/@koleso_kz,https://tg-cat.com/?search=%D0%B0%D0%B2%D1%82%D0%BE%20%D0%BD%D0%B8%D0%B6%D0%B5%20%D1%80%D1%8B%D0%BD%D0%BA%D0%B0&type=supergroup&lang=en; https://tg-cat.com/?search=%D0%BD%D0%B8%D0%B6%D0%B5%20%D1%80%D1%8B%D0%BD%D0%BA%D0%B0%20%D0%B0%D0%B2%D1%82%D0%BE&type=supergroup&lang=en,авто ниже рынка; ниже рынка авто
2026-07-05,Мототехника,Мототехника; Чаты купли-продажи,Не указано / другой регион,"Авто , Мото продажа Родинское , Покровск , Белицкое , Д...",чат/группа,https://t.me/prodazharodinckoe,prodazharodinckoe,85,"да, это чат/группа",неизвестно,В открытой web-карточке условия публикации не указаны.,не указаны в web-карточке,малый размер аудитории; фактическая активность постов/онлайн не проверена web-источником,не удалось проверить без Telegram API / просмотра t.me/s,,tg-cat public search,https://tg-cat.com/@prodazharodinckoe,https://tg-cat.com/?search=%D0%BF%D1%80%D0%BE%D0%B4%D0%B0%D0%B6%D0%B0%20%D0%BC%D0%BE%D1%82%D0%BE&type=supergroup&lang=en,продажа мото
2026-07-05,Чаты купли-продажи,Чаты купли-продажи,Не указано / другой регион,АВТО-ПРОДАЖА,чат/группа,https://t.me/prodaja05auto,prodaja05auto,85,"да, это чат/группа",неизвестно,В открытой web-карточке условия публикации не указаны.,не указаны в web-карточке,малый размер аудитории; фактическая активность постов/онлайн не проверена web-источником,не удалось проверить без Telegram API / просмотра t.me/s,,tg-cat public search,https://tg-cat.com/@prodaja05auto,https://tg-cat.com/?search=%D0%BF%D1%80%D0%BE%D0%B4%D0%B0%D0%B6%D0%B0%20%D0%B0%D0%B2%D1%82%D0%BE&type=supergroup&lang=en,продажа авто
2026-07-05,Чаты купли-продажи,Чаты купли-продажи,Не указано / другой регион,ФАРЫ ФОНАРИ АВТО ОПТИКА | #КУПЛЮ - #ПРОДАМ - Украина,чат/группа,https://t.me/optika_auto_ua,optika_auto_ua,85,"да, это чат/группа",неизвестно,В открытой web-карточке условия публикации не указаны.,не указаны в web-карточке,малый размер аудитории; фактическая активность постов/онлайн не проверена web-источником,не удалось проверить без Telegram API / просмотра t.me/s,,tg-cat public search,https://tg-cat.com/@optika_auto_ua,https://tg-cat.com/?search=%D0%BA%D1%83%D0%BF%D0%BB%D1%8E%20%D0%BF%D1%80%D0%BE%D0%B4%D0%B0%D0%BC%20%D0%B0%D0%B2%D1%82%D0%BE&type=supergroup&lang=en,куплю продам авто
2026-07-05,Чаты купли-продажи,Чаты купли-продажи,Не указано / другой регион,GABER AVTO | ПРОДАЖА АВТО САНКТ-ПЕТЕРБУРГ,канал,https://t.me/gaber_avto,gaber_avto,83,не удалось проверить web-источником,да / есть указание в описании,В описании есть слово “бесплатно/бесплатная”.,не указаны в web-карточке,малый размер аудитории; фактическая активность постов/онлайн не проверена web-источником,не удалось проверить без Telegram API / просмотра t.me/s,🚗 Добро пожаловать на канал GABER AVTO - ваш надежный помощник в мире автопокупок в Санкт-Петербурге! У нас вы можете выгодно продать или купить автомобиль. Предлагаем бесплатное размещение объявлений и профессиональный подбор авто под ваши требования.,tg-cat public search,https://tg-cat.com/@gaber_avto,https://tg-cat.com/?search=%D0%BF%D1%80%D0%BE%D0%B4%D0%B0%D0%B6%D0%B0%20%D0%B0%D0%B2%D1%82%D0%BE&type=channel&lang=en,продажа авто
2026-07-05,Обмен автомобилей,Обмен автомобилей; Чаты купли-продажи,Россия / не указано точнее,"Авто РФ 116 KZN Покупка, Продажа, Обмен ,Аренда, Такси ...",чат/группа,https://t.me/avto_kzn_116,avto_kzn_116,82,"да, это чат/группа",неизвестно,В открытой web-карточке условия публикации не указаны.,не указаны в web-карточке,малый размер аудитории; фактическая активность постов/онлайн не проверена web-источником,не удалось проверить без Telegram API / просмотра t.me/s,,tg-cat public search,https://tg-cat.com/@avto_kzn_116,https://tg-cat.com/?search=%D0%BE%D0%B1%D0%BC%D0%B5%D0%BD%20%D0%B0%D0%B2%D1%82%D0%BE&type=supergroup&lang=en,обмен авто
2026-07-05,Чаты купли-продажи,Чаты купли-продажи,Не указано / другой регион,"Купить, продать авто Челябинск",канал,https://t.me/AutoChelyabinsk,AutoChelyabinsk,82,не удалось проверить web-источником,неизвестно,В открытой web-карточке условия публикации не указаны.,не указаны в web-карточке,малый размер аудитории; фактическая активность постов/онлайн не проверена web-источником,не удалось проверить без Telegram API / просмотра t.me/s,"Добро пожаловать на наш канал о продаже и покупке автомобилей в Челябинске! 🚗 Здесь вы найдете широкий выбор автомобилей — от новых до поддержанных. Мы являемся крупнейшим рынком автомобилей в Телеграм, где каждый сможет легко продать или купить авто. 💰 Прис",tg-cat public search,https://tg-cat.com/@AutoChelyabinsk,https://tg-cat.com/?search=%D0%BA%D1%83%D0%BF%D0%B8%D1%82%D1%8C%20%D0%BF%D1%80%D0%BE%D0%B4%D0%B0%D1%82%D1%8C%20%D0%B0%D0%B2%D1%82%D0%BE&type=channel&lang=en; https://tg-cat.com/?search=%D0%BF%D1%80%D0%BE%D0%B4%D0%B0%D0%B6%D0%B0%20%D0%B0%D0%B2%D1%82%D0%BE&type=channel&lang=en,купить продать авто; продажа авто
2026-07-05,Авто ниже рынка,Авто ниже рынка; Чаты купли-продажи,Россия / не указано точнее,AVTO.KG.RUS,чат/группа,https://t.me/kgavtorus,kgavtorus,81,"да, это чат/группа",неизвестно,В открытой web-карточке условия публикации не указаны.,не указаны в web-карточке,малый размер аудитории; фактическая активность постов/онлайн не проверена web-источником,не удалось проверить без Telegram API / просмотра t.me/s,"Добро пожаловать в сообщество AVTO.KG.RUS! 🚗 Здесь вы найдете лучшие предложения по продаже и покупке автомобилей в России 🇷🇺 и Кыргызстане 🇰🇬. Наша группа создана для тех, кто ищет автомобили по ценам ниже рыночных",tg-cat public search,https://tg-cat.com/@kgavtorus,https://tg-cat.com/?search=%D0%B0%D0%B2%D1%82%D0%BE%20%D0%BD%D0%B8%D0%B6%D0%B5%20%D1%80%D1%8B%D0%BD%D0%BA%D0%B0&type=supergroup&lang=en; https://tg-cat.com/?search=%D0%BD%D0%B8%D0%B6%D0%B5%20%D1%80%D1%8B%D0%BD%D0%BA%D0%B0%20%D0%B0%D0%B2%D1%82%D0%BE&type=supergroup&lang=en,авто ниже рынка; ниже рынка авто
2026-07-05,Чаты купли-продажи,Чаты купли-продажи,Не указано / другой регион,Продам Куплю Авто. Херсонская область. Талос,чат/группа,https://t.me/auto_market_talos,auto_market_talos,77,"да, это чат/группа",неизвестно,В открытой web-карточке условия публикации не указаны.,не указаны в web-карточке,малый размер аудитории; фактическая активность постов/онлайн не проверена web-источником,не удалось проверить без Telegram API / просмотра t.me/s,"Ищете, где купить или продать авто в Херсонской области? Добро пожаловать в Талос! У нас вы найдете широкий выбор автомобилей, микроавтобусов и другой автотехники. Закажите грузоперевозки и упростите свои поездки",tg-cat public search,https://tg-cat.com/@auto_market_talos,https://tg-cat.com/?search=%D0%BA%D1%83%D0%BF%D0%BB%D1%8E%20%D0%BF%D1%80%D0%BE%D0%B4%D0%B0%D0%BC%20%D0%B0%D0%B2%D1%82%D0%BE&type=supergroup&lang=en,куплю продам авто
2026-07-05,Авто ниже рынка,Авто ниже рынка; Чаты купли-продажи,Не указано / другой регион,Авто ниже рынка | Premium Cars Export,чат/группа,https://t.me/pcexport02,pcexport02,76,"да, это чат/группа",неизвестно,В открытой web-карточке условия публикации не указаны.,не указаны в web-карточке,малый размер аудитории; фактическая активность постов/онлайн не проверена web-источником,не удалось проверить без Telegram API / просмотра t.me/s,"🚗✨ Присоединяйтесь к нам в мире автопремиумов! Уникальные предложения на автомобили ниже рыночной стоимости, эксклюзивы под заказ и в наличии по самым выгодным ценам. Доставка с наценкой 0% и консультации",tg-cat public search,https://tg-cat.com/@pcexport02,https://tg-cat.com/?search=%D0%B0%D0%B2%D1%82%D0%BE%20%D0%BD%D0%B8%D0%B6%D0%B5%20%D1%80%D1%8B%D0%BD%D0%BA%D0%B0&type=supergroup&lang=en; https://tg-cat.com/?search=%D0%BD%D0%B8%D0%B6%D0%B5%20%D1%80%D1%8B%D0%BD%D0%BA%D0%B0%20%D0%B0%D0%B2%D1%82%D0%BE&type=supergroup&lang=en,авто ниже рынка; ниже рынка авто
2026-07-05,Чаты купли-продажи,Чаты купли-продажи,Не указано / другой регион,КУПИТЬ ПРОДАТЬ СПЕЦТЕХНИКУ|СПЕЦТЕХНИКА| ПОГРУЗЧИКИ| ТЯГ...,чат/группа,https://t.me/spectexnika_tyt,spectexnika_tyt,76,"да, это чат/группа",неизвестно,В открытой web-карточке условия публикации не указаны.,не указаны в web-карточке,малый размер аудитории; фактическая активность постов/онлайн не проверена web-источником,не удалось проверить без Telegram API / просмотра t.me/s,,tg-cat public search,https://tg-cat.com/@spectexnika_tyt,https://tg-cat.com/?search=%D0%BA%D1%83%D0%BF%D0%B8%D1%82%D1%8C%20%D0%BF%D1%80%D0%BE%D0%B4%D0%B0%D1%82%D1%8C%20%D0%B0%D0%B2%D1%82%D0%BE&type=supergroup&lang=en,купить продать авто
2026-07-05,Авто ниже рынка,Авто ниже рынка,Россия / не указано точнее,Авторынок России | Авто ниже рынка,канал,https://t.me/auto_sale_rf1,auto_sale_rf1,75,не удалось проверить web-источником,неизвестно,В открытой web-карточке условия публикации не указаны.,не указаны в web-карточке,малый размер аудитории; фактическая активность постов/онлайн не проверена web-источником,не удалось проверить без Telegram API / просмотра t.me/s,,tg-cat public search,https://tg-cat.com/@auto_sale_rf1,https://tg-cat.com/?search=%D0%B0%D0%B2%D1%82%D0%BE%20%D0%BD%D0%B8%D0%B6%D0%B5%20%D1%80%D1%8B%D0%BD%D0%BA%D0%B0&type=channel&lang=en; https://tg-cat.com/?search=%D0%BD%D0%B8%D0%B6%D0%B5%20%D1%80%D1%8B%D0%BD%D0%BA%D0%B0%20%D0%B0%D0%B2%D1%82%D0%BE&type=channel&lang=en,авто ниже рынка; ниже рынка авто
2026-07-05,Чаты купли-продажи,Чаты купли-продажи,Не указано / другой регион,"Купить, продать авто Санкт-Петербург",канал,https://t.me/AutoPeterburg,AutoPeterburg,71,не удалось проверить web-источником,неизвестно,В открытой web-карточке условия публикации не указаны.,не указаны в web-карточке,малый размер аудитории; фактическая активность постов/онлайн не проверена web-источником,не удалось проверить без Telegram API / просмотра t.me/s,"🚗 Приветствуем вас на нашем канале! Здесь вы найдете все о покупке и продаже автомобилей в Санкт-Петербурге. 🚘 Мы собрали крупнейший рынок автомобилей в Телеграм, где вы можете легко и удобно найти свой идеальный транспорт или продать старый. 💰 Пр",tg-cat public search,https://tg-cat.com/@AutoPeterburg,https://tg-cat.com/?search=%D0%BA%D1%83%D0%BF%D0%B8%D1%82%D1%8C%20%D0%BF%D1%80%D0%BE%D0%B4%D0%B0%D1%82%D1%8C%20%D0%B0%D0%B2%D1%82%D0%BE&type=channel&lang=en,купить продать авто
2026-07-05,Мототехника,Мототехника; Чаты купли-продажи,Не указано / другой регион,Мото Барахолка/Чат Беларусь,чат/группа,https://t.me/moto_baraholka_rb,moto_baraholka_rb,71,"да, это чат/группа",по согласованию / неясно,"Есть контакт/упоминание размещения, но бесплатность не подтверждена.",не указаны в web-карточке,малый размер аудитории; фактическая активность постов/онлайн не проверена web-источником,не удалось проверить без Telegram API / просмотра t.me/s,"🚀 **Мото Барахолка в Беларуси!** 🌟 Присоединяйтесь к нашему чату, где можно размещать объявления о покупке, продаже и обмене мото техники, экипировки и запчастей! 🏍️ Обсужда",tg-cat public search,https://tg-cat.com/@moto_baraholka_rb,https://tg-cat.com/?search=%D0%BC%D0%BE%D1%82%D0%BE%20%D0%B1%D0%B0%D1%80%D0%B0%D1%85%D0%BE%D0%BB%D0%BA%D0%B0&type=supergroup&lang=en,мото барахолка
2026-07-05,Мототехника,Мототехника; Чаты купли-продажи,Не указано / другой регион,Мото продажа Крым&#33;&#33;&#33;,чат/группа,https://t.me/motocrimea1,motocrimea1,70,"да, это чат/группа",неизвестно,В открытой web-карточке условия публикации не указаны.,не указаны в web-карточке,малый размер аудитории; фактическая активность постов/онлайн не проверена web-источником,не удалось проверить без Telegram API / просмотра t.me/s,,tg-cat public search,https://tg-cat.com/@motocrimea1,https://tg-cat.com/?search=%D0%BF%D1%80%D0%BE%D0%B4%D0%B0%D0%B6%D0%B0%20%D0%BC%D0%BE%D1%82%D0%BE&type=supergroup&lang=en,продажа мото
2026-07-05,Обмен автомобилей,Обмен автомобилей; Чаты купли-продажи,Не указано / другой регион,Avtosalon Car City срочный выкуп обмен продажа авто 24/...,чат/группа,https://t.me/avtosalon_car_city_telegram,avtosalon_car_city_telegram,69,"да, это чат/группа",неизвестно,В открытой web-карточке условия публикации не указаны.,не указаны в web-карточке,малый размер аудитории; фактическая активность постов/онлайн не проверена web-источником,не удалось проверить без Telegram API / просмотра t.me/s,,tg-cat public search,https://tg-cat.com/@avtosalon_car_city_telegram,https://tg-cat.com/?search=%D0%BE%D0%B1%D0%BC%D0%B5%D0%BD%20%D0%B0%D0%B2%D1%82%D0%BE&type=supergroup&lang=en,обмен авто
2026-07-05,Чаты купли-продажи,Чаты купли-продажи,Не указано / другой регион,Авто куплю/продам Мариуполь,чат/группа,https://t.me/avtoprodazhamariupol,avtoprodazhamariupol,69,"да, это чат/группа",неизвестно,В открытой web-карточке условия публикации не указаны.,не указаны в web-карточке,малый размер аудитории; фактическая активность постов/онлайн не проверена web-источником,не удалось проверить без Telegram API / просмотра t.me/s,,tg-cat public search,https://tg-cat.com/@avtoprodazhamariupol,https://tg-cat.com/?search=%D0%BA%D1%83%D0%BF%D0%BB%D1%8E%20%D0%BF%D1%80%D0%BE%D0%B4%D0%B0%D0%BC%20%D0%B0%D0%B2%D1%82%D0%BE&type=supergroup&lang=en,куплю продам авто
2026-07-05,Авто ниже рынка,Авто ниже рынка; Чаты купли-продажи,Не указано / другой регион,Авто ниже рынка | Premium Cars Export,чат/группа,https://t.me/pcexport01,pcexport01,69,"да, это чат/группа",неизвестно,В открытой web-карточке условия публикации не указаны.,не указаны в web-карточке,малый размер аудитории; фактическая активность постов/онлайн не проверена web-источником,не удалось проверить без Telegram API / просмотра t.me/s,"Premium Cars Export предлагает автомобили ниже рыночной стоимости с первичными предложениями в канале. Доставка осуществляется с наценкой 0%. Доступны эксклюзивные автомобили как под заказ, так и в наличии по самым низким ценам. Консультации доступны 24",tg-cat public search,https://tg-cat.com/@pcexport01,https://tg-cat.com/?search=%D0%B0%D0%B2%D1%82%D0%BE%20%D0%BD%D0%B8%D0%B6%D0%B5%20%D1%80%D1%8B%D0%BD%D0%BA%D0%B0&type=supergroup&lang=en; https://tg-cat.com/?search=%D0%BD%D0%B8%D0%B6%D0%B5%20%D1%80%D1%8B%D0%BD%D0%BA%D0%B0%20%D0%B0%D0%B2%D1%82%D0%BE&type=supergroup&lang=en,авто ниже рынка; ниже рынка авто
2026-07-05,Авто ниже рынка,Авто ниже рынка; Чаты купли-продажи,Не указано / другой регион,Авто ниже рынка | Premium Cars Export,чат/группа,https://t.me/pcexport03,pcexport03,69,"да, это чат/группа",неизвестно,В открытой web-карточке условия публикации не указаны.,не указаны в web-карточке,малый размер аудитории; фактическая активность постов/онлайн не проверена web-источником,не удалось проверить без Telegram API / просмотра t.me/s,"Группа ""Авто ниже рынка | Premium Cars Export"" предлагает эксклюзивные автомобили по низким ценам, с первичными предложениями в закрытом канале. Доставка осуществляется без наценки, доступны автомобили под заказ и в наличии. Консультант доступен круглосу",tg-cat public search,https://tg-cat.com/@pcexport03,https://tg-cat.com/?search=%D0%B0%D0%B2%D1%82%D0%BE%20%D0%BD%D0%B8%D0%B6%D0%B5%20%D1%80%D1%8B%D0%BD%D0%BA%D0%B0&type=supergroup&lang=en; https://tg-cat.com/?search=%D0%BD%D0%B8%D0%B6%D0%B5%20%D1%80%D1%8B%D0%BD%D0%BA%D0%B0%20%D0%B0%D0%B2%D1%82%D0%BE&type=supergroup&lang=en,авто ниже рынка; ниже рынка авто
2026-07-05,Чаты купли-продажи,Чаты купли-продажи,Не указано / другой регион,"Купить, продать авто Нижний Новгород",канал,https://t.me/AutoNovgorod,AutoNovgorod,68,не удалось проверить web-источником,неизвестно,В открытой web-карточке условия публикации не указаны.,не указаны в web-карточке,малый размер аудитории; фактическая активность постов/онлайн не проверена web-источником,не удалось проверить без Telegram API / просмотра t.me/s,"🌟 Добро пожаловать на наш канал о покупке и продаже автомобилей в Нижнем Новгороде! 🚗 Здесь вы найдете самые выгодные предложения, свежие объявления и актуальные новости с крупнейшего автомобильного рынка в Телеграм. Не упустите возможность выгодно продать или купить",tg-cat public search,https://tg-cat.com/@AutoNovgorod,https://tg-cat.com/?search=%D0%BA%D1%83%D0%BF%D0%B8%D1%82%D1%8C%20%D0%BF%D1%80%D0%BE%D0%B4%D0%B0%D1%82%D1%8C%20%D0%B0%D0%B2%D1%82%D0%BE&type=channel&lang=en,купить продать авто
2026-07-05,Мототехника,Мототехника; Чаты купли-продажи,Не указано / другой регион,Куплю/продам мотоциклы ДНР,чат/группа,https://t.me/motooo_dnr,motooo_dnr,68,"да, это чат/группа",неизвестно,В открытой web-карточке условия публикации не указаны.,не указаны в web-карточке,малый размер аудитории; фактическая активность постов/онлайн не проверена web-источником,не удалось проверить без Telegram API / просмотра t.me/s,"🌟 Добро пожаловать в новый чат для любителей двухколесной техники! 🌟 Здесь вы сможете легко и быстро купить или продать мотоциклы в ДНР. Наш предыдущий аккаунт, к сожалению, был утерян, но мы готовы заново создать",tg-cat public search,https://tg-cat.com/@motooo_dnr,https://tg-cat.com/?search=%D0%BC%D0%BE%D1%82%D0%BE%D1%86%D0%B8%D0%BA%D0%BB%D1%8B&type=supergroup&lang=en,мотоциклы
2026-07-05,Мототехника,Мототехника; Чаты купли-продажи,Не указано / другой регион,Мото-Барахолка-Королёв,чат/группа,https://t.me/motokorolev_baraxolka,motokorolev_baraxolka,68,"да, это чат/группа",неизвестно,В открытой web-карточке условия публикации не указаны.,не указаны в web-карточке,малый размер аудитории; фактическая активность постов/онлайн не проверена web-источником,не удалось проверить без Telegram API / просмотра t.me/s,,tg-cat public search,https://tg-cat.com/@motokorolev_baraxolka,https://tg-cat.com/?search=%D0%BC%D0%BE%D1%82%D0%BE%20%D0%B1%D0%B0%D1%80%D0%B0%D1%85%D0%BE%D0%BB%D0%BA%D0%B0&type=supergroup&lang=en,мото барахолка
2026-07-05,Мототехника,Мототехника; Чаты купли-продажи,Не указано / другой регион,Мотобарахолка Одесса,чат/группа,https://t.me/motopartsod,motopartsod,65,"да, это чат/группа",неизвестно,В открытой web-карточке условия публикации не указаны.,не указаны в web-карточке,малый размер аудитории; фактическая активность постов/онлайн не проверена web-источником,не удалось проверить без Telegram API / просмотра t.me/s,"Добро пожаловать в «Мотобарахолку Одесса» — идеальное место для всех любителей мототехники! Здесь вы можете найти всё необходимое для вашего двухколёсного друга: от мотоциклов и скутеров до аксессуаров, зап",tg-cat public search,https://tg-cat.com/@motopartsod,https://tg-cat.com/?search=%D0%BC%D0%BE%D1%82%D0%BE%D1%82%D0%B5%D1%85%D0%BD%D0%B8%D0%BA%D0%B0&type=supergroup&lang=en,мототехника
2026-07-05,Чаты купли-продажи,Чаты купли-продажи,Не указано / другой регион,"Купить, продать авто Екатеринбург",канал,https://t.me/Ekaterinburg_Auto,Ekaterinburg_Auto,64,не удалось проверить web-источником,неизвестно,В открытой web-карточке условия публикации не указаны.,не указаны в web-карточке,малый размер аудитории; фактическая активность постов/онлайн не проверена web-источником,не удалось проверить без Telegram API / просмотра t.me/s,"🚗💰 Добро пожаловать на наш канал «Купить, продать авто Екатеринбург» — крупнейший рынок автомобилей в Телеграм! Здесь вы найдете лучшие предложения по продаже и покупке автомобилей в Екатеринбурге. Не упустите шанс стать частью автосообщества,",tg-cat public search,https://tg-cat.com/@Ekaterinburg_Auto,https://tg-cat.com/?search=%D0%BA%D1%83%D0%BF%D0%B8%D1%82%D1%8C%20%D0%BF%D1%80%D0%BE%D0%B4%D0%B0%D1%82%D1%8C%20%D0%B0%D0%B2%D1%82%D0%BE&type=channel&lang=en; https://tg-cat.com/?search=%D0%BF%D1%80%D0%BE%D0%B4%D0%B0%D0%B6%D0%B0%20%D0%B0%D0%B2%D1%82%D0%BE&type=channel&lang=en,купить продать авто; продажа авто
2026-07-05,Чаты купли-продажи,Чаты купли-продажи,Не указано / другой регион,"Купить, продать авто Самара",канал,https://t.me/SaleAutoSamara,SaleAutoSamara,64,не удалось проверить web-источником,неизвестно,В открытой web-карточке условия публикации не указаны.,не указаны в web-карточке,малый размер аудитории; фактическая активность постов/онлайн не проверена web-источником,не удалось проверить без Telegram API / просмотра t.me/s,"👋 Приветствую вас на нашем канале! Здесь вы найдете все, что нужно для покупки и продажи автомобилей в Самаре. 🚗 Это крупнейший рынок автомобилей в Телеграм, где вы сможете легко и быстро найти свой идеальный транспорт или выгодно продать ненужное авто",tg-cat public search,https://tg-cat.com/@SaleAutoSamara,https://tg-cat.com/?search=%D0%BA%D1%83%D0%BF%D0%B8%D1%82%D1%8C%20%D0%BF%D1%80%D0%BE%D0%B4%D0%B0%D1%82%D1%8C%20%D0%B0%D0%B2%D1%82%D0%BE&type=channel&lang=en; https://tg-cat.com/?search=%D0%BF%D1%80%D0%BE%D0%B4%D0%B0%D0%B6%D0%B0%20%D0%B0%D0%B2%D1%82%D0%BE&type=channel&lang=en,купить продать авто; продажа авто
2026-07-05,Мототехника,Мототехника; Чаты купли-продажи,Не указано / другой регион,МОТО БАРАХОЛКА SZV,чат/группа,https://t.me/szvmotobaraholka,szvmotobaraholka,57,"да, это чат/группа",неизвестно,В открытой web-карточке условия публикации не указаны.,не указаны в web-карточке,малый размер аудитории; фактическая активность постов/онлайн не проверена web-источником,не удалось проверить без Telegram API / просмотра t.me/s,,tg-cat public search,https://tg-cat.com/@szvmotobaraholka,https://tg-cat.com/?search=%D0%BC%D0%BE%D1%82%D0%BE%20%D0%B1%D0%B0%D1%80%D0%B0%D1%85%D0%BE%D0%BB%D0%BA%D0%B0&type=supergroup&lang=en,мото барахолка
2026-07-05,Мототехника,Мототехника; Чаты купли-продажи,Не указано / другой регион,Авто-мото барахолка (ИЗЮМ),чат/группа,https://t.me/auto_baraholka_izyum,auto_baraholka_izyum,55,"да, это чат/группа",неизвестно,В открытой web-карточке условия публикации не указаны.,не указаны в web-карточке,малый размер аудитории; фактическая активность постов/онлайн не проверена web-источником,не удалось проверить без Telegram API / просмотра t.me/s,,tg-cat public search,https://tg-cat.com/@auto_baraholka_izyum,https://tg-cat.com/?search=%D0%BC%D0%BE%D1%82%D0%BE%20%D0%B1%D0%B0%D1%80%D0%B0%D1%85%D0%BE%D0%BB%D0%BA%D0%B0&type=supergroup&lang=en,мото барахолка
2026-07-05,Чаты купли-продажи,Чаты купли-продажи,Не указано / другой регион,🇲🇨ПРОДАЖА АВТО В ПОЛЬШЕ🇲🇨,канал,https://t.me/tanieauto,tanieauto,55,не удалось проверить web-источником,неизвестно,В открытой web-карточке условия публикации не указаны.,не указаны в web-карточке,малый размер аудитории; фактическая активность постов/онлайн не проверена web-источником,не удалось проверить без Telegram API / просмотра t.me/s,,tg-cat public search,https://tg-cat.com/@tanieauto,https://tg-cat.com/?search=%D0%BF%D1%80%D0%BE%D0%B4%D0%B0%D0%B6%D0%B0%20%D0%B0%D0%B2%D1%82%D0%BE&type=channel&lang=en,продажа авто
2026-07-05,Чаты купли-продажи,Чаты купли-продажи,Не указано / другой регион,Авто/Лизинг/Продажа,канал,https://t.me/avtolizingkrd,avtolizingkrd,52,не удалось проверить web-источником,неизвестно,В открытой web-карточке условия публикации не указаны.,не указаны в web-карточке,малый размер аудитории; фактическая активность постов/онлайн не проверена web-источником,не удалось проверить без Telegram API / просмотра t.me/s,"Добро пожаловать на наш канал, посвященный авто, лизингу и продаже спецтехники! 💥 Здесь вы найдете полезную информацию и актуальные предложения для тех, кто работает со спецтехникой, управляет автопарками или просто ищет идеальный автомобиль",tg-cat public search,https://tg-cat.com/@avtolizingkrd,https://tg-cat.com/?search=%D0%BF%D1%80%D0%BE%D0%B4%D0%B0%D0%B6%D0%B0%20%D0%B0%D0%B2%D1%82%D0%BE&type=channel&lang=en,продажа авто
2026-07-05,Обмен автомобилей,Обмен автомобилей,Не указано / другой регион,Авторынок_ЦФО,канал,https://t.me/avtorynok_centr,avtorynok_centr,52,не удалось проверить web-источником,неизвестно,В открытой web-карточке условия публикации не указаны.,не указаны в web-карточке,малый размер аудитории; фактическая активность постов/онлайн не проверена web-источником,не удалось проверить без Telegram API / просмотра t.me/s,"**Авторынок ЦФО** – это ваша надежная онлайн площадка для покупки, обмена и продажи автомобилей в Центральном федеральном округе. Здесь вы сможете легко найти как новые, так и подержанные автомобили, а также разместить свои объявления о продаже или обмене.",tg-cat public search,https://tg-cat.com/@avtorynok_centr,https://tg-cat.com/?search=%D0%BE%D0%B1%D0%BC%D0%B5%D0%BD%20%D0%B0%D0%B2%D1%82%D0%BE%D0%BC%D0%BE%D0%B1%D0%B8%D0%BB%D0%B5%D0%B9&type=channel&lang=en,обмен автомобилей
2026-07-05,Мототехника,Мототехника; Чаты купли-продажи,Не указано / другой регион,"Мото барахолка, Муй-не.",чат/группа,https://t.me/motobaraholkamuine,motobaraholkamuine,50,"да, это чат/группа",неизвестно,В открытой web-карточке условия публикации не указаны.,не указаны в web-карточке,малый размер аудитории; фактическая активность постов/онлайн не проверена web-источником,не удалось проверить без Telegram API / просмотра t.me/s,,tg-cat public search,https://tg-cat.com/@motobaraholkamuine,https://tg-cat.com/?search=%D0%BC%D0%BE%D1%82%D0%BE%20%D0%B1%D0%B0%D1%80%D0%B0%D1%85%D0%BE%D0%BB%D0%BA%D0%B0&type=supergroup&lang=en,мото барахолка
2026-07-05,Мототехника,Мототехника; Чаты купли-продажи,Не указано / другой регион,Автобарахолка Кременчук Мотобарахолка Кременчук,канал,https://t.me/krmbaraholka,krmbaraholka,48,не удалось проверить web-источником,неизвестно,В открытой web-карточке условия публикации не указаны.,не указаны в web-карточке,малый размер аудитории; фактическая активность постов/онлайн не проверена web-источником,не удалось проверить без Telegram API / просмотра t.me/s,"Группа «Автобарахолка Кременчук» предназначена для продажи, обмена и покупки автомобилей, мотоциклов, запчастей и аксессуаров.",tg-cat public search,https://tg-cat.com/@krmbaraholka,https://tg-cat.com/?search=%D0%BF%D1%80%D0%BE%D0%B4%D0%B0%D0%B6%D0%B0%20%D0%BC%D0%BE%D1%82%D0%BE&type=channel&lang=en,продажа мото
2026-07-05,Чаты купли-продажи,Чаты купли-продажи,Не указано / другой регион,АВТО Куплю/продам. Бесплатный канал,чат/группа,https://t.me/utochatu,utochatu,45,"да, это чат/группа",неизвестно,В открытой web-карточке условия публикации не указаны.,не указаны в web-карточке,малый размер аудитории; фактическая активность постов/онлайн не проверена web-источником,не удалось проверить без Telegram API / просмотра t.me/s,,tg-cat public search,https://tg-cat.com/@utochatu,https://tg-cat.com/?search=%D0%BA%D1%83%D0%BF%D0%BB%D1%8E%20%D0%BF%D1%80%D0%BE%D0%B4%D0%B0%D0%BC%20%D0%B0%D0%B2%D1%82%D0%BE&type=supergroup&lang=en,куплю продам авто
2026-07-05,Чаты купли-продажи,Чаты купли-продажи,Не указано / другой регион,Объявления/Купи-продай/Барахолка Тольятти,канал,https://t.me/baraholka_tolyatti,baraholka_tolyatti,43,не удалось проверить web-источником,неизвестно,В открытой web-карточке условия публикации не указаны.,не указаны в web-карточке,малый размер аудитории; фактическая активность постов/онлайн не проверена web-источником,не удалось проверить без Telegram API / просмотра t.me/s,"🎉 Добро пожаловать на наш канал «Объявления Тольятти»! 🎉 Здесь, в самом сердце нашего города, вы найдете идеальную площадку для покупки и продажи всего, что только можно представить! 📦✨ Ищете качественную технику, авто или",tg-cat public search,https://tg-cat.com/@baraholka_tolyatti,https://tg-cat.com/?search=%D0%BA%D1%83%D0%BF%D0%B8%D1%82%D1%8C%20%D0%BF%D1%80%D0%BE%D0%B4%D0%B0%D1%82%D1%8C%20%D0%B0%D0%B2%D1%82%D0%BE&type=channel&lang=en,купить продать авто
2026-07-05,Обмен автомобилей,Обмен автомобилей; Чаты купли-продажи,Не указано / другой регион,Тачки Днепра (продажа-обмен авто),чат/группа,https://t.me/tachkidnepravin,tachkidnepravin,39,"да, это чат/группа",неизвестно,В открытой web-карточке условия публикации не указаны.,не указаны в web-карточке,малый размер аудитории; фактическая активность постов/онлайн не проверена web-источником,не удалось проверить без Telegram API / просмотра t.me/s,,tg-cat public search,https://tg-cat.com/@tachkidnepravin,https://tg-cat.com/?search=%D0%BE%D0%B1%D0%BC%D0%B5%D0%BD%20%D0%B0%D0%B2%D1%82%D0%BE&type=supergroup&lang=en,обмен авто
2026-07-05,Мототехника,Мототехника; Чаты купли-продажи,Не указано / другой регион,Мото барахолка Украины🛵🏍,чат/группа,https://t.me/motobaraholkaukr,motobaraholkaukr,38,"да, это чат/группа",неизвестно,В открытой web-карточке условия публикации не указаны.,не указаны в web-карточке,малый размер аудитории; фактическая активность постов/онлайн не проверена web-источником,не удалось проверить без Telegram API / просмотра t.me/s,,tg-cat public search,https://tg-cat.com/@motobaraholkaukr,https://tg-cat.com/?search=%D0%BC%D0%BE%D1%82%D0%BE%20%D0%B1%D0%B0%D1%80%D0%B0%D1%85%D0%BE%D0%BB%D0%BA%D0%B0&type=supergroup&lang=en,мото барахолка
2026-07-05,Мототехника,Мототехника; Чаты купли-продажи,Не указано / другой регион,Мото 🏍 Барахолка 🛵 Сочи,чат/группа,https://t.me/motobaraholkasochi,motobaraholkasochi,38,"да, это чат/группа",неизвестно,В открытой web-карточке условия публикации не указаны.,не указаны в web-карточке,малый размер аудитории; фактическая активность постов/онлайн не проверена web-источником,не удалось проверить без Telegram API / просмотра t.me/s,,tg-cat public search,https://tg-cat.com/@motobaraholkasochi,https://tg-cat.com/?search=%D0%BC%D0%BE%D1%82%D0%BE%20%D0%B1%D0%B0%D1%80%D0%B0%D1%85%D0%BE%D0%BB%D0%BA%D0%B0&type=supergroup&lang=en,мото барахолка
2026-07-05,Мототехника,Мототехника; Чаты купли-продажи,Не указано / другой регион,"Автозапчасти, Продажа авто-мото, Объявления,Херсонская ...",чат/группа,https://t.me/avtozapchasti_avtorinok,avtozapchasti_avtorinok,37,"да, это чат/группа",неизвестно,В открытой web-карточке условия публикации не указаны.,не указаны в web-карточке,малый размер аудитории; фактическая активность постов/онлайн не проверена web-источником,не удалось проверить без Telegram API / просмотра t.me/s,"🌟 Ищете автозапчасти или хотите продать авто? 🚗💨 Наши объявления в Херсонской и Запорожской области помогут вам найти всё необходимое! Обмен, продажа и любые авто-мото предложения — добро пожаловать! 🛠️",tg-cat public search,https://tg-cat.com/@avtozapchasti_avtorinok,https://tg-cat.com/?search=%D0%BF%D1%80%D0%BE%D0%B4%D0%B0%D0%B6%D0%B0%20%D0%BC%D0%BE%D1%82%D0%BE&type=supergroup&lang=en,продажа мото
2026-07-05,Чаты купли-продажи,Чаты купли-продажи,Не указано / другой регион,"Авто чат Канада 🚘 (куплю , продам, поменяю )",чат/группа,https://t.me/avto_buy_sell_kanada,avto_buy_sell_kanada,36,"да, это чат/группа",неизвестно,В открытой web-карточке условия публикации не указаны.,не указаны в web-карточке,малый размер аудитории; фактическая активность постов/онлайн не проверена web-источником,не удалось проверить без Telegram API / просмотра t.me/s,,tg-cat public search,https://tg-cat.com/@avto_buy_sell_kanada,https://tg-cat.com/?search=%D0%BA%D1%83%D0%BF%D0%BB%D1%8E%20%D0%BF%D1%80%D0%BE%D0%B4%D0%B0%D0%BC%20%D0%B0%D0%B2%D1%82%D0%BE&type=supergroup&lang=en,куплю продам авто
2026-07-05,Обмен автомобилей,Обмен автомобилей; Чаты купли-продажи,Не указано / другой регион,"АВТО-ПРОДАЖА , ОБМЕН , NOVAYA IGIRMA",чат/группа,https://t.me/igirmaavtoprodazha,igirmaavtoprodazha,35,"да, это чат/группа",неизвестно,В открытой web-карточке условия публикации не указаны.,не указаны в web-карточке,малый размер аудитории; фактическая активность постов/онлайн не проверена web-источником,не удалось проверить без Telegram API / просмотра t.me/s,,tg-cat public search,https://tg-cat.com/@igirmaavtoprodazha,https://tg-cat.com/?search=%D0%BE%D0%B1%D0%BC%D0%B5%D0%BD%20%D0%B0%D0%B2%D1%82%D0%BE&type=supergroup&lang=en,обмен авто
2026-07-05,Чаты купли-продажи,Чаты купли-продажи,Не указано / другой регион,Продажа б/у Авто,канал,https://t.me/avto_by_russia,avto_by_russia,35,не удалось проверить web-источником,неизвестно,В открытой web-карточке условия публикации не указаны.,не указаны в web-карточке,малый размер аудитории; фактическая активность постов/онлайн не проверена web-источником,не удалось проверить без Telegram API / просмотра t.me/s,,tg-cat public search,https://tg-cat.com/@avto_by_russia,https://tg-cat.com/?search=%D0%BF%D1%80%D0%BE%D0%B4%D0%B0%D0%B6%D0%B0%20%D0%B0%D0%B2%D1%82%D0%BE&type=channel&lang=en,продажа авто
2026-07-05,Авто ниже рынка,Авто ниже рынка; Чаты купли-продажи,Не указано / другой регион,АВТОРЫНОК ЙОШКАР-ОЛА,чат/группа,https://t.me/avtorynok12,avtorynok12,34,"да, это чат/группа",неизвестно,В открытой web-карточке условия публикации не указаны.,не указаны в web-карточке,малый размер аудитории; фактическая активность постов/онлайн не проверена web-источником,не удалось проверить без Telegram API / просмотра t.me/s,,tg-cat public search,https://tg-cat.com/@avtorynok12,https://tg-cat.com/?search=%D0%B0%D0%B2%D1%82%D0%BE%20%D0%BD%D0%B8%D0%B6%D0%B5%20%D1%80%D1%8B%D0%BD%D0%BA%D0%B0&type=supergroup&lang=en; https://tg-cat.com/?search=%D0%BD%D0%B8%D0%B6%D0%B5%20%D1%80%D1%8B%D0%BD%D0%BA%D0%B0%20%D0%B0%D0%B2%D1%82%D0%BE&type=supergroup&lang=en,авто ниже рынка; ниже рынка авто
2026-07-05,Авто ниже рынка,Авто ниже рынка; Чаты купли-продажи,Не указано / другой регион,#АВТОРЫНОК UFA И РБ ВЫКУП АВТО ПРОДАЖА,чат/группа,https://t.me/avtoufa00,avtoufa00,33,"да, это чат/группа",неизвестно,В открытой web-карточке условия публикации не указаны.,не указаны в web-карточке,малый размер аудитории; фактическая активность постов/онлайн не проверена web-источником,не удалось проверить без Telegram API / просмотра t.me/s,,tg-cat public search,https://tg-cat.com/@avtoufa00,https://tg-cat.com/?search=%D0%B0%D0%B2%D1%82%D0%BE%20%D0%BD%D0%B8%D0%B6%D0%B5%20%D1%80%D1%8B%D0%BD%D0%BA%D0%B0&type=supergroup&lang=en; https://tg-cat.com/?search=%D0%BD%D0%B8%D0%B6%D0%B5%20%D1%80%D1%8B%D0%BD%D0%BA%D0%B0%20%D0%B0%D0%B2%D1%82%D0%BE&type=supergroup&lang=en,авто ниже рынка; ниже рынка авто
2026-07-05,Мототехника,Мототехника; Чаты купли-продажи,Не указано / другой регион,Куплю-Продам Мотоциклы ДНР,чат/группа,https://t.me/motoo_dnr,motoo_dnr,32,"да, это чат/группа",неизвестно,В открытой web-карточке условия публикации не указаны.,не указаны в web-карточке,малый размер аудитории; фактическая активность постов/онлайн не проверена web-источником,не удалось проверить без Telegram API / просмотра t.me/s,,tg-cat public search,https://tg-cat.com/@motoo_dnr,https://tg-cat.com/?search=%D0%BC%D0%BE%D1%82%D0%BE%D1%86%D0%B8%D0%BA%D0%BB%D1%8B&type=supergroup&lang=en,мотоциклы
2026-07-05,Мототехника,Мототехника; Чаты купли-продажи,Не указано / другой регион,Мото запчасти-Мотоциклы-Барахолка ДНР,чат/группа,https://t.me/motizapydnr,motizapydnr,32,"да, это чат/группа",неизвестно,В открытой web-карточке условия публикации не указаны.,не указаны в web-карточке,малый размер аудитории; фактическая активность постов/онлайн не проверена web-источником,не удалось проверить без Telegram API / просмотра t.me/s,,tg-cat public search,https://tg-cat.com/@motizapydnr,https://tg-cat.com/?search=%D0%BC%D0%BE%D1%82%D0%BE%20%D0%B1%D0%B0%D1%80%D0%B0%D1%85%D0%BE%D0%BB%D0%BA%D0%B0&type=supergroup&lang=en; https://tg-cat.com/?search=%D0%BC%D0%BE%D1%82%D0%BE%D1%86%D0%B8%D0%BA%D0%BB%D1%8B&type=supergroup&lang=en,мото барахолка; мотоциклы
2026-07-05,Мототехника,Мототехника; Чаты купли-продажи,Не указано / другой регион,"Паттайя аренда авто, мото, барахолка.",чат/группа,https://t.me/pattaya_avtomoto,pattaya_avtomoto,28,"да, это чат/группа",неизвестно,В открытой web-карточке условия публикации не указаны.,не указаны в web-карточке,малый размер аудитории; фактическая активность постов/онлайн не проверена web-источником,не удалось проверить без Telegram API / просмотра t.me/s,"Добро пожаловать в захватывающий мир аренды автомобилей и мотоциклов в Паттайе! 🌴 Здесь вы найдете широкий выбор транспортных средств — от удобных скутеров до мощных мотоциклов и современных автомобилей, которые помогут вам исследовать этот удивительный",tg-cat public search,https://tg-cat.com/@pattaya_avtomoto,https://tg-cat.com/?search=%D0%BC%D0%BE%D1%82%D0%BE%20%D0%B1%D0%B0%D1%80%D0%B0%D1%85%D0%BE%D0%BB%D0%BA%D0%B0&type=supergroup&lang=en,мото барахолка
2026-07-05,Обмен автомобилей,Обмен автомобилей; Чаты купли-продажи,Не указано / другой регион,"АвтоБазар Славянск, Краматорск",чат/группа,https://t.me/avtoslavyansk,avtoslavyansk,26,"да, это чат/группа",неизвестно,В открытой web-карточке условия публикации не указаны.,не указаны в web-карточке,малый размер аудитории; фактическая активность постов/онлайн не проверена web-источником,не удалось проверить без Telegram API / просмотра t.me/s,,tg-cat public search,https://tg-cat.com/@avtoslavyansk,https://tg-cat.com/?search=%D0%BA%D1%83%D0%BF%D0%BB%D1%8F%20%D0%BF%D1%80%D0%BE%D0%B4%D0%B0%D0%B6%D0%B0%20%D0%BE%D0%B1%D0%BC%D0%B5%D0%BD%20%D0%B0%D0%B2%D1%82%D0%BE&type=supergroup&lang=en,купля продажа обмен авто
2026-07-05,Мототехника,Мототехника; Чаты купли-продажи,Не указано / другой регион,"Купить продать АВТО, МОТО Мариуполь.",чат/группа,https://t.me/maravto17,maravto17,25,"да, это чат/группа",неизвестно,В открытой web-карточке условия публикации не указаны.,не указаны в web-карточке,малый размер аудитории; фактическая активность постов/онлайн не проверена web-источником,не удалось проверить без Telegram API / просмотра t.me/s,,tg-cat public search,https://tg-cat.com/@maravto17,https://tg-cat.com/?search=%D0%BA%D1%83%D0%BF%D0%B8%D1%82%D1%8C%20%D0%BF%D1%80%D0%BE%D0%B4%D0%B0%D1%82%D1%8C%20%D0%B0%D0%B2%D1%82%D0%BE&type=supergroup&lang=en; https://tg-cat.com/?search=%D0%BF%D1%80%D0%BE%D0%B4%D0%B0%D0%B6%D0%B0%20%D0%BC%D0%BE%D1%82%D0%BE&type=supergroup&lang=en,купить продать авто; продажа мото
2026-07-05,Чаты купли-продажи,Чаты купли-продажи,Не указано / другой регион,АВТО/ЗАПЧАСТИ/КУПЛЮ/ПРОДАМ,чат/группа,https://t.me/lenavtozap4astspb,lenavtozap4astspb,23,"да, это чат/группа",неизвестно,В открытой web-карточке условия публикации не указаны.,не указаны в web-карточке,малый размер аудитории; фактическая активность постов/онлайн не проверена web-источником,не удалось проверить без Telegram API / просмотра t.me/s,,tg-cat public search,https://tg-cat.com/@lenavtozap4astspb,https://tg-cat.com/?search=%D0%BA%D1%83%D0%BF%D0%BB%D1%8E%20%D0%BF%D1%80%D0%BE%D0%B4%D0%B0%D0%BC%20%D0%B0%D0%B2%D1%82%D0%BE&type=supergroup&lang=en,куплю продам авто
2026-07-05,Мототехника,Мототехника; Чаты купли-продажи,Не указано / другой регион,Мото барахолка Каменск-Уральский,чат/группа,https://t.me/baraxlo96,baraxlo96,23,"да, это чат/группа",неизвестно,В открытой web-карточке условия публикации не указаны.,не указаны в web-карточке,малый размер аудитории; фактическая активность постов/онлайн не проверена web-источником,не удалось проверить без Telegram API / просмотра t.me/s,,tg-cat public search,https://tg-cat.com/@baraxlo96,https://tg-cat.com/?search=%D0%BC%D0%BE%D1%82%D0%BE%20%D0%B1%D0%B0%D1%80%D0%B0%D1%85%D0%BE%D0%BB%D0%BA%D0%B0&type=supergroup&lang=en,мото барахолка
2026-07-05,Мототехника,Мототехника; Чаты купли-продажи,Россия / не указано точнее,Продажа АВТО-МОТО РФ,чат/группа,https://t.me/avtomotorsrf,avtomotorsrf,23,"да, это чат/группа",неизвестно,В открытой web-карточке условия публикации не указаны.,не указаны в web-карточке,малый размер аудитории; фактическая активность постов/онлайн не проверена web-источником,не удалось проверить без Telegram API / просмотра t.me/s,,tg-cat public search,https://tg-cat.com/@avtomotorsrf,https://tg-cat.com/?search=%D0%BF%D1%80%D0%BE%D0%B4%D0%B0%D0%B6%D0%B0%20%D0%BC%D0%BE%D1%82%D0%BE&type=supergroup&lang=en,продажа мото
2026-07-05,Мототехника,Мототехника; Чаты купли-продажи,Не указано / другой регион,Мото барахолка Шатрово и район,чат/группа,https://t.me/motoshatrovo,motoshatrovo,21,"да, это чат/группа",неизвестно,В открытой web-карточке условия публикации не указаны.,не указаны в web-карточке,малый размер аудитории; фактическая активность постов/онлайн не проверена web-источником,не удалось проверить без Telegram API / просмотра t.me/s,,tg-cat public search,https://tg-cat.com/@motoshatrovo,https://tg-cat.com/?search=%D0%BC%D0%BE%D1%82%D0%BE%20%D0%B1%D0%B0%D1%80%D0%B0%D1%85%D0%BE%D0%BB%D0%BA%D0%B0&type=supergroup&lang=en,мото барахолка
2026-07-05,Обмен автомобилей,Обмен автомобилей; Чаты купли-продажи,Не указано / другой регион,Авто Рынок Михайловка134 Купи Продай Обменяй,чат/группа,https://t.me/automarketmikhailovka134,automarketmikhailovka134,18,"да, это чат/группа",неизвестно,В открытой web-карточке условия публикации не указаны.,не указаны в web-карточке,малый размер аудитории; фактическая активность постов/онлайн не проверена web-источником,не удалось проверить без Telegram API / просмотра t.me/s,,tg-cat public search,https://tg-cat.com/@automarketmikhailovka134,https://tg-cat.com/?search=%D0%BE%D0%B1%D0%BC%D0%B5%D0%BD%20%D0%B0%D0%B2%D1%82%D0%BE&type=supergroup&lang=en,обмен авто
2026-07-05,Обмен автомобилей,Обмен автомобилей; Чаты купли-продажи,Не указано / другой регион,✔авто г.Костюковичи✔ 💰продажа💲 🔥обмен🔥 💥запчасти💥,чат/группа,https://t.me/avto_kst,avto_kst,18,"да, это чат/группа",неизвестно,В открытой web-карточке условия публикации не указаны.,не указаны в web-карточке,малый размер аудитории; фактическая активность постов/онлайн не проверена web-источником,не удалось проверить без Telegram API / просмотра t.me/s,,tg-cat public search,https://tg-cat.com/@avto_kst,https://tg-cat.com/?search=%D0%BE%D0%B1%D0%BC%D0%B5%D0%BD%20%D0%B0%D0%B2%D1%82%D0%BE&type=supergroup&lang=en,обмен авто
2026-07-05,Авто ниже рынка,Авто ниже рынка; Чаты купли-продажи,Не указано / другой регион,Авторынок Чувашия-Йошкар-Ола-Казань,чат/группа,https://t.me/avtosallle,avtosallle,17,"да, это чат/группа",неизвестно,В открытой web-карточке условия публикации не указаны.,не указаны в web-карточке,малый размер аудитории; фактическая активность постов/онлайн не проверена web-источником,не удалось проверить без Telegram API / просмотра t.me/s,,tg-cat public search,https://tg-cat.com/@avtosallle,https://tg-cat.com/?search=%D0%B0%D0%B2%D1%82%D0%BE%20%D0%BF%D0%BE%20%D0%BD%D0%B8%D0%B7%D1%83%20%D1%80%D1%8B%D0%BD%D0%BA%D0%B0&type=supergroup&lang=en; https://tg-cat.com/?search=%D0%BF%D0%BE%20%D0%BD%D0%B8%D0%B7%D1%83%20%D1%80%D1%8B%D0%BD%D0%BA%D0%B0&type=supergroup&lang=en,авто по низу рынка; по низу рынка
2026-07-05,Мототехника,Мототехника; Чаты купли-продажи,Не указано / другой регион,Канск/продажа/Авто/мото/техники),чат/группа,https://t.me/avtokansk124,avtokansk124,17,"да, это чат/группа",неизвестно,В открытой web-карточке условия публикации не указаны.,не указаны в web-карточке,малый размер аудитории; фактическая активность постов/онлайн не проверена web-источником,не удалось проверить без Telegram API / просмотра t.me/s,,tg-cat public search,https://tg-cat.com/@avtokansk124,https://tg-cat.com/?search=%D0%BF%D1%80%D0%BE%D0%B4%D0%B0%D0%B6%D0%B0%20%D0%BC%D0%BE%D1%82%D0%BE&type=supergroup&lang=en,продажа мото
2026-07-05,Чаты купли-продажи,Чаты купли-продажи,Не указано / другой регион,АВТО ПРОДАЖА КУПЛЯ ПРОДАЖА,чат/группа,https://t.me/kuplyaprodajakg,kuplyaprodajakg,16,"да, это чат/группа",неизвестно,В открытой web-карточке условия публикации не указаны.,не указаны в web-карточке,малый размер аудитории; фактическая активность постов/онлайн не проверена web-источником,не удалось проверить без Telegram API / просмотра t.me/s,,tg-cat public search,https://tg-cat.com/@kuplyaprodajakg,https://tg-cat.com/?search=%D0%BA%D1%83%D0%BF%D0%BB%D1%8E%20%D0%BF%D1%80%D0%BE%D0%B4%D0%B0%D0%BC%20%D0%B0%D0%B2%D1%82%D0%BE&type=supergroup&lang=en,куплю продам авто
2026-07-05,Мототехника,Мототехника; Чаты купли-продажи,Не указано / другой регион,Мото/Барахолка Новониколаевка,чат/группа,https://t.me/motohovahikol,motohovahikol,14,"да, это чат/группа",неизвестно,В открытой web-карточке условия публикации не указаны.,не указаны в web-карточке,малый размер аудитории; фактическая активность постов/онлайн не проверена web-источником,не удалось проверить без Telegram API / просмотра t.me/s,,tg-cat public search,https://tg-cat.com/@motohovahikol,https://tg-cat.com/?search=%D0%BC%D0%BE%D1%82%D0%BE%20%D0%B1%D0%B0%D1%80%D0%B0%D1%85%D0%BE%D0%BB%D0%BA%D0%B0&type=supergroup&lang=en,мото барахолка
2026-07-05,Обмен автомобилей,Обмен автомобилей; Чаты купли-продажи,Не указано / другой регион,ОБМЕН АВТО БЕЗ ДОПЛАТ,чат/группа,https://t.me/avto_bez_doplat,avto_bez_doplat,13,"да, это чат/группа",неизвестно,В открытой web-карточке условия публикации не указаны.,не указаны в web-карточке,малый размер аудитории; фактическая активность постов/онлайн не проверена web-источником,не удалось проверить без Telegram API / просмотра t.me/s,,tg-cat public search,https://tg-cat.com/@avto_bez_doplat,https://tg-cat.com/?search=%D0%BE%D0%B1%D0%BC%D0%B5%D0%BD%20%D0%B0%D0%B2%D1%82%D0%BE&type=supergroup&lang=en,обмен авто
2026-07-05,Чаты купли-продажи,Чаты купли-продажи,Не указано / другой регион,"Продажа, покупка авто🚖",канал,https://t.me/avtowukup,avtowukup,13,не удалось проверить web-источником,неизвестно,В открытой web-карточке условия публикации не указаны.,не указаны в web-карточке,малый размер аудитории; фактическая активность постов/онлайн не проверена web-источником,не удалось проверить без Telegram API / просмотра t.me/s,,tg-cat public search,https://tg-cat.com/@avtowukup,https://tg-cat.com/?search=%D0%BF%D1%80%D0%BE%D0%B4%D0%B0%D0%B6%D0%B0%20%D0%B0%D0%B2%D1%82%D0%BE&type=channel&lang=en,продажа авто
2026-07-05,Обмен автомобилей,Обмен автомобилей; Чаты купли-продажи,Не указано / другой регион,"Авто: продажа, обмен, сервис, запчасти для авто. Оригин...",чат/группа,https://t.me/buyan_cars_service,buyan_cars_service,12,"да, это чат/группа",неизвестно,В открытой web-карточке условия публикации не указаны.,не указаны в web-карточке,малый размер аудитории; фактическая активность постов/онлайн не проверена web-источником,не удалось проверить без Telegram API / просмотра t.me/s,,tg-cat public search,https://tg-cat.com/@buyan_cars_service,https://tg-cat.com/?search=%D0%BE%D0%B1%D0%BC%D0%B5%D0%BD%20%D0%B0%D0%B2%D1%82%D0%BE&type=supergroup&lang=en,обмен авто
2026-07-05,Чаты купли-продажи,Чаты купли-продажи,Не указано / другой регион,Авто | Куплю | Продам | Одесса,чат/группа,https://t.me/avtouspeh,avtouspeh,11,"да, это чат/группа",неизвестно,В открытой web-карточке условия публикации не указаны.,не указаны в web-карточке,малый размер аудитории; фактическая активность постов/онлайн не проверена web-источником,не удалось проверить без Telegram API / просмотра t.me/s,,tg-cat public search,https://tg-cat.com/@avtouspeh,https://tg-cat.com/?search=%D0%BA%D1%83%D0%BF%D0%BB%D1%8E%20%D0%BF%D1%80%D0%BE%D0%B4%D0%B0%D0%BC%20%D0%B0%D0%B2%D1%82%D0%BE&type=supergroup&lang=en,куплю продам авто
2026-07-05,Мототехника,Мототехника; Чаты купли-продажи,Не указано / другой регион,Мото барахолка 🛵🔥,чат/группа,https://t.me/motovykup_konotop,motovykup_konotop,11,"да, это чат/группа",неизвестно,В открытой web-карточке условия публикации не указаны.,не указаны в web-карточке,малый размер аудитории; фактическая активность постов/онлайн не проверена web-источником,не удалось проверить без Telegram API / просмотра t.me/s,,tg-cat public search,https://tg-cat.com/@motovykup_konotop,https://tg-cat.com/?search=%D0%BC%D0%BE%D1%82%D0%BE%20%D0%B1%D0%B0%D1%80%D0%B0%D1%85%D0%BE%D0%BB%D0%BA%D0%B0&type=supergroup&lang=en,мото барахолка
2026-07-05,Мототехника,Мототехника; Чаты купли-продажи,Не указано / другой регион,Мото продаж UA,чат/группа,https://t.me/motosh0pua,motosh0pua,11,"да, это чат/группа",неизвестно,В открытой web-карточке условия публикации не указаны.,не указаны в web-карточке,малый размер аудитории; фактическая активность постов/онлайн не проверена web-источником,не удалось проверить без Telegram API / просмотра t.me/s,,tg-cat public search,https://tg-cat.com/@motosh0pua,https://tg-cat.com/?search=%D0%BF%D1%80%D0%BE%D0%B4%D0%B0%D0%B6%D0%B0%20%D0%BC%D0%BE%D1%82%D0%BE&type=supergroup&lang=en,продажа мото
2026-07-05,Авто ниже рынка,Авто ниже рынка; Чаты купли-продажи,Не указано / другой регион,БОРТЖУРНАЛ | АВТОРЫНОК - продать / купить / срочный вык...,чат/группа,https://t.me/autojournalrf_market,autojournalrf_market,10,"да, это чат/группа",неизвестно,В открытой web-карточке условия публикации не указаны.,не указаны в web-карточке,малый размер аудитории; фактическая активность постов/онлайн не проверена web-источником,не удалось проверить без Telegram API / просмотра t.me/s,,tg-cat public search,https://tg-cat.com/@autojournalrf_market,https://tg-cat.com/?search=%D0%B0%D0%B2%D1%82%D0%BE%20%D0%BF%D0%BE%20%D0%BD%D0%B8%D0%B7%D1%83%20%D1%80%D1%8B%D0%BD%D0%BA%D0%B0&type=supergroup&lang=en; https://tg-cat.com/?search=%D0%BF%D0%BE%20%D0%BD%D0%B8%D0%B7%D1%83%20%D1%80%D1%8B%D0%BD%D0%BA%D0%B0&type=supergroup&lang=en,авто по низу рынка; по низу рынка
2026-07-05,Обмен автомобилей,Обмен автомобилей; Чаты купли-продажи,Не указано / другой регион,Обмен авто и недвижимости,чат/группа,https://t.me/obmenavto24na4000,obmenavto24na4000,10,"да, это чат/группа",неизвестно,В открытой web-карточке условия публикации не указаны.,не указаны в web-карточке,малый размер аудитории; фактическая активность постов/онлайн не проверена web-источником,не удалось проверить без Telegram API / просмотра t.me/s,,tg-cat public search,https://tg-cat.com/@obmenavto24na4000,https://tg-cat.com/?search=%D0%BE%D0%B1%D0%BC%D0%B5%D0%BD%20%D0%B0%D0%B2%D1%82%D0%BE&type=supergroup&lang=en,обмен авто
2026-07-05,Авто ниже рынка,Авто ниже рынка; Чаты купли-продажи,Не указано / другой регион,"Авто,покупка-продажа, ниже рынка, Чебоксары",чат/группа,https://t.me/avto21ceb,avto21ceb,9,"да, это чат/группа",неизвестно,В открытой web-карточке условия публикации не указаны.,не указаны в web-карточке,малый размер аудитории; фактическая активность постов/онлайн не проверена web-источником,не удалось проверить без Telegram API / просмотра t.me/s,,tg-cat public search,https://tg-cat.com/@avto21ceb,https://tg-cat.com/?search=%D0%B0%D0%B2%D1%82%D0%BE%20%D0%BD%D0%B8%D0%B6%D0%B5%20%D1%80%D1%8B%D0%BD%D0%BA%D0%B0&type=supergroup&lang=en; https://tg-cat.com/?search=%D0%BD%D0%B8%D0%B6%D0%B5%20%D1%80%D1%8B%D0%BD%D0%BA%D0%B0%20%D0%B0%D0%B2%D1%82%D0%BE&type=supergroup&lang=en,авто ниже рынка; ниже рынка авто
2026-07-05,Мототехника,Мототехника; Чаты купли-продажи,Не указано / другой регион,Мото-барахолка Україна 🇺🇦,чат/группа,https://t.me/moto_baraholka_ua,moto_baraholka_ua,9,"да, это чат/группа",неизвестно,В открытой web-карточке условия публикации не указаны.,не указаны в web-карточке,малый размер аудитории; фактическая активность постов/онлайн не проверена web-источником,не удалось проверить без Telegram API / просмотра t.me/s,,tg-cat public search,https://tg-cat.com/@moto_baraholka_ua,https://tg-cat.com/?search=%D0%BC%D0%BE%D1%82%D0%BE%20%D0%B1%D0%B0%D1%80%D0%B0%D1%85%D0%BE%D0%BB%D0%BA%D0%B0&type=supergroup&lang=en,мото барахолка
2026-07-05,Мототехника,Мототехника; Чаты купли-продажи,Не указано / другой регион,Авто-мото барахолка Дебальцево,чат/группа,https://t.me/avtomotobaraholkadebalcevo,avtomotobaraholkadebalcevo,8,"да, это чат/группа",неизвестно,В открытой web-карточке условия публикации не указаны.,не указаны в web-карточке,малый размер аудитории; фактическая активность постов/онлайн не проверена web-источником,не удалось проверить без Telegram API / просмотра t.me/s,,tg-cat public search,https://tg-cat.com/@avtomotobaraholkadebalcevo,https://tg-cat.com/?search=%D0%BC%D0%BE%D1%82%D0%BE%20%D0%B1%D0%B0%D1%80%D0%B0%D1%85%D0%BE%D0%BB%D0%BA%D0%B0&type=supergroup&lang=en,мото барахолка
2026-07-05,Авто ниже рынка,Авто ниже рынка; Чаты купли-продажи,Не указано / другой регион,"Продажа авто, от банкротов, с зазором до рынка.",чат/группа,https://t.me/depytat123,depytat123,8,"да, это чат/группа",неизвестно,В открытой web-карточке условия публикации не указаны.,не указаны в web-карточке,малый размер аудитории; фактическая активность постов/онлайн не проверена web-источником,не удалось проверить без Telegram API / просмотра t.me/s,,tg-cat public search,https://tg-cat.com/@depytat123,https://tg-cat.com/?search=%D0%B0%D0%B2%D1%82%D0%BE%20%D0%BF%D0%BE%20%D0%BD%D0%B8%D0%B7%D1%83%20%D1%80%D1%8B%D0%BD%D0%BA%D0%B0&type=supergroup&lang=en; https://tg-cat.com/?search=%D0%BF%D0%BE%20%D0%BD%D0%B8%D0%B7%D1%83%20%D1%80%D1%8B%D0%BD%D0%BA%D0%B0&type=supergroup&lang=en,авто по низу рынка; по низу рынка
2026-07-05,Мототехника,Мототехника; Чаты купли-продажи,Не указано / другой регион,Мото/Барахолка/Новониколаевка,чат/группа,https://t.me/motobaroxlo,motobaroxlo,7,"да, это чат/группа",неизвестно,В открытой web-карточке условия публикации не указаны.,не указаны в web-карточке,малый размер аудитории; фактическая активность постов/онлайн не проверена web-источником,не удалось проверить без Telegram API / просмотра t.me/s,,tg-cat public search,https://tg-cat.com/@motobaroxlo,https://tg-cat.com/?search=%D0%BC%D0%BE%D1%82%D0%BE%20%D0%B1%D0%B0%D1%80%D0%B0%D1%85%D0%BE%D0%BB%D0%BA%D0%B0&type=supergroup&lang=en,мото барахолка
2026-07-05,Мототехника,Мототехника; Чаты купли-продажи,Не указано / другой регион,Куплю продам в Новосибирске.,канал,https://t.me/nso2000,nso2000,6,не удалось проверить web-источником,неизвестно,В открытой web-карточке условия публикации не указаны.,не указаны в web-карточке,малый размер аудитории; фактическая активность постов/онлайн не проверена web-источником,не удалось проверить без Telegram API / просмотра t.me/s,"Добро пожаловать на наш канал ""Куплю, продам в Новосибирске""! Здесь вы найдете самые свежие и выгодные объявления о продаже и покупке всего, что только можно представить. Ищете уютную квартиру, дачу мечты или надежный автомобиль? А может быть,",tg-cat public search,https://tg-cat.com/@nso2000,https://tg-cat.com/?search=%D0%BF%D1%80%D0%BE%D0%B4%D0%B0%D0%B6%D0%B0%20%D0%BC%D0%BE%D1%82%D0%BE&type=channel&lang=en,продажа мото
2026-07-05,Авторынки Москвы,Чаты купли-продажи,Не указано / другой регион,Авто из США 🚗🚙🛻покупка / продажа в пути,чат/группа,https://t.me/eximauto,eximauto,5,"да, это чат/группа",неизвестно,В открытой web-карточке условия публикации не указаны.,не указаны в web-карточке,малый размер аудитории; фактическая активность постов/онлайн не проверена web-источником,не удалось проверить без Telegram API / просмотра t.me/s,,tg-cat public search,https://tg-cat.com/@eximauto,https://tg-cat.com/?search=%D0%BF%D1%80%D0%BE%D0%B4%D0%B0%D0%B6%D0%B0%20%D0%B0%D0%B2%D1%82%D0%BE%20%D0%BC%D0%BE%D1%81%D0%BA%D0%B2%D0%B0&type=supergroup&lang=en,продажа авто москва
2026-07-05,Мототехника,Мототехника; Чаты купли-продажи,Не указано / другой регион,мото барахолка UA,чат/группа,https://t.me/ogoloshenyaua,ogoloshenyaua,4,"да, это чат/группа",неизвестно,В открытой web-карточке условия публикации не указаны.,не указаны в web-карточке,малый размер аудитории; фактическая активность постов/онлайн не проверена web-источником,не удалось проверить без Telegram API / просмотра t.me/s,,tg-cat public search,https://tg-cat.com/@ogoloshenyaua,https://tg-cat.com/?search=%D0%BC%D0%BE%D1%82%D0%BE%20%D0%B1%D0%B0%D1%80%D0%B0%D1%85%D0%BE%D0%BB%D0%BA%D0%B0&type=supergroup&lang=en,мото барахолка
2026-07-05,Мототехника,Мототехника; Чаты купли-продажи,Не указано / другой регион,Мото барахолка Киев,чат/группа,https://t.me/moto_baraholka,moto_baraholka,4,"да, это чат/группа",неизвестно,В открытой web-карточке условия публикации не указаны.,не указаны в web-карточке,малый размер аудитории; фактическая активность постов/онлайн не проверена web-источником,не удалось проверить без Telegram API / просмотра t.me/s,,tg-cat public search,https://tg-cat.com/@moto_baraholka,https://tg-cat.com/?search=%D0%BC%D0%BE%D1%82%D0%BE%20%D0%B1%D0%B0%D1%80%D0%B0%D1%85%D0%BE%D0%BB%D0%BA%D0%B0&type=supergroup&lang=en,мото барахолка
2026-07-05,Мототехника,Мототехника; Чаты купли-продажи,Не указано / другой регион,Продажа Мототехники Марий-Эл🏍,чат/группа,https://t.me/prodajamototexnikimariel,prodajamototexnikimariel,4,"да, это чат/группа",неизвестно,В открытой web-карточке условия публикации не указаны.,не указаны в web-карточке,малый размер аудитории; фактическая активность постов/онлайн не проверена web-источником,не удалось проверить без Telegram API / просмотра t.me/s,,tg-cat public search,https://tg-cat.com/@prodajamototexnikimariel,https://tg-cat.com/?search=%D0%BC%D0%BE%D1%82%D0%BE%D1%82%D0%B5%D1%85%D0%BD%D0%B8%D0%BA%D0%B0&type=supergroup&lang=en,мототехника
